elevation,slope,aspect,curvature,landcover_class,latitude,longitude,district,initiation_year,triggering,label
1554.9169921875,23.938865661621094,134.0121612548828,0.0022596239577978,50,25.4013,91.45855,West Khasi Hills,0.0,,1
35.177337646484375,5.3113789558410645,355.7179870605469,0.001012308057397604,10,25.88072132316619,90.11401182148292,background,,background,0
1447.53271484375,7.779297351837158,295.6661071777344,0.0054920492693781,10,25.57822,91.86545,East Khasi Hills,0.0,,1
51.3649787902832,0.4061201214790344,339.29815673828125,0.0004111693997401744,40,26.13716361616745,92.13402914027748,background,,background,0
97.8165512084961,11.689658164978027,152.61016845703125,0.0073119192384183,10,26.022094,91.832906,Ri-Bhoi,0.0,,1
40.06538772583008,0.14996404945850372,56.27701950073242,-0.00014182341692503542,40,26.130520147718272,90.84920540580347,background,,background,0
1449.696044921875,36.051795959472656,113.0808563232422,0.0005225812201388,30,25.388039,91.8773,East Khasi Hills,0.0,Rainfall,1
579.1422119140625,9.950817108154297,272.7145080566406,-0.002818180015310645,10,25.522325171283192,90.47556296905886,background,,background,0
1375.3564453125,37.31840133666992,103.44294738769533,-0.0057767909020185,10,25.382694,91.877528,East Khasi Hills,0.0,,1
369.51959228515625,7.810173988342285,151.75436401367188,-0.0056072771549224,10,25.994619,91.577214,Ri-Bhoi,2016.0,Rainfall,1
61.888206481933594,2.744999408721924,131.12713623046875,0.00014908943558111787,10,25.95380337146231,90.64552950330699,background,,background,0
1242.804931640625,39.02800369262695,64.496337890625,-0.0042434758506715,30,25.277934,91.575,East Khasi Hills,0.0,Rainfall,1
1118.6190185546875,6.174161434173584,231.36871337890625,-0.0015048893401399,10,25.484178,92.510928,East Jaintia Hills,0.0,Slope cutting,1
751.8804321289062,8.472367286682129,348.7054748535156,-0.004073575139045715,10,25.924681205109604,92.02950832200602,background,,background,0
169.22898864746094,26.677520751953125,198.8605194091797,-0.0113892182707786,10,25.133911,92.222392,East Jaintia Hills,2015.0,Rainfall,1
344.3060607910156,21.963239669799805,240.622802734375,-0.0043627009727060795,10,26.07206011418304,91.74909065692383,background,,background,0
1296.14111328125,23.55034446716309,214.908447265625,0.0033454808872193,30,25.560667,91.228028,West Khasi Hills,0.0,Rainfall,1
1107.2066650390625,35.48832702636719,172.09701538085938,-0.0046453508548438,30,25.243358,91.747094,East Khasi Hills,0.0,Rainfall,1
418.6340637207031,16.393754959106445,197.46548461914065,-0.0022790390066802,10,25.954889,91.858667,Ri-Bhoi,2016.0,Heavy rainfall,1
380.06414794921875,22.914913177490234,148.02940368652344,0.0025861146859824657,10,25.136781889220952,92.55603916926663,background,,background,0
1266.621826171875,42.64992141723633,299.098388671875,0.0106537798419594,10,25.295624,91.56964,East Khasi Hills,0.0,Rainfall,1
12.188983917236328,0.18577711284160614,251.79937744140625,1.807213993743062e-05,40,25.134178474243782,90.64206717719793,background,,background,0
21.820219039916992,0.15041258931159973,34.7509880065918,3.471761738182977e-05,40,25.565575111936507,89.89180089367153,background,,background,0
1649.574462890625,19.7786808013916,95.50167846679688,-0.0027185592334717,30,25.5502,91.618106,West Khasi Hills,2016.0,Rainfall,1
560.4915771484375,21.25126075744629,74.53336334228516,0.0007843533530831,10,25.22784,91.688252,East Khasi Hills,0.0,Rainfall,1
707.5845336914062,5.013528823852539,134.3648681640625,-0.0016270093619823456,10,25.989760771125685,92.32908489767748,background,,background,0
680.9143676757812,9.22752285003662,319.45458984375,-0.0043610162101686,10,25.206972,92.208028,West Jaintia Hills,2016.0,Rainfall,1
312.9921875,42.56543350219727,125.70567321777344,0.0098796021193265,10,25.247226,91.671435,East Khasi Hills,0.0,Rainfall,1
422.5379943847656,24.70450592041016,24.9564151763916,0.0042166113853454,10,25.230047,92.221119,West Jaintia Hills,2016.0,Rainfall,1
624.3072509765625,25.14631080627441,172.81838989257812,-0.0002863018307834,10,25.211814,92.065517,West Jaintia Hills,0.0,Rainfall,1
1566.3800048828125,16.403079986572266,78.37432098388672,-0.0071355705149471,10,25.425,91.405,West Khasi Hills,0.0,,1
117.43942260742188,9.875582695007324,157.2724609375,-0.010099082253873348,10,25.032532172265768,92.45922176131604,background,,background,0
1183.2137451171875,31.505783081054688,260.5211181640625,-0.0016098973574116,10,25.354644,91.973237,East Khasi Hills,0.0,Rainfall,1
1569.242919921875,2.9874298572540283,150.03636169433594,0.0006188130937516,30,25.345611,91.895,East Khasi Hills,0.0,,1
613.3963623046875,19.163799285888672,13.747310638427734,0.0036426992155611515,10,25.781354473651785,92.55393873365281,background,,background,0
61.65066146850586,12.252992630004883,224.81204223632812,-0.003601992269977927,10,25.175679721446354,90.68253481846953,background,,background,0
621.9129028320312,1.1733084917068481,159.08372497558594,0.005626143887639046,10,25.819554190884915,91.92355748761672,background,,background,0
903.9017333984376,20.46624755859375,136.2998504638672,0.0052742678672075,10,25.318161,92.687219,East Jaintia Hills,0.0,Rainfall & anthropogenic,1
11.196463584899902,0.1919303685426712,255.70819091796875,0.00023139521363191307,40,25.05169309529027,92.27740281656273,background,,background,0
23.610288619995117,0.3073005974292755,186.6282501220703,9.287674765801057e-05,40,25.616028376598376,89.86143401657945,background,,background,0
749.8471069335938,3.195375442504883,149.7712860107422,0.002349360380321741,10,25.610162843877152,92.60098912816808,background,,background,0
519.9612426757812,28.904624938964844,30.951108932495117,-0.0030948463827371597,10,25.316032823307996,91.97725231712394,background,,background,0
944.8275146484376,19.851985931396484,296.5053100585937,0.0046268631704151,30,25.667417,91.092333,West Khasi Hills,0.0,Rainfall,1
1159.4495849609375,10.44223976135254,202.39669799804688,0.0015033563831821,30,25.657083,91.147397,West Khasi Hills,0.0,Rainfall,1
16.802167892456055,0.27164000272750854,138.72982788085938,0.00010095846664626151,40,25.04337220562401,89.88640419543952,background,,background,0
466.2949523925781,19.039087295532227,135.46566772460938,0.0007116511114872992,10,25.80371270798303,92.66182770645784,background,,background,0
112.44204711914062,9.931163787841797,298.6231689453125,0.0026065860874950886,10,26.132666269238452,92.38560256775568,background,,background,0
391.7931823730469,27.24726676940918,340.5335693359375,0.0014733930584043264,10,25.852801447528364,91.53809793006853,background,,background,0
291.00006103515625,42.17794418334961,172.72921752929688,0.002714060479775,10,25.042408,92.434525,East Jaintia Hills,2015.0,Rainfall,1
1110.9508056640625,9.370957374572754,148.76104736328125,0.0088685294613242,10,25.301167,91.929306,East Khasi Hills,0.0,,1
23.11074447631836,0.09959357976913452,51.734256744384766,0.00020337372552603483,60,25.8367529937978,89.74787363050879,background,,background,0
1661.1942138671875,44.78040313720703,170.00587463378906,0.0066731125116348,10,25.438495,91.862917,East Khasi Hills,0.0,Rainfall,1
408.45220947265625,13.626991271972656,258.4194030761719,0.004920135717839003,10,25.466974582859937,90.99577888174511,background,,background,0
70.65987396240234,13.24046802520752,71.88980102539062,0.0014960695989429,10,25.23908,90.63944,South Garo hills,0.0,,1
472.07122802734375,25.638975143432617,169.8651885986328,-0.0021601722110062,10,25.935833,91.56525,Ri-Bhoi,2016.0,Rainfall,1
349.6092529296875,10.138422012329102,172.2087860107422,-0.0056308745406568,10,25.164133,92.417747,East Jaintia Hills,2016.0,Rainfall,1
474.1553955078125,30.584983825683597,198.8802490234375,0.0046884417533874,10,25.205651,91.599771,East Khasi Hills,0.0,Rainfall,1
1516.0721435546875,26.24529457092285,169.72691345214844,-0.0119482614099979,30,25.360004,91.8838,East Khasi Hills,0.0,Rainfall,1
31.22686195373535,0.1873244345188141,359.715576171875,-7.855104195186868e-05,40,25.968761424929752,90.1951118206301,background,,background,0
324.6638488769531,23.085742950439453,316.5249328613281,-0.004220256581902504,10,25.89036939039223,90.38008567868442,background,,background,0
479.4335021972656,13.695877075195312,322.5953063964844,0.00057017314247787,10,25.548358094084033,90.65789111410244,background,,background,0
1567.228271484375,30.49384307861328,264.2641906738281,-0.0061660823412239,10,25.390145,91.87196,East Khasi Hills,0.0,Rainfall,1
100.09850311279295,15.15556526184082,36.07762908935547,-0.0026085015852004,10,25.18676,91.396515,East Khasi Hills,0.0,Rainfall,1
1191.1846923828125,26.780797958374023,246.28082275390625,0.0018581819022074,10,25.6466,91.157592,West Khasi Hills,0.0,Rainfall,1
11.919794082641602,0.9822665452957153,252.19784545898438,-0.0006592555437237024,50,25.029615368062107,92.07234028289103,background,,background,0
266.5322570800781,7.370838165283203,138.74472045898438,-0.004066591616719961,10,25.818429160821047,90.62632175998658,background,,background,0
1488.3406982421875,22.85225296020508,57.3763313293457,-0.0104596093297004,30,25.375917,91.876,East Khasi Hills,0.0,Rainfall,1
19.281234741210938,2.5575003623962402,132.22377014160156,-0.00033857335802167654,10,25.17177759732534,91.3604132357054,background,,background,0
282.60546875,3.001469850540161,254.67904663085938,-0.006096525117754936,10,25.840033557464032,90.33921141201635,background,,background,0
998.0291137695312,29.291379928588867,69.6248779296875,-0.0040564066730439,10,25.654639,91.898222,East Khasi Hills,0.0,Rainfall,1
1129.469482421875,43.011138916015625,225.06402587890625,0.0026239161379635,10,25.31488,91.33367,West Khasi Hills,0.0,,1
33.214473724365234,1.6910059452056885,190.28013610839844,0.0017866631969809532,10,25.573123690167638,89.92758073242415,background,,background,0
605.7324829101562,17.340604782104492,355.15374755859375,0.0018514663679525256,10,26.004765528379725,92.44832244611577,background,,background,0
141.3481903076172,13.214838981628418,207.43731689453125,0.0034344270825386,10,25.152367,92.195708,West Jaintia Hills,2016.0,Rainfall,1
1570.4393310546875,30.297231674194336,39.54972839355469,0.0031100411433726,10,25.425944,91.866,East Khasi Hills,0.0,,1
1743.00537109375,5.517280101776123,78.84208679199219,-0.00629076175391674,30,25.540492073391697,91.40810356833859,background,,background,0
1196.1263427734375,20.483474731445312,246.39700317382807,0.0013892260612919,30,25.644944,91.158153,West Khasi Hills,0.0,Rainfall,1
522.9256591796875,37.39019393920898,149.398193359375,0.0069764526560902,10,25.204882,91.742535,East Khasi Hills,0.0,Rainfall,1
1342.7755126953125,5.134249687194824,88.99048614501953,0.0033817584626376,10,25.580703,91.237361,West Khasi Hills,0.0,Rainfall,1
683.2260131835938,10.720158576965332,169.0703125,-0.0033777044154703,10,25.215583,92.077639,West Jaintia Hills,0.0,Rainfall,1
1557.1689453125,16.243244171142578,252.6690368652344,-0.0009421987924724,50,25.351304,91.89353,East Khasi Hills,0.0,Rainfall,1
303.6086730957031,8.506784439086914,142.0822296142578,-0.0015443816082552075,10,25.212852890049998,90.87282473509046,background,,background,0
749.6167602539062,10.583492279052734,49.53350830078125,0.0007113242754712701,10,25.548981187900726,90.31519959228312,background,,background,0
433.2152099609375,16.393142700195312,102.7905044555664,0.0040419991128146,30,25.81,91.02,West Khasi Hills,0.0,Rainfall,1
225.90457153320312,15.239212989807129,299.641357421875,0.0067322999238967896,10,25.065025878012527,92.49912136073941,background,,background,0
1231.1123046875,23.4603328704834,73.49510955810547,-0.0005294352886267006,10,25.569743771522493,92.03807909231992,background,,background,0
773.0159912109375,37.58364868164063,139.63662719726562,0.0050070947036147,10,25.247518,91.450545,East Khasi Hills,0.0,Rainfall,1
28.198219299316406,0.6284518837928772,70.15259552001953,-0.00023961806437000632,40,26.140315607981954,89.97009273752302,background,,background,0
1250.363525390625,23.61357307434082,298.8682861328125,-0.0011034419294446,10,25.6999,91.642192,West Khasi Hills,2016.0,Rainfall,1
813.4151000976562,10.896273612976074,15.973960876464844,-0.004023348446935415,10,25.757642701801217,91.44840540803783,background,,background,0
17.258005142211914,0.15954028069972992,310.2601318359375,0.00018116089631803334,40,25.133069821925357,90.27284836840951,background,,background,0
134.79428100585938,29.388431549072266,100.24486541748048,0.0041439402848482,10,25.075167,92.370953,East Jaintia Hills,2014.0,Rainfall,1
1225.1268310546875,12.058650970458984,25.630613327026367,-5.458196392282844e-05,10,25.343528,92.069028,West Jaintia Hills,0.0,Rainfall,1
79.25020599365234,23.52998924255371,171.23214721679688,-0.0016339601716026,10,25.073217,92.372161,East Jaintia Hills,2014.0,Rainfall,1
129.38174438476562,24.10392189025879,355.5020446777344,0.0004307979252189,10,25.122381,92.243069,East Jaintia Hills,2016.0,Rainfall,1
63.58619689941406,0.05910783261060715,356.5173645019531,9.105839126277715e-05,40,25.996231616264428,92.65275622536961,background,,background,0
20.5,0.00026682650786824524,-0.0,2.5797116904868744e-06,80,25.85538837528864,89.84994007281281,background,,background,0
71.32479095458984,2.679229974746704,339.36334228515625,-0.00036681024357676506,40,25.938682728436792,92.7450761442796,background,,background,0
1362.0511474609375,22.660694122314453,2.556605100631714,0.0042107291519641,10,25.544936,91.267672,West Khasi Hills,0.0,Rainfall,1
532.9971313476562,33.63027572631836,89.01483917236328,-0.0088585782796144,10,25.207515,91.746839,East Khasi Hills,0.0,Rainfall,1
897.2399291992188,8.306529998779297,230.068603515625,0.0036271687131375074,30,25.66702177430509,91.81033966903281,background,,background,0
1104.5557861328125,16.061086654663086,228.3938446044922,0.0006856612744741,30,25.339339,92.584781,East Jaintia Hills,0.0,Rainfall & anthropogenic,1
1011.651611328125,21.917829513549805,315.93316650390625,0.004052592907100916,10,25.72455966863801,92.09611584038167,background,,background,0
44.95857620239258,4.2637786865234375,276.4165344238281,0.0021598446182906628,10,25.824412564352443,90.01622258571979,background,,background,0
86.8898696899414,7.405109882354736,155.271484375,-0.005863637663424015,10,25.196332872399346,90.96530670182057,background,,background,0
529.3370971679688,19.69451904296875,283.7745056152344,-0.0038854065351188183,10,25.113255003832318,92.2965135727101,background,,background,0
599.9182739257812,23.1633243560791,118.9521484375,-0.0036700707860291,10,25.209568,91.745894,East Khasi Hills,0.0,Rainfall,1
42.55306625366211,0.7142113447189331,316.7069396972656,-0.0007631368935108185,10,26.02473592519359,90.85133015071929,background,,background,0
207.90162658691406,1.802800178527832,201.2045440673828,-0.005844093859195709,10,26.075056798360283,92.34083862484479,background,,background,0
1454.8065185546875,13.417583465576172,339.435546875,0.0028255090583115816,10,25.47350680725628,91.30798512276492,background,,background,0
383.3935546875,13.266765594482422,193.76150512695312,0.006801723502576351,10,25.188086574352322,92.17746896480294,background,,background,0
383.7268676757813,9.027274131774902,324.17095947265625,0.000938388518989,10,25.83,91.14,West Khasi Hills,0.0,Rainfall,1
1244.3037109375,15.341344833374023,20.718097686767575,0.0011811174917966,10,25.581822,91.189944,West Khasi Hills,0.0,Rainfall,1
1270.5670166015625,16.17331886291504,280.8716125488281,-0.0053808046504855,10,25.636747,91.162711,West Khasi Hills,0.0,Rainfall,1
307.8324890136719,30.129783630371094,122.05865478515624,-0.0047404831275343,10,25.038186,92.440725,East Jaintia Hills,2014.0,Rainfall,1
1293.8150634765625,29.74325942993164,332.6981811523437,-0.0004592682234942,10,25.637779,91.932565,East Khasi Hills,0.0,Rainfall,1
849.1279907226562,6.503602027893066,237.96047973632812,-0.0002508934121578932,10,25.804130270528194,92.1051440143258,background,,background,0
1179.47509765625,26.70050811767578,347.2330017089844,0.0052437037229537,10,25.301559,91.922585,East Khasi Hills,0.0,Rainfall,1
159.63050842285156,27.51896476745605,221.2902984619141,0.0058492012321949,10,25.044056,92.418778,East Jaintia Hills,2015.0,Rainfall,1
13.042492866516113,0.031156282871961594,118.18206024169922,-3.62429054803215e-05,40,25.005253323559167,92.28495413782916,background,,background,0
511.0099182128906,16.899858474731445,346.7700500488281,-0.0025612809695303,10,25.8,91.11,West Khasi Hills,0.0,Rainfall,1
932.5476684570312,30.780235290527344,336.4881591796875,0.0051260255277156,10,25.316519,92.692,East Jaintia Hills,0.0,Rainfall & anthropogenic,1
704.4443969726562,11.186681747436523,153.73011779785156,-0.0012363854330033,10,25.455817,91.086289,West Khasi Hills,0.0,Rainfall,1
76.361083984375,3.092144250869751,345.482421875,-0.0004019495972897,10,25.85,91.17,West Khasi Hills,0.0,Rainfall,1
1310.7139892578125,23.155651092529297,204.1005706787109,-0.000187343917787,30,25.558489,91.230911,West Khasi Hills,0.0,Rainfall,1
7.741299629211426,0.13360528647899628,309.8590393066406,-2.055609365925193e-05,40,25.119481021669582,91.34623962935802,background,,background,0
385.8279724121094,17.044395446777344,52.05312347412109,-0.0054918006062507,10,25.311336,90.969222,West Khasi Hills,0.0,Rainfall,1
1492.624755859375,26.046955108642575,103.75205993652344,-0.0023295343853533,30,25.298951,91.726475,East Khasi Hills,0.0,Rainfall,1
704.061279296875,6.610088348388672,163.1992950439453,0.0020351395942270756,30,25.238392299705076,92.38343745204179,background,,background,0
1494.7860107421875,20.123130798339844,86.06591033935547,-0.000551353907212615,10,25.605058382653123,91.92979965871703,background,,background,0
1327.3768310546875,12.557039260864258,168.9573211669922,0.0072308592498302,30,25.549139,91.244417,West Khasi Hills,0.0,Rainfall,1
44.8560676574707,0.05223095417022705,33.62641525268555,0.00012053905811626464,40,26.033188740624595,91.4988992270608,background,,background,0
4.208973407745361,0.18186789751052856,229.15232849121094,0.00010812650725711137,90,25.068429517571495,91.34112468105836,background,,background,0
528.8629760742188,3.3433728218078613,163.38052368164062,0.0006777562666684389,10,25.371430073009765,90.91412880314623,background,,background,0
429.3942565917969,36.09354782104492,246.0576171875,-0.0069332253187894,10,25.220023,91.631989,East Khasi Hills,0.0,Rainfall,1
1460.8438720703125,12.720683097839355,36.35741424560547,0.0024702902883291,10,25.463778,92.04425,West Jaintia Hills,0.0,Rainfall,1
559.9779663085938,29.627849578857425,86.93171691894531,0.0085345730185508,10,25.332836,91.934395,East Khasi Hills,0.0,Rainfall,1
673.3734130859375,2.760753631591797,282.1333923339844,0.0062468503601849,10,25.62,90.33,West Garo Hills,0.0,Rainfall,1
88.06273651123047,24.113080978393555,351.2027893066406,-0.003950173035264,10,26.027583,91.886556,Ri-Bhoi,0.0,,1
588.1714477539062,2.419724941253662,294.3381042480469,-0.0001860613701865077,30,25.19915441456108,92.25058024051296,background,,background,0
362.6630554199219,2.203566312789917,292.9232482910156,-0.0009891747031360865,10,25.852809326491712,91.64939501091128,background,,background,0
275.98358154296875,23.60183525085449,292.3914794921875,0.0040326598100364,10,25.935708,91.714556,Ri-Bhoi,2016.0,Rainfall,1
369.287109375,17.884790420532227,240.83139038085938,0.0026911913882941008,10,25.724565399347302,90.40977032613762,background,,background,0
264.50384521484375,10.532624244689941,16.4197940826416,-0.0015276295598596334,10,25.40364177374215,90.74505684914172,background,,background,0
5.0,3.0147528648376465,166.48724365234375,0.000619990227278322,80,25.10162465242716,91.99949749372159,background,,background,0
857.689697265625,24.979907989501953,178.0942840576172,-0.0023895204067230225,30,25.810100279907285,92.12245190085152,background,,background,0
654.475341796875,41.82319641113281,339.98626708984375,-0.0007476804894395173,10,25.36904645252016,91.1392843403667,background,,background,0
884.0173950195312,21.5832633972168,43.84604644775391,-0.0006743307458236,10,25.264575,92.381497,East Jaintia Hills,2016.0,Rainfall,1
388.8874206542969,6.848113059997559,315.3127136230469,0.005417368374764919,10,25.365954393200415,90.99128342296035,background,,background,0
10.685503959655762,0.23667849600315094,74.6073226928711,-6.928700167918578e-05,40,25.01968112977107,92.20409853594572,background,,background,0
1538.5673828125,12.23032283782959,56.63976287841797,0.0013006040826439,30,25.528308,91.395711,West Khasi Hills,0.0,Anthropogenic,1
307.6812438964844,30.44305229187012,147.81918334960938,-0.0036835605278611,10,25.037833,92.440417,East Jaintia Hills,2014.0,Rainfall,1
89.50213623046875,7.350177764892578,164.71417236328125,0.003578279633074999,10,25.38421351283454,89.98235749050507,background,,background,0
1316.311279296875,10.11523151397705,34.32655334472656,-0.0015704362886026,30,25.54261,92.09842,Jaintial hills,0.0,,1
69.96975708007812,13.799993515014648,301.6773681640625,0.001387663185596466,10,25.44968279748464,90.1558545937986,background,,background,0
181.67135620117188,31.601104736328125,106.68936920166016,-0.0068583395332098,10,25.117453,92.35705,East Jaintia Hills,2015.0,Rainfall,1
1134.0712890625,13.322315216064451,44.34514617919922,0.0073922448791563,30,25.597614,91.153233,West Khasi Hills,0.0,Rainfall,1
302.8407287597656,29.35732650756836,129.0609130859375,0.0011395126348361,10,25.305047,91.075778,West Khasi Hills,0.0,Rainfall,1
1232.1668701171875,9.284339904785156,226.9670867919922,0.0062352400273084,10,25.53458,92.11539,Jaintial hills,0.0,,1
1108.2462158203125,14.844107627868652,290.8685607910156,0.0015743731055408716,30,25.414208046564866,92.4804997516841,background,,background,0
161.07740783691406,37.48749542236328,96.03894805908205,-0.0022434429265558,10,25.095131,92.350111,East Jaintia Hills,2014.0,Rainfall,1
922.85546875,7.889138698577881,84.98039245605469,0.006878199987113476,10,25.74909045044123,92.27812474226661,background,,background,0
488.5162048339844,30.028682708740234,139.09022521972656,-0.0053943372331559,10,25.553522,90.815225,West Khasi Hills,0.0,Rainfall,1
64.70146942138672,0.36510157585144043,193.0469512939453,-0.00038108101580291986,40,26.032689128466455,92.79078010293101,background,,background,0
1634.1114501953125,17.710559844970703,281.1379089355469,-0.0020530815236270428,10,25.590624783890053,91.64975907191761,background,,background,0
512.7319946289062,33.935890197753906,55.048927307128906,0.0057546291500329,30,25.239068,91.174728,South West Khasi  Hills,0.0,Rainfall,1
1244.6090087890625,31.789962768554688,25.90873908996582,-0.0065053589642047,10,25.700053,91.644486,West Khasi Hills,2016.0,Rainfall,1
290.5712585449219,12.347357749938965,126.29141998291016,0.0036105292383581,10,25.205078,91.57517,East Khasi Hills,0.0,Rainfall,1
47.53681182861328,1.4433646202087402,151.2774658203125,0.000572464894503355,10,26.079342862900877,91.35838708798782,background,,background,0
1511.4520263671875,37.20937728881836,280.2347412109375,-0.0034747414756566,10,25.382428,91.874568,East Khasi Hills,0.0,Rainfall,1
44.137786865234375,0.6272384524345398,166.1685028076172,0.0004927435074932873,10,26.09115648039319,90.80938524228227,background,,background,0
56.55896759033203,21.69823455810547,160.95095825195312,0.004959704354405403,10,25.388493995130336,89.95095648137081,background,,background,0
133.76010131835938,21.75473403930664,178.72279357910156,0.0110116265714168,10,25.084611,92.335667,East Jaintia Hills,2016.0,Rainfall,1
748.8067626953125,8.67029857635498,193.29156494140625,0.0015819885302335024,10,25.77232166246802,91.25336105945719,background,,background,0
213.67054748535156,16.997610092163086,120.0274658203125,0.0026791617274284363,10,25.309767495848458,90.31172780190043,background,,background,0
335.99407958984375,26.630014419555664,75.07188415527344,-0.0070603759959340096,10,25.22760637135199,91.60265676864685,background,,background,0
1273.2811279296875,30.92462158203125,343.9500427246094,0.0034495410509407,10,25.614912,91.871711,East Khasi Hills,0.0,Rainfall,1
506.1283874511719,4.798065185546875,148.92982482910156,0.003762913169339299,30,25.58143503102033,90.8262854907943,background,,background,0
1318.849853515625,2.8827497959136963,170.4734649658203,-0.0065390570089221,10,25.71054223292347,91.60448121469597,background,,background,0
454.84002685546875,12.482284545898438,342.8291931152344,-0.00042457020026631653,10,25.833625994913994,92.66088717119547,background,,background,0
204.3193206787109,34.73311233520508,253.30157470703125,-0.0028105224482715,50,25.043914,92.423556,East Jaintia Hills,2015.0,Rainfall,1
20.5,0.05611390247941017,193.40748596191406,0.00011258226004429162,80,25.83387951248619,89.75454163688585,background,,background,0
679.6547241210938,13.03628921508789,14.461623191833496,0.00336493831127882,10,25.679012224122264,92.6034852627886,background,,background,0
900.1533813476562,8.494902610778809,213.03530883789065,-0.0003496859862934,30,25.6985,91.056611,West Khasi Hills,0.0,Rainfall,1
846.64404296875,38.0009994506836,211.41937255859372,0.004337572492659,30,25.346111,92.00675,West Jaintia Hills,0.0,Rainfall,1
32.047019958496094,4.493653297424316,30.616567611694336,-0.00011144677409902215,10,26.092127792417983,89.79829469181125,background,,background,0
513.3907470703125,25.17098426818848,200.60739135742188,0.0050319284200668,10,25.224506,91.704403,East Khasi Hills,0.0,Rainfall,1
1351.827880859375,47.40742111206055,127.76692199707033,-0.0038175988011062,30,25.36925,91.879611,East Khasi Hills,0.0,,1
478.002197265625,19.908353805541992,153.38165283203125,0.003636027919128537,10,25.78922030380032,91.61415726745204,background,,background,0
158.82337951660156,5.656280994415283,229.48402404785156,0.002482149749994278,10,26.04773505545667,91.85280032204436,background,,background,0
1326.12548828125,22.60712432861328,276.9808654785156,0.0007368231890723,30,25.565333,91.225667,West Khasi Hills,0.0,Rainfall,1
1743.927978515625,27.94259262084961,343.6601257324219,0.002098542638123,30,25.446933,91.742919,East Khasi Hills,0.0,Rainfall,1
181.79515075683597,37.21367645263672,174.79469299316406,0.001516782795079,10,25.091361,92.356889,East Jaintia Hills,2016.0,Rainfall,1
1179.5775146484375,28.775110244750977,79.5036392211914,-0.005374514497816563,30,25.32132928029036,91.77523303200198,background,,background,0
785.9928588867188,28.847991943359375,189.58370971679688,-0.0069204834289848804,10,25.22267394301642,91.56767683248098,background,,background,0
1138.107177734375,17.898479461669922,352.83111572265625,-0.0061300378292799,30,25.599575,91.1782,West Khasi Hills,0.0,Rainfall,1
952.8375244140624,11.867270469665527,330.8861389160156,0.0021659629419445,30,25.671583,91.040889,West Khasi Hills,0.0,Rainfall,1
520.218505859375,34.079315185546875,349.6221618652344,0.0003236412885598,10,25.223307,91.762345,East Khasi Hills,0.0,Rainfall,1
309.7765197753906,19.860576629638672,312.9515991210937,0.001753402641043,10,25.997033,91.86235,Ri-Bhoi,2015.0,Heavy rainfall,1
748.6763916015625,12.275073051452637,342.25555419921875,-0.0094769289717078,10,25.266939,91.383208,South West Khasi  Hills,0.0,Rainfall,1
795.0957641601562,12.869494438171387,161.85218811035156,-0.009296758100390434,10,25.82034178929256,92.42042189350863,background,,background,0
225.25033569335935,18.279054641723636,281.2760925292969,-0.0057459967210888,10,26.075944,91.820806,Ri-Bhoi,0.0,,1
863.31689453125,14.425196647644045,176.65576171875,0.0029056346975266,10,25.747333,92.117333,East Khasi Hills,0.0,Rainfall,1
455.36944580078125,11.533181190490723,233.68447875976562,-0.008026385679841042,10,25.34724827203298,90.8494464340742,background,,background,0
52.58122253417969,0.2016780823469162,50.049007415771484,-6.099085294408724e-05,40,26.133792518136094,92.29579582721558,background,,background,0
1427.513916015625,19.770727157592773,137.4626007080078,0.0002783181844279,30,25.626794,91.829725,East Khasi Hills,0.0,Rainfall,1
719.7501831054688,32.34840393066406,148.17311096191406,0.010320071130990982,10,25.37028201882935,90.66196975011616,background,,background,0
494.0384521484375,19.46805191040039,252.52285766601562,-0.0019665388390421867,10,25.632271271128186,90.54935291139695,background,,background,0
67.77153015136719,14.787715911865234,322.9991149902344,0.0062126014381647,10,26.0591,92.236,Ri-Bhoi,0.0,Anthropogenic activity and Incessant rainfall,1
1253.871337890625,23.224573135375977,246.75572204589844,0.0013998202048242,30,25.628758,91.164169,West Khasi Hills,0.0,Rainfall,1
445.4136962890625,19.56809425354004,314.9111022949219,0.0013227545423433,10,25.940439,91.563069,Ri-Bhoi,2016.0,Rainfall,1
236.56045532226562,16.58431625366211,235.14627075195312,0.0026487275026738644,10,26.022347328551064,91.93124787669565,background,,background,0
38.525577545166016,1.2068941593170166,197.6344451904297,0.0014021217357367277,30,26.075125126957293,90.56099275098022,background,,background,0
919.1862182617188,10.896655082702637,130.6855010986328,0.002544971415773,30,25.639417,91.044806,West Khasi Hills,0.0,Rainfall,1
355.8890686035156,16.239015579223633,350.1296081542969,0.0008038008818402,10,25.403061,90.724166,South Garo hills,0.0,Anthropogenic,1
597.04345703125,10.629328727722168,271.2140197753906,-0.0016442065825685,10,25.852222,91.881361,Ri-Bhoi,2015.0,Heavy rainfall,1
88.35295867919922,17.33145523071289,335.5986633300781,0.0007109369616955519,10,25.81108185763852,90.78438302358185,background,,background,0
1508.8787841796875,12.583181381225586,248.53826904296875,0.0075238901190459,10,25.407917,91.998889,East Khasi Hills,0.0,Rainfall,1
518.1309204101562,35.783687591552734,131.08154296875,-0.0023607944604009,10,25.222501,91.714409,East Khasi Hills,0.0,Rainfall,1
303.0820007324219,13.17177963256836,254.1193084716797,0.003785641398280859,10,25.80045574055081,90.8527494217261,background,,background,0
40.75259399414063,10.787123680114746,271.3457336425781,0.0003387254546396,10,25.57,89.98,West Garo Hills,0.0,Rainfall,1
1137.498046875,4.39425802230835,309.3727722167969,0.003548089414834976,40,25.588247329954022,92.30813641890204,background,,background,0
903.3611450195312,31.230941772460938,140.88124084472656,-0.006613750942051411,10,25.66597863473386,91.45521954050561,background,,background,0
71.42420196533203,12.717227935791016,349.54290771484375,0.0035859690979123116,10,25.283495147793513,90.20591934699911,background,,background,0
880.261474609375,6.522588729858398,141.74220275878906,0.0035946774296462536,10,25.25522404714704,92.08197820979827,background,,background,0
27.184263229370117,0.8659780025482178,287.55615234375,0.00016057919128797948,40,25.875608235240705,89.987725529257,background,,background,0
1243.0091552734375,3.002455711364746,170.46507263183594,0.003411810379475355,40,25.524500141229126,91.18012944034082,background,,background,0
640.94482421875,5.9552178382873535,272.35760498046875,0.0068380432203412,30,25.63,90.33,West Garo Hills,0.0,Anthropogenic,1
1545.7137451171875,21.86391258239746,47.881465911865234,-0.0090246582403779,10,25.348394,91.762714,East Khasi Hills,0.0,Rainfall,1
1079.981689453125,7.952510833740234,142.9749298095703,-0.00457034120336175,10,25.765075116699386,92.11448174620394,background,,background,0
1140.2144775390625,10.597203254699709,282.9884948730469,0.0005534145166166,10,25.312667,92.130417,West Jaintia Hills,0.0,Rainfall,1
309.2480773925781,28.102933883666992,249.4183654785156,-0.0042797699570655,10,25.040511,92.446119,East Jaintia Hills,2015.0,Rainfall,1
890.0147705078125,21.514005661010742,149.9840545654297,-0.004255506210029125,10,25.832314761293222,91.97211794818948,background,,background,0
562.8392333984375,35.72780227661133,300.8992919921875,-0.0011252647964283,10,25.22026,91.720198,East Khasi Hills,0.0,Rainfall,1
121.60558319091797,6.1601104736328125,301.99652099609375,-0.0008597394917160273,10,25.813672344318828,90.15918497849654,background,,background,0
129.88931274414062,15.033496856689453,8.633877754211426,-0.002664431929588318,10,25.996128814049253,91.33825915481702,background,,background,0
17.637313842773438,1.5921452045440674,75.63296508789062,-6.0734644648618996e-05,10,25.11160504523106,90.1554445702545,background,,background,0
62.11900329589844,2.0765085220336914,358.380859375,-0.0009487008792348206,10,25.94457204113303,90.61617665401772,background,,background,0
864.0831298828125,23.224292755126957,53.3301887512207,0.0056376671418547,30,25.695552,91.903777,East Khasi Hills,0.0,Rainfall,1
192.4365997314453,24.62376594543457,183.9984893798828,0.0042291139252483,10,25.092083,92.35925,East Jaintia Hills,2016.0,Rainfall,1
864.747802734375,10.013934135437012,259.1729736328125,0.0036330763250589,10,25.274,92.373944,East Jaintia Hills,2016.0,Rainfall,1
1585.5743408203125,14.958072662353516,122.33175659179688,0.0025386833585798,30,25.40023,91.5159,West Khasi Hills,0.0,,1
1407.943359375,2.329214572906494,140.2473907470703,-0.002799027366563678,30,25.374513027132792,92.06911498162059,background,,background,0
82.47457885742188,26.183984756469727,59.65621948242188,0.0050132707692682,10,26.027028,91.88175,Ri-Bhoi,0.0,,1
23.0,0.0,-0.0,0.0,80,25.903088059479224,89.97213798175342,background,,background,0
106.40504455566406,7.476337432861328,357.7577209472656,-0.007812918163836002,10,25.794423056869135,90.02641370604488,background,,background,0
783.038818359375,25.0637149810791,124.34651184082031,0.00321001373231411,10,25.601905584560857,90.94990913381359,background,,background,0
8.827564239501953,2.3899245262145996,186.54766845703125,0.0016234529903158545,30,25.194919527920877,91.12573521613507,background,,background,0
794.2958984375,14.42778491973877,182.66351318359372,-0.0023861676454544,10,25.218821,91.581584,East Khasi Hills,0.0,Rainfall,1
2.3126580715179443,0.050035033375024796,204.2235565185547,-1.2489421351347119e-05,90,25.069285618923388,91.14612403404044,background,,background,0
568.6353759765625,22.444284439086914,305.8209228515625,0.0020346450619399548,10,25.81943786118254,92.35546695961942,background,,background,0
789.931640625,9.696245193481444,179.78073120117188,-0.0009628802072256,10,25.225772,91.863037,East Khasi Hills,0.0,Rainfall,1
476.722900390625,14.44982624053955,45.39902877807617,0.0031429617665708065,10,25.449421017163264,90.60686819689059,background,,background,0
37.79004669189453,0.07693610340356827,32.96343231201172,3.8868747651576996e-05,40,26.12576418556228,90.75450792098201,background,,background,0
164.1908416748047,35.78569793701172,203.55177307128903,0.00379050639458,10,25.045111,92.4215,East Jaintia Hills,2016.0,Rainfall,1
46.14164733886719,0.05345281958580017,208.74441528320312,-2.7967307687504217e-06,40,26.023844058605153,91.48928354854132,background,,background,0
155.9130401611328,14.529767036437988,174.195556640625,-0.001328436890617,10,26.02897,91.87197,Ri-Bhoi,0.0,,1
884.3475952148438,17.013504028320312,352.2121887207031,-0.0029745064675807953,10,25.377507880775386,92.75337192368139,background,,background,0
40.227874755859375,1.6421456336975098,204.65382385253906,0.0036114114336669445,40,26.026923650664955,90.4147943403896,background,,background,0
305.927734375,29.880064010620117,295.304931640625,0.0029321862384676933,10,25.92424159174143,92.51590436741739,background,,background,0
613.71435546875,17.111143112182617,67.01131439208984,-0.0008879587985575,10,25.23416,91.690216,East Khasi Hills,0.0,Rainfall,1
23.981992721557617,1.467422366142273,352.7861328125,0.0007169321761466563,40,25.20585505332892,90.05410060124119,background,,background,0
30.4371280670166,1.3270595073699951,266.5238037109375,0.0006999221513979137,40,26.11359235354636,89.75991433564644,background,,background,0
1606.4783935546875,10.573104858398438,96.9146499633789,-0.002400699071586132,30,25.459686849705424,91.50737026846637,background,,background,0
3.4157423973083496,0.6622738242149353,266.3752746582031,-0.0003018969146069139,90,25.07154572289029,91.29353168403702,background,,background,0
568.013916015625,7.512335300445557,273.32891845703125,0.0020377100445330143,40,25.632637800582547,90.35694612984548,background,,background,0
1311.1197509765625,34.216068267822266,318.75567626953125,0.0049119591712951,10,25.571747,91.827526,East Khasi Hills,0.0,Rainfall,1
130.93292236328125,19.80046844482422,317.4948425292969,0.0016848960658535361,10,25.90816886901335,90.5873717793675,background,,background,0
567.212646484375,13.777159690856934,299.4463195800781,0.0014445381239056,10,25.79,91.02,West Khasi Hills,0.0,Rainfall,1
81.13247680664062,30.650680541992188,173.47213745117188,0.0049241483211517,10,25.159367,92.202078,West Jaintia Hills,2016.0,Rainfall,1
1051.4853515625,22.305423736572266,53.838077545166016,0.0066832560114562,30,25.64366,91.899342,East Khasi Hills,0.0,Rainfall,1
1066.44921875,8.397493362426758,76.3584213256836,-0.0022363970056176,10,25.363156,92.618839,East Jaintia Hills,0.0,Anthropogenic,1
410.1792602539063,33.5048828125,150.63880920410156,-0.0038466528058052,10,25.165028,92.388056,East Jaintia Hills,2016.0,Rainfall,1
573.04443359375,12.39345645904541,179.80982971191406,0.0020214181859046,10,25.21225,92.047306,West Jaintia Hills,2016.0,Rainfall,1
21.889440536499023,1.049564003944397,169.78431701660156,0.0011027486762031913,30,25.535496592579243,89.85502958583514,background,,background,0
227.5586395263672,12.471630096435547,9.952705383300781,6.929528899490833e-05,10,26.051368319731804,92.52030837374498,background,,background,0
552.544921875,17.508026123046875,78.4734878540039,0.0005826104898005,10,25.39799,90.69972,South Garo hills,0.0,Anthropogenic,1
88.44071197509766,24.560401916503903,108.13732147216795,-0.0062551544979214,10,25.197881,91.139559,South West Khasi  Hills,0.0,Rainfall,1
213.24305725097656,26.53299903869629,62.61410903930664,-4.5123626478016376e-05,10,25.806855238090204,90.84406196866729,background,,background,0
1052.1502685546875,13.473583221435547,351.8730773925781,0.0002963164006359875,10,25.660000585157846,91.44347285535554,background,,background,0
266.5835266113281,16.002254486083984,242.9032287597656,-0.004191399551928,10,25.51,90.21,West Garo Hills,2019.0,Rainfall,1
1179.9967041015625,29.5385856628418,331.68426513671875,0.0022902686614543,10,25.641194,91.890667,East Khasi Hills,0.0,Rainfall,1
1345.43017578125,19.600534439086918,108.16665649414062,-0.0022365017794072,30,25.523083,91.268972,West Khasi Hills,0.0,Rainfall,1
1247.39306640625,26.350078582763672,346.1469116210937,0.0029359143227338,10,25.637274,91.844234,East Khasi Hills,0.0,Rainfall,1
1249.8194580078125,12.965577125549316,210.12725830078125,0.004401248414069414,10,25.351913016851316,92.1292746780118,background,,background,0
674.7262573242188,27.425756454467773,230.2077789306641,-0.0019709307234734,10,25.263806,92.203,West Jaintia Hills,0.0,Rainfall,1
9.289437294006348,0.2757255434989929,69.6286849975586,-2.0166782633168623e-05,40,25.144591978714505,91.26241592952063,background,,background,0
1205.5216064453125,1.1542526483535767,290.6390380859375,0.0030401847325265408,30,25.37516787664109,92.34486771912869,background,,background,0
92.22272491455078,26.286949157714844,93.90513610839844,0.0042988313362002,10,25.114997,92.358378,East Jaintia Hills,2014.0,Rainfall,1
942.6187133789062,30.35187721252441,321.4429931640625,0.0043762112036347,10,25.316519,92.692311,East Jaintia Hills,0.0,Rainfall & anthropogenic,1
1397.7933349609375,10.896058082580566,335.59893798828125,-0.0017626641783863306,10,25.26566741057501,92.67205894225846,background,,background,0
327.3771057128906,13.392538070678713,48.27448654174805,-0.0026926840655505,10,25.47542,90.698611,South Garo hills,0.0,Anthropogenic,1
540.1088256835938,37.95712661743164,107.71458435058594,0.0040863347239792,10,25.219787,91.710947,East Khasi Hills,0.0,Rainfall,1
1293.4036865234375,9.724743843078613,260.6373291015625,-0.0008721053600311279,10,25.596579337124375,92.00129077546396,background,,background,0
65.62097930908203,1.9150429964065552,24.179956436157227,0.0004507467383518815,40,26.025677450630198,92.77433055590369,background,,background,0
12.160613059997559,1.6574631929397583,180.42393493652344,-0.00048219988821074367,10,25.100914380372654,90.6465918846502,background,,background,0
475.5675659179688,35.3563346862793,255.1002197265625,-0.0017330620903521,10,25.936583,91.563917,Ri-Bhoi,2016.0,Rainfall,1
46.24839401245117,0.5078573226928711,154.16514587402344,-0.0012466170592233539,10,26.03554146543495,90.70302155180995,background,,background,0
39.54588317871094,10.377306938171388,292.47021484375,-0.0003500445745885,10,25.159469,91.528337,East Khasi Hills,0.0,Rainfall,1
1337.52197265625,5.416252136230469,335.4237976074219,0.0052416892722249,30,25.552647,91.237072,West Khasi Hills,0.0,Rainfall,1
656.2274169921875,32.37227249145508,176.78115844726562,0.0011674284469336,10,25.206573,91.738428,East Khasi Hills,0.0,Rainfall,1
1753.16162109375,39.683963775634766,120.9202117919922,-0.0065430072136223,10,25.415438,91.867487,East Khasi Hills,0.0,Rainfall,1
652.86279296875,22.315818786621094,84.90271759033203,-0.0067063840106129,10,25.208313,91.606889,East Khasi Hills,0.0,Rainfall,1
348.99822998046875,0.6568021178245544,231.34571838378906,0.0077201807871460915,10,25.835929905193254,90.71868536396721,background,,background,0
1151.087890625,12.686511039733888,80.73954772949219,0.0110110398381948,10,25.311778,91.917528,East Khasi Hills,0.0,,1
17.557615280151367,0.8807781338691711,289.267822265625,0.000644141691736877,40,25.088284970295017,89.82659004160655,background,,background,0
1385.824462890625,21.73339080810547,349.5831298828125,0.0013463828945532,30,25.544917,91.270722,West Khasi Hills,0.0,Rainfall,1
1289.6839599609375,18.511667251586918,222.3778076171875,0.0034090224653482,10,25.569222,91.217222,West Khasi Hills,0.0,Rainfall,1
884.588623046875,10.628032684326172,290.18206787109375,0.000804247974883765,10,25.769777605640822,92.25297464603918,background,,background,0
705.1766967773438,37.84376907348633,120.28585052490234,0.0003835982643067,10,25.208593,91.742294,East Khasi Hills,0.0,Rainfall,1
161.7945556640625,21.146902084350582,108.61520385742188,0.0110370423644781,10,25.044947,92.420261,East Jaintia Hills,0.0,Rainfall,1
1067.06201171875,28.299415588378903,37.69902420043945,0.0028857786674052,10,25.687314,91.655378,West Khasi Hills,2016.0,Rainfall,1
108.44185638427734,4.946606636047363,109.45116424560548,0.0022854693233966,10,25.83,91.05,West Khasi Hills,0.0,Rainfall,1
22.509113311767578,0.41981247067451477,144.79420471191406,4.829523459193297e-05,40,25.597822512316498,89.83532497019172,background,,background,0
354.5598449707031,9.24758243560791,174.48236083984375,-0.0058551589027047,10,25.08586,92.35869,Jaintial hills,0.0,,1
1166.69287109375,18.5064640045166,24.421478271484375,0.004340142477303743,10,25.2636044226321,92.6423006336277,background,,background,0
48.10209655761719,17.795940399169922,168.31373596191406,-0.0009300058009102,10,25.150286,92.213508,West Jaintia Hills,2016.0,Rainfall,1
1227.792236328125,20.34583282470703,114.90990447998047,-0.0027305325493216515,10,25.689801992527688,91.30912062813404,background,,background,0
1412.463623046875,23.79916000366211,97.082763671875,0.0009548871894367,10,25.541611,92.0125,East Khasi Hills,0.0,Rainfall,1
1295.1605224609375,7.135961055755615,153.3848114013672,0.0003693674225360155,30,25.387002252599117,92.29342307916687,background,,background,0
1333.2667236328125,18.98261833190918,323.4271545410156,-0.0039312597364187,10,25.54231,92.1,East Khasi Hills,0.0,,1
1381.879150390625,22.567731857299805,342.24322509765625,-9.689520811662078e-05,10,25.545061,91.269778,West Khasi Hills,0.0,Rainfall,1
472.03521728515625,25.190553665161133,179.40513610839844,-0.0014549233019351,30,25.935908,91.564903,Ri-Bhoi,2016.0,Rainfall,1
937.6719360351562,23.870210647583008,319.4163818359375,-0.003163456916809,50,25.629003,91.037664,West Khasi Hills,0.0,Rainfall,1
1324.0147705078125,9.252592086791992,132.60386657714844,0.00313699292019,30,25.42142,92.28894,Jaintial hills,0.0,,1
81.59207153320312,28.16405487060547,210.17100524902344,0.0005627742502838,10,25.046181,92.408878,East Jaintia Hills,2016.0,Rainfall,1
56.7280387878418,1.293611764907837,208.03671264648438,-0.0009575390722602606,50,26.120275967305897,91.7734006303584,background,,background,0
119.21330261230469,18.62843894958496,210.31683349609375,-0.0008244554046541452,10,25.18295979721804,90.97618898461172,background,,background,0
1076.480712890625,19.5266056060791,341.8714294433594,-0.0012867677723988,30,25.600736,91.177453,West Khasi Hills,0.0,Rainfall,1
710.6359252929688,28.521408081054688,122.29671478271484,0.0022065322846174,10,25.23572,91.68776,East Khasi Hills,0.0,Rainfall,1
1761.6380615234375,30.64657211303711,123.76172637939452,-0.0033927233889698,10,25.381107,91.756477,East Khasi Hills,0.0,Rainfall,1
158.68576049804688,2.7663466930389404,337.7699279785156,-0.0013354450929909945,10,25.203462438495617,91.51612341912411,background,,background,0
1082.292724609375,17.100566864013672,291.2537841796875,0.0013395302230492,10,25.69483,91.11836,West Khasi Hills,0.0,,1
75.44096374511719,6.703003406524658,61.07371139526367,-0.0014581645373255,10,25.6,90.03,West Garo Hills,2019.0,Rainfall,1
386.1676635742188,23.65526962280273,265.9773254394531,-0.0038180900737643,10,25.978481,91.569575,Ri-Bhoi,2016.0,Rainfall,1
502.7003479003906,27.57377243041992,184.5816345214844,0.0022181763779371,10,25.226046,91.701458,East Khasi Hills,0.0,Rainfall,1
1325.856689453125,22.052154541015625,33.04249954223633,-0.0001475911412853,10,25.546456,91.235733,West Khasi Hills,0.0,Rainfall,1
998.1915893554688,14.57516860961914,170.30287170410156,-0.0006379997357726,30,25.35465,92.5735,East Jaintia Hills,0.0,Rainfall,1
1130.5693359375,30.60378837585449,68.4565658569336,0.0024411629419773,10,25.687856,91.647944,West Khasi Hills,2016.0,Rainfall,1
1251.7379150390625,3.68032169342041,24.683399200439453,-0.005687347613275051,10,25.623822956912345,91.51662203368065,background,,background,0
731.8892211914062,29.51953887939453,167.59022521972656,-0.0015529547818005,10,25.24736,91.451647,East Khasi Hills,0.0,Rainfall,1
18.471521377563477,0.6170236468315125,258.9985656738281,-0.00011802920198533684,40,25.229703172588337,89.76554920271467,background,,background,0
503.784423828125,5.540007591247559,116.21418762207033,0.0026673823595046,10,25.65,90.38,West Garo Hills,2019.0,Rainfall,1
66.29019165039062,1.3027095794677734,151.56275939941406,0.0005686211516149342,30,26.017525599255443,92.77844589858897,background,,background,0
1199.776611328125,10.059111595153809,67.80077362060547,-0.002301427535712719,10,25.173987706152356,92.65543111372831,background,,background,0
414.6088562011719,7.24591588973999,57.50897216796875,-0.007896043360233307,10,26.00590499346083,92.16189048150378,background,,background,0
1835.6097412109375,12.013256072998047,83.71574401855469,-5.616829730570316e-05,30,25.495416442468727,91.6606157607981,background,,background,0
1084.10107421875,2.7878201007843018,215.68170166015625,-0.0025007915683090687,30,25.425976589761746,92.4478294849288,background,,background,0
1339.7142333984375,7.627861022949219,39.17283248901367,-0.0057039214298129,30,25.565489,91.220686,West Khasi Hills,0.0,Rainfall,1
949.2868041992188,4.722412109375,103.89289093017578,0.003906313795596361,40,25.56922878506026,92.46313497419513,background,,background,0
1500.887939453125,8.419509887695312,219.80323791503906,0.006371724419295788,10,25.494682112731525,91.30631079154186,background,,background,0
1114.25537109375,1.0825315713882446,207.2996368408203,0.0024767820723354816,30,25.320512952113795,92.33809546333126,background,,background,0
1584.90673828125,18.631540298461918,201.3336181640625,-0.0008416883647441,30,25.520356,91.537764,West Khasi Hills,2016.0,Rainfall,1
1365.465576171875,11.844833374023438,174.65357971191406,-0.00456088129431,10,25.544028,91.215472,West Khasi Hills,0.0,Rainfall,1
321.8392028808594,13.365655899047852,161.21035766601562,-0.0005205244524404,50,25.51028,90.21678, West Garo Hills,0.0,,1
325.64251708984375,10.182047843933105,138.80726623535156,0.004345293156802654,10,26.038157073925543,91.66420687873769,background,,background,0
142.9931640625,26.825050354003906,201.32879638671875,0.005704707931727171,10,25.072800496035494,92.4792399307162,background,,background,0
7.090310573577881,0.12384450435638428,29.796924591064453,-0.00011829129653051496,40,25.046896897702386,91.54093503150206,background,,background,0
24.16392707824707,1.2925589084625244,71.8225326538086,-0.0005460970569401979,10,25.219057017063133,89.83262736502441,background,,background,0
74.88232421875,5.139509201049805,355.2590637207031,-0.0015707062557339668,10,25.85874295747987,90.1903296044414,background,,background,0
297.7703552246094,19.35671615600586,127.68136596679688,0.0051102098077535,10,25.979244,91.860578,Ri-Bhoi,2012.0,Heavy rainfall,1
24.901338577270508,0.17342914640903473,272.8149719238281,-7.2261773311765864e-06,40,25.67649772304993,89.86318850378413,background,,background,0
682.247802734375,11.159836769104004,303.49993896484375,-0.0018448748160153627,10,25.84864582563004,92.35210858780714,background,,background,0
1367.6434326171875,32.9306755065918,331.2344970703125,-0.006288344040513,10,25.57428,91.831851,East Khasi Hills,0.0,Rainfall,1
531.1852416992188,24.59397315979004,148.57449340820312,-0.003499943297356367,10,25.35116131191583,91.99034354979398,background,,background,0
403.2604064941406,9.00410270690918,55.70307922363281,-0.0022605909034609795,10,25.48719912184583,90.56213810380048,background,,background,0
861.926025390625,10.804038047790527,337.88983154296875,-0.0030652929563075304,10,25.68506853416983,92.16660913819747,background,,background,0
47.193397521972656,0.32205674052238464,207.93006896972656,0.00028040644247084856,40,26.008634027077342,91.51197065130869,background,,background,0
127.26982879638672,5.616761207580566,196.9036102294922,-0.00014378243940882385,10,25.612294257926237,90.07589235658357,background,,background,0
1262.19384765625,38.967803955078125,94.11164093017578,0.0004048921400681,10,25.691453,91.645731,West Khasi Hills,2016.0,Rainfall,1
1202.5743408203125,6.485714435577393,24.419286727905273,0.0026558400131762028,30,25.429754381262352,92.38629373383668,background,,background,0
42.49178695678711,1.6079310178756714,293.7735290527344,-0.00025244452990591526,10,25.19175534051967,90.417781240122,background,,background,0
39.19343185424805,2.354835033416748,148.0027313232422,0.0009942223550751805,40,26.092345431785038,90.67884410814818,background,,background,0
74.03426361083984,23.452842712402344,37.38182830810547,-0.0061002997681498,10,25.047556,92.405806,East Jaintia Hills,2015.0,Rainfall,1
588.6436767578125,2.5418214797973633,104.5614242553711,0.0004003318026661873,60,25.524611514778766,90.87220762390325,background,,background,0
1699.2373046875,12.317977905273438,68.67963409423828,0.0089893033728003,30,25.568106,91.737919,West Khasi Hills,2016.0,Rainfall,1
1740.105712890625,9.95185089111328,267.21124267578125,-0.0042486945167183,30,25.509358,91.719631,East Khasi Hills,2016.0,Rainfall,1
800.12158203125,28.910573959350586,78.29187774658203,-0.004209067672491074,30,25.487121502897665,90.43633261253521,background,,background,0
290.8359375,9.460518836975098,22.086999893188477,0.004920226521790028,10,25.736016996362284,90.76551129314974,background,,background,0
1337.08740234375,15.767122268676758,84.63861083984375,-0.002546742558479309,10,25.499695120622963,92.11730823455427,background,,background,0
315.4613037109375,30.65823173522949,333.1548767089844,0.0006038795690983,10,25.039097,92.436869,East Jaintia Hills,0.0,Rainfall,1
143.2187042236328,26.810747146606445,329.9649353027344,0.004852196201682,10,25.148747,92.175119,West Jaintia Hills,2016.0,Rainfall,1
632.9398193359375,7.381408214569092,186.82472229003906,0.0040882849134504795,40,25.905196883123843,92.18865182261126,background,,background,0
79.7969970703125,18.31983757019043,150.3034210205078,0.0035693140234798,10,26.086975,91.7831,Ri-Bhoi,0.0,,1
323.2911071777344,18.55607795715332,229.50022888183597,0.0023802618961781,10,25.479069,90.807167,West Khasi Hills,0.0,Rainfall,1
53.58186721801758,1.3364030122756958,37.27070236206055,0.0003462684398982674,40,25.958794809408612,90.90542855268417,background,,background,0
520.2738647460938,26.858299255371094,167.46202087402344,0.0027423619758337,30,25.440153,90.881372,South West Khasi  Hills,0.0,Rainfall,1
79.99092102050781,20.721216201782227,302.31451416015625,0.0032495181076228,60,26.011861,91.569611,Ri-Bhoi,0.0,,1
925.214599609375,10.966692924499512,145.12298583984375,-0.002381604630500078,10,25.738372699525527,92.18249849569195,background,,background,0
367.5779724121094,38.18450927734375,126.74113464355469,-0.0022773845121264458,10,25.414962943108765,90.33900581954904,background,,background,0
1282.447265625,12.089337348937988,238.5372009277344,0.0046289809979498,10,25.569778,91.21575,West Khasi Hills,0.0,Rainfall,1
1601.114990234375,30.753324508666992,70.53952026367188,0.0018993956036865,10,25.430167,91.866528,East Khasi Hills,0.0,,1
51.19965362548828,4.8166327476501465,30.940454483032227,0.0011192208621650934,40,25.949218598974607,90.30631001001248,background,,background,0
686.8882446289062,29.40442657470703,355.4111328125,-0.0057032266631722,10,25.23707,91.43212,East Khasi Hills,0.0,,1
14.5,0.0043116165325045586,266.2166748046875,1.5899808204267174e-05,90,25.035623212741957,90.03779335386757,background,,background,0
29.15980529785156,16.5733642578125,311.9444274902344,-0.0002055815130006,10,25.169159,91.690014,East Khasi Hills,0.0,Rainfall,1
50.41380310058594,0.5174202919006348,167.37522888183594,0.00022334972163662314,40,25.975991355695864,91.40193840300952,background,,background,0
176.25889587402344,7.842496871948242,15.779577255249023,0.008639296516776085,10,25.831892089765255,90.46775118909422,background,,background,0
1177.4676513671875,11.599197387695312,291.9727478027344,0.0013661760604009032,10,25.640657364751345,91.5356746522974,background,,background,0
1024.4630126953125,26.618667602539062,327.9287414550781,-0.0027258873451501,10,25.668469,91.975083,East Khasi Hills,0.0,Rainfall,1
1153.6590576171875,9.02869987487793,255.68092346191406,-0.00025264115538448095,30,25.566240244653617,92.090109975853,background,,background,0
152.607666015625,36.0748291015625,228.7504730224609,0.0052235471084713,10,25.09178,92.35469,East Jaintia Hills,2018.0,Incessant rainfall prior to the failure reported (as per local media),1
794.6976318359375,7.907093524932861,284.8106689453125,-0.001052657375112176,10,25.416110889004983,92.61612259829249,background,,background,0
7.444950103759766,0.1854948252439499,142.74282836914062,0.0001300028816331178,40,25.190083447501568,91.05790096583793,background,,background,0
1155.77978515625,14.543730735778809,255.96551513671875,-0.0002984899911098,30,25.612794,91.173697,West Khasi Hills,0.0,Rainfall,1
263.3271484375,6.9062299728393555,32.22364044189453,0.0019981733057647943,10,25.436765314053194,90.70194557364974,background,,background,0
994.7930297851562,24.284542083740234,127.9287567138672,-0.0026592011563479,30,25.259326,91.872712,East Khasi Hills,0.0,Rainfall,1
987.0939331054688,12.81811809539795,57.3065185546875,-0.0065325610339641,30,25.672917,91.06475,West Khasi Hills,0.0,Rainfall,1
613.6582641601562,44.25334167480469,226.89645385742188,0.0039272704161703,10,25.206892,91.736341,East Khasi Hills,0.0,Rainfall,1
5.303253650665283,0.11845201253890991,114.55233001708984,-8.064837311394513e-05,40,25.013371541048773,91.26507579401373,background,,background,0
1651.4532470703125,7.931543827056885,274.57489013671875,0.002509186277166009,40,25.564856999286242,91.70714093320218,background,,background,0
1185.9000244140625,18.43476104736328,305.6522216796875,0.0008995730313472,10,25.496367,91.163575,West Khasi Hills,0.0,Rainfall,1
367.3561401367188,15.962605476379396,280.1456298828125,0.0050632902421057,10,25.716594,90.822539,East Garo hills,0.0,Rainfall,1
1272.4249267578125,12.795495986938477,141.92098999023438,0.0035129967145621,30,25.667744,91.597819,West Khasi Hills,0.0,Rainfall,1
1315.9561767578125,24.43326759338379,26.451435089111328,0.0030321418307721,10,25.546553,91.235222,West Khasi Hills,0.0,Rainfall,1
809.6096801757812,12.374924659729004,304.6175537109375,0.018696511164307594,60,25.433107480983754,91.18476461081065,background,,background,0
226.83164978027344,35.7901496887207,307.1083679199219,0.0038430837448686,10,25.087917,92.357906,East Jaintia Hills,2014.0,Rainfall,1
82.7588119506836,14.432767868041992,87.29886627197266,-0.0018384212162345648,10,25.3901521223865,90.15389323704707,background,,background,0
1346.47412109375,17.465051651000977,305.35748291015625,0.0002208404621342,10,25.534486,91.205492,West Khasi Hills,0.0,Rainfall,1
1295.188232421875,33.38811492919922,179.8043670654297,-0.006446231156587601,10,25.349160890741278,91.62465412963087,background,,background,0
538.0286254882812,38.9106330871582,102.09757995605467,0.0023498581722378,10,25.217558,91.709355,East Khasi Hills,0.0,Rainfall,1
346.2219543457031,2.2789461612701416,181.60279846191406,0.004138050600886345,30,25.68083682574462,90.84811358694354,background,,background,0
1514.4915771484375,28.995311737060547,57.3981819152832,-0.015169695019721985,10,25.362492463320276,91.75198073814263,background,,background,0
661.251953125,26.188011169433594,249.66331481933594,0.00020113185746595263,10,25.737456793345956,91.31038018624568,background,,background,0
234.14956665039065,38.00830078125,120.67852020263672,-0.0073331668972969,10,25.079028,92.359111,East Jaintia Hills,2014.0,Rainfall,1
446.8869934082031,30.66851043701172,42.10274887084961,-0.00484389066696167,10,25.320212600140582,91.06641216400986,background,,background,0
1555.8902587890625,15.19855785369873,82.18450927734375,-0.0029928763397037983,10,25.392241620086732,91.37663006763755,background,,background,0
838.2230224609375,14.456250190734863,141.2000732421875,-0.0105628669261932,10,25.324889,91.943417,East Khasi Hills,0.0,Rainfall,1
16.0,0.1716756671667099,265.24945068359375,0.0003302154946140945,80,25.482657104797507,89.75260507284884,background,,background,0
619.8015747070312,9.872672080993652,171.568115234375,0.0066473884508013725,10,25.850226509532025,92.4982790029564,background,,background,0
559.08544921875,12.082900047302246,182.5967712402344,0.0014693604316562,10,25.199311,91.858857,East Khasi Hills,0.0,Rainfall,1
91.88286590576172,30.20294761657715,65.63335418701172,-0.0018375776708126,10,25.182254,91.618979,East Khasi Hills,0.0,Rainfall,1
1376.4990234375,4.315629005432129,298.7372131347656,0.003272934351116419,40,25.440171042826005,91.27009541907141,background,,background,0
879.81494140625,11.213386535644531,62.96034622192383,-0.0027817226946353,10,25.247014,92.096144,West Jaintia Hills,0.0,Rainfall,1
640.6054077148438,16.822484970092773,49.318153381347656,-0.0015956907300278544,10,25.764949768382348,91.52131060765515,background,,background,0
620.6497802734375,28.15608024597168,29.4681396484375,-0.002354326192289591,10,25.835459253677467,91.73630966938795,background,,background,0
699.172607421875,5.087185382843018,221.80747985839844,-0.005037339404225349,10,25.78229246188931,92.33368659702576,background,,background,0
1217.0797119140625,19.66465187072754,90.58389282226562,5.083467112854123e-05,10,25.206301980206813,92.73793154986,background,,background,0
682.2218017578125,17.380020141601562,59.00387573242188,0.005070824176073,10,25.436875,91.06105,West Khasi Hills,0.0,Rainfall,1
1054.79296875,19.33055305480957,151.50564575195312,0.001300069154240191,30,25.245763938417838,92.75338689521176,background,,background,0
58.551822662353516,0.058436933904886246,180.14590454101562,0.00019922544015571475,40,26.11882534294262,92.6794872684711,background,,background,0
434.4111633300781,17.14749526977539,307.2845458984375,0.0100083015859127,10,25.635556,90.807778,East Garo hills,0.0,Rainfall,1
1066.223388671875,4.1471757888793945,279.7657470703125,0.0024009468033909798,40,25.46230929757137,92.10749609476467,background,,background,0
1177.1357421875,30.226634979248047,338.308837890625,0.0010637223022058,10,25.358977,91.973477,East Khasi Hills,0.0,,1
985.3563842773438,18.47953224182129,330.8593444824219,-0.0013250989140942,10,25.671944,91.096139,West Khasi Hills,0.0,Rainfall,1
196.57460021972656,17.257539749145508,322.43377685546875,0.0031745415180921555,10,25.90703032673268,90.57542400443607,background,,background,0
721.63037109375,9.447690963745117,47.67475891113281,0.0041286759078502655,10,25.837249438101384,92.16954627087812,background,,background,0
956.3530883789062,28.785966873168945,31.194477081298828,0.0040399483405053,10,25.223769,91.740164,East Khasi Hills,0.0,Rainfall,1
36.483097076416016,3.5549538135528564,81.00273895263672,-0.0016706930473446846,10,26.045281200609452,90.25023818455645,background,,background,0
651.1553955078125,9.30256462097168,336.8265380859375,-0.0045128632336854935,10,25.77246048402652,91.58748246832361,background,,background,0
1198.478515625,20.677715301513672,244.36642456054688,0.0028008888475596,30,25.644222,91.158528,West Khasi Hills,0.0,Rainfall,1
1305.929931640625,1.9114512205123901,121.1611557006836,-0.00490307342261076,30,25.387440679332116,92.34022597207027,background,,background,0
1640.89599609375,14.27895736694336,26.46409797668457,-0.0007307546911761165,30,25.5088393897879,91.55723720553604,background,,background,0
682.199462890625,15.793462753295898,187.4474029541016,-0.003393480554223,10,25.215611,92.077361,West Jaintia Hills,0.0,Rainfall,1
59.84312057495117,19.45152473449707,26.216590881347656,0.0016544621903449,10,25.156542,92.198469,West Jaintia Hills,2016.0,Rainfall,1
137.2607421875,20.220373153686523,354.0484924316406,0.00046163657680153847,10,25.894841601418488,91.23371857224193,background,,background,0
6.9914140701293945,0.11846353113651276,250.5610809326172,0.0003258060896769166,40,25.120430969095928,90.91512745827441,background,,background,0
928.27880859375,18.94732666015625,288.83868408203125,0.0041213929653167,10,25.666028,91.091167,West Khasi Hills,0.0,Rainfall,1
6.490153789520264,0.04745154455304146,15.302800178527832,0.00012762454571202397,40,25.04708137326896,90.87441868568351,background,,background,0
511.2313537597656,11.665458679199219,234.8412322998047,-0.00028438129811547697,10,25.497037291793436,92.76709763142838,background,,background,0
38.33323287963867,17.272613525390625,38.07039260864258,-0.0031969491392374,10,25.156419,92.141353,West Jaintia Hills,2016.0,Rainfall,1
1564.6800537109375,2.50312876701355,253.05233764648438,0.0014649373479187489,40,25.500091965704872,91.46106331670876,background,,background,0
233.08987426757807,22.32087516784668,170.88853454589844,0.0068602543324232,10,25.044833,92.429333,East Jaintia Hills,2015.0,Rainfall,1
1131.4117431640625,13.920459747314451,92.26832580566406,0.0008202211465686,10,25.54261,92.10867,East Khasi Hills,0.0,,1
68.18287658691406,15.683459281921387,35.80637741088867,0.0020237823482602835,10,25.433839649679214,89.9682730195154,background,,background,0
29.910093307495117,0.7260414958000183,250.23294067382812,-0.00036385731073096395,40,25.964675911047966,89.99180862602687,background,,background,0
32.00877380371094,0.2842179238796234,124.12708282470703,1.9041815903619863e-05,40,26.056846039556294,90.25979878349622,background,,background,0
1073.228515625,45.96017074584961,175.9672393798828,0.0076048010960221,30,25.243783,91.738698,East Khasi Hills,0.0,Rainfall,1
111.38298034667969,5.903377056121826,340.9415283203125,0.0016179257072508335,10,25.445065163712943,90.06689646064173,background,,background,0
27.39974594116211,0.4783713221549988,154.5361328125,-1.772487667039968e-05,40,25.951872351133787,89.71962691166985,background,,background,0
1333.69091796875,22.05015563964844,55.4772834777832,-0.0038618487305939,10,25.551225,91.232636,West Khasi Hills,0.0,Rainfall,1
829.4680786132812,17.40610694885254,273.5321044921875,-0.005816197954118252,10,25.46363629621465,90.47865431411398,background,,background,0
888.2994995117188,21.70814323425293,341.7659912109375,-0.004880142398178577,10,25.686692400236886,91.02654321875073,background,,background,0
17.830318450927734,1.449463963508606,290.5870361328125,-0.00032693336834199727,10,25.075667849946026,90.22704465463572,background,,background,0
947.9736328125,15.573062896728516,149.59661865234375,-0.0052785733714699,30,25.663444,91.915944,Ri-Bhoi,2017.0,,1
31.801130294799805,2.5609960556030273,25.819557189941406,0.0002479596296325326,10,25.84226143656372,90.01754871141426,background,,background,0
94.07178497314453,11.277663230895996,157.9880828857422,-0.008571239188313484,10,25.400027118288207,90.04527201396147,background,,background,0
1776.2843017578125,7.520884990692139,18.633100509643555,-0.0033312872983515,30,25.507586,91.708236,East Khasi Hills,2016.0,Rainfall,1
916.5897827148438,34.37594223022461,232.4564666748047,0.0038519927766174,10,25.289055,91.533039,South West Khasi  Hills,0.0,Rainfall,1
717.0208129882812,22.04703712463379,99.75399017333984,0.0009294029441662,10,25.455639,91.082944,West Khasi Hills,0.0,Rainfall,1
7.493345260620117,0.33178654313087463,295.47198486328125,8.22498113848269e-05,80,25.066978910354095,91.97089869342173,background,,background,0
1749.3179931640625,32.93863677978516,130.62942504882812,0.0005946810706518,30,25.390714,91.764766,East Khasi Hills,0.0,Rainfall,1
749.9190673828125,18.35329246520996,180.63113403320312,0.006092642433941364,10,25.330185639442366,92.05805541165313,background,,background,0
183.76565551757812,2.080446720123291,71.50112915039062,0.0031264731660485268,10,25.24291340543388,90.45008588200629,background,,background,0
239.58668518066406,11.973770141601562,56.5689811706543,0.0017008428694680333,10,25.74814532933553,90.46697435792683,background,,background,0
961.2612915039062,25.43160820007324,140.47023010253906,-0.0014809063868597,30,25.75634,92.017832,Ri-Bhoi,2014.0,Heavy rainfall,1
438.11456298828125,19.5286808013916,65.76663970947266,-0.003706249175593257,10,25.500007233350168,90.53682237709377,background,,background,0
1311.1824951171875,18.102127075195312,95.60938262939452,-0.0035907791461795,30,25.558442,91.228547,West Khasi Hills,0.0,Rainfall,1
163.13206481933594,16.688291549682617,95.04898071289062,-0.002886702073737979,10,25.892213210555003,90.80202784649727,background,,background,0
616.3046875,7.607273101806641,165.70765686035156,0.0010474430164322257,10,25.6599882594842,90.30506280670387,background,,background,0
1337.700927734375,23.19346809387207,79.69361114501953,-0.0035295584239065,10,25.550608,91.232894,West Khasi Hills,0.0,Rainfall,1
684.5589599609375,20.850021362304688,2.930711507797241,-0.0070382226258516,10,25.266222,92.202528,West Jaintia Hills,0.0,Rainfall,1
31.139766693115234,0.12836390733718872,271.0096435546875,-0.0001037019828800112,40,26.069062396077516,90.40409755659222,background,,background,0
1325.559326171875,28.58787727355957,248.5763397216797,0.0002451942127663,30,25.563239,91.225711,West Khasi Hills,0.0,Rainfall,1
23.193607330322266,0.13094373047351837,342.5982360839844,-1.2566621080623008e-05,40,25.61936747915129,89.79821500503547,background,,background,0
893.4898681640625,21.96099281311035,176.37786865234375,-0.0022422347683459,30,25.746722,92.111139,East Khasi Hills,0.0,Rainfall,1
46.39091873168945,0.24384833872318268,355.6515197753906,-5.807113120681606e-05,40,26.115706659594025,91.40777242919873,background,,background,0
40.39799499511719,0.2743228077888489,176.62376403808594,0.00048729017726145685,40,26.044595866840186,91.06670202243151,background,,background,0
1172.40234375,25.479467391967773,245.19715881347656,-0.005934718996286392,10,25.27523792425711,92.56844201219913,background,,background,0
270.0049133300781,19.883316040039062,90.42042541503906,-0.0025793807581067085,10,26.05964211352138,90.57260208284006,background,,background,0
461.64996337890625,7.98406457901001,141.81982421875,0.0039847297593951225,10,25.45917191751973,90.62712290071123,background,,background,0
290.3782043457031,30.55611228942871,146.0084991455078,0.0027201306074857,60,25.211269,91.208223,South West Khasi  Hills,0.0,Rainfall,1
400.27142333984375,28.487764358520508,205.13278198242188,-0.0047571952454745,10,25.20111,91.640451,East Khasi Hills,0.0,Rainfall,1
635.2542724609375,11.089454650878906,60.23223876953125,-0.010063650086522102,10,25.929114403100513,91.6823512302563,background,,background,0
28.452138900756836,0.18070943653583527,248.7848663330078,-6.8693871071445756e-06,40,25.909016200955765,90.09381373849939,background,,background,0
1017.1668701171876,18.438066482543945,357.64459228515625,-3.624008968472481e-05,10,25.669678,91.102908,West Khasi Hills,0.0,Rainfall,1
903.261474609375,24.78717803955078,116.35419464111328,-0.0016212856862694,10,25.243671,91.866854,East Khasi Hills,0.0,Rainfall,1
761.7840576171875,10.739627838134766,140.090087890625,-0.0036778931971639395,30,25.651132650648133,92.6323137692621,background,,background,0
597.0316772460938,28.32585334777832,173.40155029296875,0.0044337483122944,30,25.970062,92.054889,Ri-Bhoi,2015.0,Heavy rainfall,1
1218.109619140625,15.749021530151367,2.03399658203125,0.0006612012512050569,10,25.6384957349329,91.71659119264586,background,,background,0
35.12653350830078,22.432722091674805,315.63348388671875,0.0006753064808435,10,25.181969,91.637545,East Khasi Hills,0.0,Rainfall,1
109.02163696289062,18.914628982543945,189.3112335205078,0.0056306421756744385,10,26.10008426573032,91.99421003355451,background,,background,0
253.4342498779297,10.711706161499023,220.14202880859375,0.001209025620482862,10,25.431728985202664,90.28879709691887,background,,background,0
826.531982421875,8.337115287780762,111.83489227294922,0.0043453034013509,10,25.704083,92.118833,East Khasi Hills,0.0,Rainfall,1
342.1741638183594,6.403186798095703,304.55145263671875,0.0066125956363976,10,25.818655704482588,90.7491641181214,background,,background,0
16.606708526611328,0.5044661164283752,240.9727783203125,-0.0001345343771390617,40,25.07694359280956,89.99862705910793,background,,background,0
26.478580474853516,1.7029653787612915,333.74169921875,0.0004731935332529247,40,25.603589724119523,89.94669486936225,background,,background,0
1140.09375,29.104137420654297,198.2187347412109,0.0011389218270778,10,25.607567,91.174906,West Khasi Hills,0.0,Rainfall,1
709.3678588867188,13.437458038330078,293.7525939941406,0.006083138752728701,10,25.23539862956822,91.31006179984514,background,,background,0
849.0921020507812,14.72111988067627,236.64654541015625,-0.010290129110217,10,25.763347,91.657153,West Khasi Hills,2016.0,Rainfall,1
273.7158203125,22.4697380065918,14.015525817871094,-0.004400230012834,10,25.972469,91.560822,Ri-Bhoi,2016.0,Rainfall,1
11.0,0.0,-0.0,0.0,40,25.031297565331705,89.71145299203927,background,,background,0
376.2837219238281,13.883662223815918,334.36865234375,0.0015181140042841434,10,25.676050619249303,90.71528750118925,background,,background,0
506.1717834472656,26.565473556518555,262.1972045898437,-0.004299365915358,30,25.930386,91.571822,Ri-Bhoi,2016.0,Rainfall,1
22.59808921813965,1.8137611150741577,328.5827331542969,0.0010153057519346476,40,25.513886150604183,89.80239674799549,background,,background,0
1527.6358642578125,8.945554733276367,216.22085571289065,-2.0707870135083795e-05,30,25.38803,91.46977,West Khasi Hills,0.0,,1
1797.2060546875,3.9815595149993896,172.17738342285156,-0.0009796356316655874,30,25.391000168073276,91.692552829606,background,,background,0
1248.9549560546875,24.837087631225582,348.8719787597656,-0.0003050022351089,50,25.545139,92.104778,East Khasi Hills,0.0,Rainfall,1
534.0416870117188,4.0350728034973145,177.15155029296875,-0.0036297945771366358,10,25.20337625567513,92.11991652005345,background,,background,0
1509.145263671875,26.244140625,128.33624267578125,-0.0017795435851439,10,25.300389,91.726722,East Khasi Hills,0.0,,1
189.558837890625,12.909754753112793,292.18365478515625,0.0012619397602975368,10,25.770922877253597,90.43196024853688,background,,background,0
1147.2672119140625,23.088455200195312,93.6065902709961,0.0030834274366497,10,25.618994,91.185681,West Khasi Hills,0.0,Rainfall,1
1232.71533203125,18.025070190429688,47.35519790649414,0.0086271315813064,10,25.343028,92.0625,West Jaintia Hills,0.0,Rainfall,1
679.0955200195312,8.77560806274414,3.878232955932617,0.006917851511389017,10,25.681820146703284,92.60133630038882,background,,background,0
67.34615325927734,0.5494955778121948,273.50653076171875,0.00035060057416558266,40,25.964307740732263,92.74830649126525,background,,background,0
68.63933563232422,17.92499351501465,323.91455078125,0.002802065340802,10,26.061,92.241,Ri-Bhoi,0.0,Anthropogenic activity and Incessant rainfall,1
908.23046875,19.964967727661133,297.1116027832031,0.0015139097813516,30,25.280528,92.380042,East Jaintia Hills,2014.0,Rainfall,1
12.044219970703125,0.2713056802749634,47.85653305053711,3.026099147973582e-05,40,25.154609978570747,90.63123455482318,background,,background,0
973.4483642578124,30.16522789001465,299.8225402832031,0.0057924184948205,10,25.670083,91.094806,West Khasi Hills,0.0,Rainfall,1
1141.426025390625,21.626686096191406,243.79037475585935,0.0054080057889223,10,25.630652,91.87886,East Khasi Hills,0.0,Rainfall,1
137.7630615234375,17.945890426635742,146.0381622314453,0.0088639259338378,10,25.216169,91.389142,East Khasi Hills,0.0,Rainfall,1
138.6590576171875,9.795056343078613,147.57127380371094,0.002344344509765506,10,25.685793239884962,90.10068332250648,background,,background,0
57.65522003173828,5.112545967102051,351.3784484863281,-0.0014335556188598275,10,26.140346201257177,90.60417077311523,background,,background,0
295.2051086425781,11.52588939666748,161.9527130126953,0.0039173336699604,10,25.48586,90.7005,South Garo hills,0.0,Anthropogenic,1
26.56275177001953,0.7071324586868286,232.08230590820312,-0.0003911455860361457,60,25.7856342325849,89.85124867447584,background,,background,0
9.453483581542969,0.05422308295965195,189.75244140625,5.5097134463721886e-05,40,25.14409732994701,90.85165226213216,background,,background,0
168.10311889648438,23.710111618041992,125.4263916015625,0.0135665833950042,10,25.093078,92.348025,East Jaintia Hills,2016.0,Rainfall,1
1023.5858154296876,27.40024185180664,164.0742645263672,0.0013487255200743,30,25.563472,92.329689,East Jaintia Hills,0.0,Slope cutting,1
85.2105941772461,3.794689416885376,68.31404113769531,-0.008114546537399292,10,25.938660749544177,90.30522045481882,background,,background,0
748.0713500976562,8.318252563476562,124.4342803955078,-0.0005059525137767,10,25.760611,91.88225,Ri-Bhoi,2015.0,Heavy rainfall,1
49.67900466918945,1.2032630443572998,240.74310302734375,0.000311670039081946,40,25.94597303876852,91.07484790608795,background,,background,0
305.8577575683594,21.421947479248047,325.7652893066406,0.0026920973323285,10,25.96,91.857,Ri-Bhoi,2015.0,Heavy rainfall,1
15.393620491027832,0.26445338129997253,331.91510009765625,-4.168392842984758e-05,40,25.112656325863597,90.06676965250527,background,,background,0
54.32737350463867,0.8416567444801331,261.7430419921875,-0.0010689517948776484,10,25.95605042195346,91.21552406740736,background,,background,0
572.6610717773438,16.668312072753906,321.2181396484375,0.0001095242332667,10,25.560028,90.833917,South West Khasi  Hills,0.0,Rainfall,1
306.8129577636719,2.2069008350372314,258.9755859375,0.00033061852445825934,10,25.340826818168996,90.61372924836397,background,,background,0
41.29448699951172,6.68940544128418,15.14179229736328,0.0041613159701228,40,25.25419,90.21486, West Garo Hills,0.0,,1
981.6477661132812,20.76948928833008,120.50037384033205,-0.0020541497506201,30,25.257449,91.87187,East Khasi Hills,0.0,Rainfall,1
1340.07958984375,12.459693908691406,172.49778747558594,0.0042067724280059,30,25.549667,91.242444,West Khasi Hills,0.0,Rainfall,1
1667.7689208984375,1.889206051826477,352.3150939941406,0.0058927023783326,40,25.545722,91.520556,West Khasi Hills,0.0,Rainfall,1
1228.1248779296875,13.188904762268066,184.3843536376953,0.0082556754350662,30,25.624778,91.16775,West Khasi Hills,0.0,Rainfall,1
534.0708618164062,32.38996505737305,174.70291137695312,-0.004840879235416651,10,25.225465200167605,91.4137076250323,background,,background,0
78.20349884033203,28.32095718383789,217.2797698974609,0.0044831149280071,10,25.045389,92.410444,East Jaintia Hills,2014.0,Rainfall,1
47.642208099365234,1.7373597621917725,194.84036254882812,0.0019775922410190105,10,25.816170097608506,90.00806922192673,background,,background,0
1228.10595703125,17.636884689331055,336.3255920410156,0.0009894899558275,30,25.582061,91.185611,West Khasi Hills,0.0,Rainfall,1
72.09217834472656,9.857726097106934,217.36839294433597,0.0002031609037658,10,25.049744,92.400678,East Jaintia Hills,2016.0,Rainfall,1
1532.1011962890625,28.394805908203125,265.8763732910156,-0.0089147966355085,30,25.383298,91.87473,East Khasi Hills,0.0,Rainfall,1
995.8151245117188,22.16439437866211,117.73989868164062,-0.0038370199035853,30,25.2608,91.8736,East Khasi Hills,0.0,Rainfall,1
1518.75927734375,29.41823387145996,297.46539306640625,0.000684161670506,10,25.346641,91.891987,East Khasi Hills,0.0,Rainfall,1
1719.5831298828125,14.305615425109863,220.35826110839844,0.0047043096274137,30,25.461894,91.830791,East Khasi Hills,0.0,Rainfall,1
262.1527404785156,14.318511962890623,131.93678283691406,-0.0012570149265229,10,25.14775,92.375528,East Jaintia Hills,2016.0,Rainfall,1
182.76683044433594,7.724412441253662,162.41368103027344,-3.7643301766365767e-05,10,25.734370718334816,90.15793852341227,background,,background,0
17.404266357421875,1.4635083675384521,166.0857391357422,-0.00038623224827460945,10,25.137424699214787,90.53591568462477,background,,background,0
1384.5,6.821997165679932,139.0023651123047,0.004064120817929506,30,25.394014714732414,91.55406868458277,background,,background,0
130.09149169921875,6.948806285858154,144.93826293945312,0.0026700550224632025,10,25.759956664510405,90.23290792716323,background,,background,0
1266.919677734375,9.393975257873535,278.3514404296875,0.0077917198650538,10,25.570361,91.215056,West Khasi Hills,0.0,Rainfall,1
1060.2509765625,21.29327964782715,83.59662628173828,0.0046592508442699,10,25.27142,91.874884,East Khasi Hills,0.0,Rainfall,1
55.21846008300781,2.7378416061401367,330.4079895019531,-0.0006111376569606364,10,25.9047700033802,90.24836368839203,background,,background,0
1210.3868408203125,19.24551010131836,21.19552993774414,-0.0035535071510821,10,25.301444,91.9245,East Khasi Hills,0.0,,1
1161.8828125,13.354619026184082,138.5657501220703,-0.0011383949313312,50,25.582167,92.058333,East Khasi Hills,0.0,Rainfall,1
929.4450073242188,13.241047859191896,244.65170288085935,0.0013694152003154,10,25.611361,91.022019,West Khasi Hills,0.0,Rainfall,1
1066.1947021484375,23.08698844909668,84.1930923461914,9.420035348739476e-05,10,25.269949,91.875273,East Khasi Hills,0.0,Rainfall,1
42.36723327636719,0.078915074467659,73.53721618652344,5.1174734835512936e-05,40,26.010674277715943,91.21114291377579,background,,background,0
24.68667984008789,0.1646139770746231,245.58961486816406,-0.00018167210510000587,40,25.783947060402934,89.98711989006074,background,,background,0
499.626220703125,26.891319274902344,116.4505386352539,-0.0051363762468099,30,25.552992,90.814503,West Khasi Hills,0.0,Rainfall,1
857.1670532226562,7.855727195739746,11.616259574890137,0.0011867342982441187,10,25.402714141357713,92.59259394019094,background,,background,0
988.992919921875,8.679261207580566,184.5903778076172,-0.0016548825660720468,30,25.299709092186045,92.4177738239528,background,,background,0
1203.591552734375,4.051576137542725,288.0131530761719,0.0012972877593711019,30,25.340837849295536,92.27926381020326,background,,background,0
1168.464599609375,4.997605323791504,359.9469909667969,-0.0003694354090839,10,25.529408,92.455339,West Jaintia hills,0.0,Anthropogenic,1
68.54864501953125,3.572925329208374,311.9422302246094,-0.001574674271978438,10,25.8698200495077,91.1636037023718,background,,background,0
10.778661727905273,0.2356899380683899,153.33099365234375,0.0002656254218891263,40,25.04075568594913,92.01076746308424,background,,background,0
1687.112548828125,20.849571228027344,131.72198486328125,0.0001396406732965,30,25.581829,91.765659,East Khasi Hills,0.0,Rainfall,1
587.40771484375,26.66411018371582,172.9551239013672,-0.0021318623330444,10,25.20836,91.725397,East Khasi Hills,0.0,Rainfall,1
992.322998046875,28.9575252532959,207.71388244628906,0.0030474180821329355,10,25.33908560053624,92.04953137935414,background,,background,0
1407.668212890625,40.03145980834961,52.16784286499024,0.0076527344062924,10,25.376083,91.876944,East Khasi Hills,0.0,,1
863.3340454101562,20.0450496673584,88.91615295410156,-0.0039933160878717,10,25.64575,92.071167,East Khasi Hills,0.0,Rainfall,1
980.3167114257812,36.714637756347656,213.2834014892578,0.0001196274824906,10,25.346972,92.008278,West Jaintia Hills,0.0,Rainfall,1
353.00897216796875,9.129249572753906,66.06942749023438,-0.0043335705995559,10,25.50781,90.68,East Garo hills,0.0,Anthropogenic,1
332.633056640625,30.89659881591797,159.46676635742188,0.0017814480233937,10,25.037722,92.439556,East Jaintia Hills,2016.0,Rainfall,1
1695.3756103515625,20.875680923461918,2.1790809631347656,0.0016253924695774,10,25.549789,91.645033,West Khasi Hills,2016.0,Rainfall,1
1510.617431640625,27.034103393554688,115.1547393798828,0.0008684332715347,10,25.299931,91.726268,East Khasi Hills,0.0,Rainfall,1
1530.08544921875,12.44920539855957,271.49859619140625,0.0015101379249244928,10,25.58229605528774,91.81263568192242,background,,background,0
1012.394287109375,20.331724166870117,128.20370483398438,0.0017296829028055072,10,25.32802482343723,92.73964300541542,background,,background,0
98.88660430908203,6.101508617401123,245.8297576904297,0.00674550561234355,10,25.865727552907632,91.27765096127041,background,,background,0
45.46493148803711,1.495705485343933,44.692195892333984,0.00030081707518547773,40,26.00390458827785,90.98328066101966,background,,background,0
668.3378295898438,19.461387634277344,172.7650604248047,0.000968599342741,10,25.214944,92.073917,West Jaintia Hills,2016.0,Rainfall,1
55.18332290649414,11.091575622558594,314.6440124511719,0.000983161386102438,10,25.919676564478685,90.1670268845911,background,,background,0
830.1764526367188,10.044466972351074,288.6810302734375,0.0010461527854204,50,25.258603,92.38555,East Jaintia Hills,2016.0,Rainfall,1
33.0984992980957,0.09060133248567581,191.19911193847656,5.309878179104999e-05,40,26.11313941577625,90.44961121267332,background,,background,0
32.04255294799805,2.8895864486694336,17.665203094482422,0.000610269489698112,10,26.114629950399372,89.76557497198972,background,,background,0
1037.159423828125,15.079872131347656,59.77540969848633,-0.0024702579248696,30,25.375719,92.610181,East Jaintia Hills,0.0,Anthropogenic,1
582.6357421875,2.5182833671569824,215.4958038330078,-0.001835722359828651,10,25.418418568053365,90.89417302061268,background,,background,0
19.81396484375,1.0977284908294678,123.36790466308594,-0.0008616005652584136,10,25.026958523954868,90.02912395479225,background,,background,0
396.807373046875,24.768695831298828,87.76112365722656,-0.0007281828438863,10,25.295881,91.071747,West Khasi Hills,0.0,Rainfall,1
720.2783203125,26.46833610534668,232.35675048828125,-0.003965785726904869,10,25.93612898455522,92.07670310446076,background,,background,0
177.43170166015625,22.8803653717041,187.56765747070312,-0.00040962977800518274,10,25.806286068353764,91.4039262849273,background,,background,0
618.4012451171875,40.5244255065918,357.2469177246094,-0.0021407799795269,10,25.222304,91.763619,East Khasi Hills,0.0,Rainfall,1
960.8514404296875,11.94437313079834,102.5960693359375,0.011903123930096626,10,25.312756089440267,92.34088728930585,background,,background,0
578.5955810546875,26.560138702392575,67.21519470214844,0.0029520061798393,10,25.228005,91.687913,East Khasi Hills,0.0,Rainfall,1
504.60150146484375,15.799046516418455,140.7917022705078,0.0023838933557271,30,25.557833,90.818103,East Garo hills,0.0,Rainfall,1
14.663629531860352,1.4475535154342651,153.73028564453125,9.968717495212331e-05,30,25.201,91.234,West Khasi Hills,0.0,,1
29.468242645263672,23.158166885375977,142.96978759765625,0.0061769257299602,10,25.11303,92.37394,East Jaintia Hills,0.0,Heavy rainfall,1
1275.81884765625,32.5457763671875,193.34849548339844,-0.006986550055444241,10,25.367504078580243,92.12048962512436,background,,background,0
27.453441619873047,0.14095661044120789,186.68310546875,7.535958866355941e-05,40,25.207715497037697,90.12831968360922,background,,background,0
1782.639892578125,0.6399031281471252,0.7516597509384155,-0.00814213976264,10,25.460926184204038,91.73539259172013,background,,background,0
215.7779083251953,9.612568855285645,33.821067810058594,-0.0021861079148948193,10,25.554372707443235,90.19480467376542,background,,background,0
715.013671875,19.52202606201172,192.2729949951172,-0.006244056858122349,10,25.126605932056844,92.78510276883972,background,,background,0
23.0,0.0,-0.0,0.0,40,25.95041945865409,89.97078172444883,background,,background,0
910.7544555664062,11.870402336120605,101.0083236694336,0.004702570848166943,10,25.474043503278352,90.45843819716936,background,,background,0
6.694197654724121,0.44236135482788086,249.07037353515625,0.0005290490225888789,40,25.128889033587214,90.94225477027854,background,,background,0
528.8930053710938,18.85849380493164,177.2609100341797,0.0066480166278779,10,25.207314,91.592357,East Khasi Hills,0.0,Rainfall,1
1276.4810791015625,30.125438690185547,30.096630096435547,0.0003527774242684,10,25.27342,91.578074,East Khasi Hills,0.0,Rainfall,1
109.98493957519531,7.104615211486816,100.93063354492188,-0.001032032654620707,10,25.85553461101234,90.17998800332927,background,,background,0
624.2996826171875,18.86285972595215,149.09864807128906,0.005719375796616,10,25.234952,91.689803,East Khasi Hills,0.0,Rainfall,1
566.7981567382812,10.837244033813477,185.38877868652344,0.0017320137703791,10,25.61,90.29,West Garo Hills,2019.0,Rainfall,1
1180.2939453125,28.64131736755371,92.9777603149414,0.0008928286843001,30,25.692933,91.647703,West Khasi Hills,2016.0,Rainfall,1
9.083466529846191,0.5747069120407104,231.80101013183594,-0.00014454114716500044,40,25.102266060940288,91.54612607290989,background,,background,0
177.35479736328125,5.793562412261963,274.05767822265625,-0.0016818651929497719,10,25.820564878219272,90.52264251049635,background,,background,0
1047.0921630859375,18.72322654724121,35.79755401611328,-0.0084566818550229,10,25.224654,91.735929,East Khasi Hills,0.0,Rainfall,1
1152.9779052734375,24.13241004943848,18.85661506652832,-0.0026164359878748,10,25.282608,91.867354,East Khasi Hills,0.0,Rainfall,1
24.35626983642578,0.9466803073883057,176.4306182861328,-0.0015017921105027199,10,25.287825267472194,89.82821493468903,background,,background,0
668.6262817382812,15.655743598937988,187.87066650390625,-0.0014388626441359,10,25.215028,92.075167,West Jaintia Hills,0.0,Rainfall,1
817.3267211914062,38.6865119934082,263.57427978515625,-7.16126523911953e-05,10,25.148306020463334,92.60836509962057,background,,background,0
688.9166259765625,33.091453552246094,166.43417358398438,-0.0027952757664024,10,25.2071,91.741225,East Khasi Hills,0.0,Rainfall,1
31.237937927246094,4.720250129699707,292.75079345703125,0.002343221101909876,40,25.890347862503738,90.11208277540253,background,,background,0
879.4617309570312,17.631317138671875,231.6558380126953,0.0027834987267851,30,25.708426,91.896406,East Khasi Hills,0.0,Rainfall,1
1094.9046630859375,12.992462158203123,341.9283447265625,-0.0025775888934731,10,25.671125,91.178883,West Khasi Hills,0.0,Rainfall,1
1221.6097412109375,25.73365592956543,286.3556823730469,0.0032077389769256,10,25.619861,91.875111,East Khasi Hills,0.0,Rainfall,1
35.241886138916016,0.5837202072143555,168.17633056640625,-0.002237811218947172,10,26.03041063128846,89.803948975044,background,,background,0
923.8782348632812,10.865166664123535,82.79891204833984,-0.0054699382744729,30,25.691444,91.057,West Khasi Hills,0.0,Rainfall,1
1409.256103515625,31.713823318481445,8.83395004272461,0.018777709454298,30,25.389028,91.874917,East Khasi Hills,0.0,,1
60.88241958618164,2.061302423477173,117.51591491699219,-0.00019542807422112674,40,25.922566207419464,91.09420903193244,background,,background,0
1194.2750244140625,18.06144142150879,308.62567138671875,0.0022605513222515,10,25.576806,92.242444,East Khasi Hills,0.0,Rainfall,1
78.79927062988281,29.68516159057617,63.132118225097656,0.0054612029343843,10,25.153272,92.206058,West Jaintia Hills,2016.0,Rainfall,1
2.2086880207061768,0.10579316318035126,267.0212707519531,3.9700134948361665e-05,90,25.059625500413496,91.17974084374775,background,,background,0
972.7352294921875,4.09412956237793,322.91656494140625,0.00030519915162585676,10,25.651344520743276,92.1916352979351,background,,background,0
974.6058959960938,17.274608612060547,302.1354064941406,0.0012669053394347,50,25.667597,91.063169,West Khasi Hills,0.0,Rainfall,1
731.0756225585938,10.539203643798828,257.1342163085937,-0.002728656399995,10,25.787,91.876583,Ri-Bhoi,2015.0,Heavy rainfall,1
68.09529113769531,7.7791266441345215,62.3878173828125,0.0010716954711824656,10,25.919716017919207,90.91249809233946,background,,background,0
244.27560424804688,0.8965144753456116,262.51953125,0.0006382898427546,10,25.5014,90.68972,East Garo hills,0.0,Rainfall,1
1247.8826904296875,9.822422981262209,109.68050384521484,0.0020888769067823,30,25.57425,91.214472,West Khasi Hills,0.0,Rainfall,1
95.67261505126952,19.43458747863769,18.844877243041992,-0.0016540266806259,10,25.157592,92.239928,East Jaintia Hills,2016.0,Rainfall,1
278.3500061035156,13.743775367736816,339.250244140625,-0.0008869417943060398,10,25.693399905486668,90.65982211237991,background,,background,0
206.6108856201172,34.300838470458984,159.60787963867188,-0.0003535191935952,10,25.043667,92.425444,East Jaintia Hills,2016.0,Rainfall,1
1819.5125732421875,4.012870788574219,219.48883056640625,0.00036820356035605073,30,25.45314736844339,91.86105711009468,background,,background,0
21.935300827026367,0.9631325006484985,92.66183471679688,-0.0008096453384496272,40,25.521888795856356,89.83319782689988,background,,background,0
622.8216552734375,5.073449611663818,194.0882110595703,0.0031541942153126,10,25.436706,91.051053,West Khasi Hills,0.0,Rainfall,1
1685.3115234375,5.407623767852783,112.8288803100586,0.003020910080522299,40,25.483080098956993,91.56045513805354,background,,background,0
1330.85693359375,22.439577102661133,340.1419677734375,0.0003988561220467,10,25.53725,91.206972,West Khasi Hills,0.0,Rainfall,1
1526.701171875,28.919137954711918,306.8659973144531,0.0003097769222222,50,25.34555,91.891461,East Khasi Hills,0.0,Rainfall,1
414.0065612792969,26.473722457885746,35.07886505126953,-0.0066027254797518,10,25.895583,91.599333,Ri-Bhoi,2016.0,Rainfall,1
1119.4254150390625,33.14903259277344,109.63433074951172,-0.0055616064928472,30,25.240315,91.733388,East Khasi Hills,0.0,Rainfall,1
1520.2530517578125,32.77302932739258,181.6857147216797,-0.0087293032556772,30,25.359922,91.882943,East Khasi Hills,0.0,Rainfall,1
263.0880126953125,41.14282989501953,48.828800201416016,-0.0004724044119939,10,25.111331,92.351128,East Jaintia Hills,0.0,Rainfall,1
27.0,0.003243204904720187,305.2395935058594,2.2082924260757864e-05,90,26.13299264809096,89.93404211771409,background,,background,0
781.05908203125,9.100312232971191,181.81626892089844,0.00019612046889960766,10,25.821990042138538,92.31866680752647,background,,background,0
871.4846801757812,15.923200607299805,339.9076843261719,0.0015786824515089393,30,25.826594751097026,92.05507690963522,background,,background,0
357.88671875,8.146389961242676,103.49627685546875,0.0030389996245503426,10,25.599624705163926,90.11414892311424,background,,background,0
15.5,0.0,-0.0,0.0,80,25.425397361270324,89.7052486967257,background,,background,0
19.0,9.788896932150237e-06,90.0,1.2304055019285443e-07,80,25.627171367585056,89.73838587458097,background,,background,0
8.758167266845703,0.541557252407074,14.04697322845459,0.00017286207003053278,40,25.109820046987338,91.98386981541353,background,,background,0
1642.0821533203125,45.98161697387695,21.106277465820312,0.0068331155925989,10,25.413306,91.871139,East Khasi Hills,0.0,,1
1084.0155029296875,22.43012046813965,314.4501953125,0.0035257190465927,10,25.343111,92.584269,East Jaintia Hills,0.0,Rainfall & anthropogenic,1
210.48556518554688,11.285430908203125,6.9967942237854,-0.00032160806586034596,10,25.242898141750107,90.9634225319149,background,,background,0
349.0214538574219,26.496225357055664,135.0439453125,-0.0001880951167549938,10,25.148571431727667,92.25908449949547,background,,background,0
29.33437156677246,0.06020637974143028,219.00933837890625,-6.81137535138987e-05,80,25.984850456231733,90.10230740803817,background,,background,0
1612.551513671875,39.50351333618164,141.45240783691406,-0.0004456903552636,10,25.35525,91.767889,East Khasi Hills,0.0,Rainfall,1
1629.2911376953125,27.19383811950684,73.19033813476562,0.0047933729365468,10,25.43561,91.862056,Jaintial hills,0.0,,1
1223.647216796875,27.194250106811523,133.28909301757812,0.0033351778984069,10,25.696489,91.644528,West Khasi Hills,2016.0,Rainfall,1
1781.279296875,12.973350524902344,11.674477577209473,0.0036075951065868,10,25.449349,91.817118,East Khasi Hills,0.0,Rainfall,1
547.447998046875,17.378202438354492,100.72899627685547,0.0026432746089994907,10,25.912700616283075,92.46712134138203,background,,background,0
30.58045768737793,0.4546322524547577,282.4927062988281,0.0005023351986892521,40,26.035081617225877,89.71039410796394,background,,background,0
1256.109130859375,13.46852970123291,103.22795867919922,-0.001663896953687,10,25.626417,91.887028,East Khasi Hills,0.0,,1
923.5425415039062,18.2180118560791,268.99420166015625,-0.0002038391539826,30,25.6655,91.090556,West Khasi Hills,0.0,Rainfall,1
156.71217346191406,11.703604698181152,331.06085205078125,-0.005954202264547348,10,25.325991195395016,90.32646553942152,background,,background,0
790.3275756835938,8.999324798583984,111.81682586669922,0.0010978357167914,30,25.234922,92.095531,West Jaintia Hills,2015.0,Rainfall,1
57.38670349121094,6.8152546882629395,187.41476440429688,-0.0035388453397899866,10,25.205508422249004,90.20012574952176,background,,background,0
985.3244018554688,39.23724365234375,138.42495727539062,0.0032772715203464,30,25.592972,92.055139,East Khasi Hills,0.0,Rainfall,1
25.312694549560547,0.5221473574638367,121.35734558105469,2.0411214791238308e-05,80,25.746410783527217,89.79229377711806,background,,background,0
578.2694702148438,20.780935287475586,76.98029327392578,0.002302040345966816,10,25.921651980949378,91.88754897219611,background,,background,0
167.89349365234375,15.678631782531738,234.71871948242188,-0.0006328730960376561,10,25.321198064358953,90.31220175283975,background,,background,0
1155.2060546875,16.12513542175293,317.3153686523437,-0.0010951701551675,30,25.352431,92.513478,East Jaintia Hills,0.0,Rainfall & anthropogenic,1
165.81741333007812,25.87000846862793,161.65921020507812,0.0012708499561995,10,25.075567,92.363317,East Jaintia Hills,2014.0,Rainfall,1
1085.142333984375,15.213619232177734,352.3209228515625,0.005576624535024166,10,25.639574819983384,91.94531731926202,background,,background,0
315.1236267089844,12.014967918395996,347.70379638671875,-0.006479935720562935,10,26.037047593096904,92.49950678808959,background,,background,0
400.6390686035156,15.040796279907228,11.011598587036133,-0.0027613346464931,10,25.5,90.22,West Garo Hills,2019.0,Rainfall,1
901.985107421875,20.909698486328125,194.11001586914065,-0.0004375944263301,10,25.216078,91.738387,East Khasi Hills,0.0,Rainfall,1
478.3307800292969,35.215179443359375,219.36138916015625,-0.0060879699885845,10,25.206426,91.75498,East Khasi Hills,0.0,Rainfall,1
918.2911987304688,23.06711769104004,276.80120849609375,-0.006474874913692474,10,25.500537991766492,90.40631843047261,background,,background,0
4.16970682144165,0.18851754069328308,302.7708435058594,0.00015707210695836693,90,25.129061523314867,91.0534036015855,background,,background,0
238.6860809326172,1.8474754095077515,346.6977233886719,0.00031692354241386056,10,25.658687872297477,92.79313856285704,background,,background,0
61.27024841308594,11.42887020111084,309.08062744140625,0.004132266156375408,10,25.4473992526664,89.99614176258201,background,,background,0
1401.1414794921875,28.57168960571289,82.04019165039062,-0.0084744924679398,30,25.31848,91.45262,West Khasi Hills,0.0,,1
124.52194213867188,46.75627899169922,286.84771728515625,-0.0047216466628015,10,25.092981,92.353708,East Jaintia Hills,2015.0,Rainfall,1
245.016845703125,15.793817520141602,305.532958984375,-0.0026655702386051,10,25.196781,91.574727,East Khasi Hills,0.0,Rainfall,1
464.0206604003906,21.23154830932617,48.95607376098633,0.0089789824560284,10,25.227183,91.690972,East Khasi Hills,0.0,Rainfall,1
2.814194440841675,0.29487812519073486,225.3769989013672,7.11185421096161e-05,90,25.028096781954176,91.02630485615191,background,,background,0
1623.7523193359375,18.02151107788086,108.33200073242188,-0.000975492992438376,30,25.512939496014766,91.94459960824588,background,,background,0
317.69976806640625,2.5912559032440186,156.29396057128906,0.0030597238801419735,40,25.84002541322657,91.57792589170035,background,,background,0
834.6417236328125,12.79248046875,103.75135040283203,-0.0007934424793347716,10,25.534792277201774,92.57512978519519,background,,background,0
1219.8038330078125,19.82657814025879,141.16018676757812,0.0056016128510236,10,25.582836,91.183972,West Khasi Hills,0.0,Rainfall,1
19.0,0.5048735737800598,0.7083075046539307,0.0007049688720144331,60,25.262053903056223,90.67829264840326,background,,background,0
199.52169799804688,16.456985473632812,39.467838287353516,0.0034993744920939207,10,25.75551859128501,90.49150845564716,background,,background,0
1417.23583984375,20.54536437988281,290.2467346191406,0.0014216309646144,30,25.615092,91.309872,South West Khasi  Hills,0.0,Rainfall,1
1341.437255859375,25.27454948425293,320.22314453125,-8.785410318523645e-05,10,25.536889,91.206556,West Khasi Hills,0.0,Rainfall,1
823.3289794921875,22.49018859863281,191.9851531982422,-0.0029981820844113,10,25.324583,91.940667,East Khasi Hills,0.0,Rainfall,1
1522.3995361328125,21.161270141601562,304.3011169433594,-0.004601868335157633,10,25.675110227748497,91.39396750913387,background,,background,0
34.63463592529297,2.7591981887817383,137.98667907714844,0.0005802706582471728,10,25.324833676938887,90.58692489249908,background,,background,0
474.8983154296875,23.258947372436523,30.233530044555664,0.003227592445909977,10,25.712554857063598,92.67327880455514,background,,background,0
338.8247375488281,33.97047424316406,111.05878448486328,-0.0062386309728026,10,25.033628,92.439331,East Jaintia Hills,2016.0,Rainfall,1
1834.1285400390625,17.823490142822266,59.02446365356445,-0.0021470235660672,30,25.522768,91.892701,East Khasi Hills,0.0,Rainfall,1
40.61018753051758,22.484344482421875,253.1450042724609,0.0045984843745827,10,25.191366,91.040468,South West Khasi  Hills,0.0,Rainfall,1
1283.1336669921875,18.92794418334961,23.22782325744629,-0.0045804847031831,50,25.545083,92.103175,East Khasi Hills,0.0,Rainfall,1
1284.8197021484375,32.17741012573242,95.0088348388672,-0.0052502807229757,30,25.439833,92.181333,West Jaintia Hills,0.0,Rainfall,1
207.2080078125,5.752769947052002,59.81424331665039,0.007998543791472912,10,25.796495870989666,90.39483722645018,background,,background,0
248.00961303710938,20.381980895996094,72.73067474365234,0.004099775105714798,10,25.209859413561684,91.05445681933652,background,,background,0
125.09391021728516,25.526960372924805,114.47493743896484,-0.0002790312282741,10,25.074439,92.371186,East Jaintia Hills,0.0,Rainfall,1
423.3148193359375,17.734140396118164,25.53987693786621,-0.0041665998287498,10,25.913997,91.578903,Ri-Bhoi,2016.0,Rainfall,1
109.72879028320312,4.425924777984619,137.64222717285156,0.004894400015473366,10,25.283424619026523,90.50787379717167,background,,background,0
165.14920043945312,29.132417678833008,2.253100633621216,0.0050745718181133,10,25.148158,92.177172,West Jaintia Hills,2016.0,Rainfall,1
67.92515563964844,18.139047622680664,55.83721160888672,-0.008150921203196,10,25.068158,92.380058,East Jaintia Hills,2016.0,Rainfall,1
1758.9879150390625,4.3504319190979,157.3477325439453,0.0018665383104234934,10,25.53294202760219,91.82261855474452,background,,background,0
1381.6126708984375,16.979576110839844,67.23881530761719,0.004621594212949276,30,25.606646554541136,91.70294828572999,background,,background,0
27.0,0.0,-0.0,0.0,80,26.04830987519756,90.14223695509455,background,,background,0
483.14813232421875,5.373652935028076,209.20394897460938,-0.007861390709877014,10,25.898539633191167,92.60034868015482,background,,background,0
1764.1234130859375,32.175926208496094,113.7216567993164,-0.0046528149396181,10,25.387912,91.762233,East Khasi Hills,0.0,Rainfall,1
854.5231323242188,28.9805965423584,90.5830535888672,-0.0044890204444527,30,25.281122,92.345397,East Jaintia Hills,2016.0,Rainfall,1
375.7356262207031,10.770926475524902,120.94398498535156,-0.0017645010957494378,10,25.80520596885311,91.43077089593395,background,,background,0
537.2892456054688,13.790834426879885,308.4915466308594,0.0017595229437574,10,25.8,91.01,West Khasi Hills,0.0,Rainfall,1
1139.3890380859375,17.014774322509766,97.18358612060548,-0.0017820586217567,10,25.321975,92.504228,East Jaintia Hills,0.0,Rainfall & anthropogenic,1
1242.6842041015625,17.40959930419922,321.9721984863281,0.0005391137092374,30,25.489833,92.069033,East Khasi Hills,0.0,Rainfall,1
660.5162963867188,8.161712646484375,64.29086303710938,-0.0034230186138302088,10,25.605673113604507,92.67154265289874,background,,background,0
849.4205322265625,19.04172706604004,136.5597381591797,-0.0011823961976915,10,25.324861,91.938389,East Khasi Hills,0.0,Rainfall,1
1248.4935302734375,34.230621337890625,138.4571533203125,-0.0066301431506872,30,25.390444,91.883806,East Khasi Hills,0.0,Rainfall,1
364.8240966796875,15.963953018188477,102.29837036132812,-0.00593965407460928,10,25.96882948079984,91.65762388486183,background,,background,0
1328.7152099609375,4.327436447143555,132.10888671875,-0.0027306808624416,50,25.519556,91.266444,South West Khasi  Hills,0.0,Rainfall,1
207.07476806640625,17.705894470214844,359.50238037109375,4.684668965637684e-06,10,25.76018756337518,90.40472364181817,background,,background,0
1342.9599609375,21.547252655029297,297.6338806152344,-0.004620208404958248,30,25.612676788258483,91.48857737878544,background,,background,0
55.455135345458984,2.3441214561462402,189.88641357421875,0.002295746700838208,10,25.94750648986779,91.23894957436067,background,,background,0
986.7493286132812,1.9662384986877441,46.37069320678711,-0.0011087657185271382,30,25.324362581587312,92.45906191455599,background,,background,0
654.1986083984375,21.936687469482425,250.1014404296875,-0.0049430960789322,10,25.237221,91.679456,East Khasi Hills,0.0,Rainfall,1
787.7659912109375,11.483295440673828,320.4588928222656,0.0005013837944716,30,25.232417,92.178881,West Jaintia Hills,2016.0,Rainfall,1
1808.664306640625,26.34931182861328,2.5566306114196777,-0.0024834992364048,50,25.437036,91.857168,East Khasi Hills,0.0,Rainfall,1
48.3607177734375,18.09037399291992,338.36944580078125,-0.0038461526855826,10,25.062025,92.386975,East Jaintia Hills,2013.0,Rainfall,1
400.6390686035156,15.040796279907228,11.011598587036133,-0.0027613346464931,10,25.5,90.22,West Garo Hills,0.0,Rainfall,1
1443.149169921875,20.66114616394043,86.31192779541016,-0.0069340667687356,30,25.571299,91.833183,East Khasi Hills,0.0,Rainfall,1
57.04852294921875,2.772423505783081,288.3056335449219,-0.00011895694478880614,30,25.86218480263369,90.61118329036577,background,,background,0
83.14209747314453,13.64165210723877,34.90736770629883,-0.0032051627058535814,10,25.35280457909577,90.33403354448114,background,,background,0
1333.7227783203125,28.1519775390625,348.72967529296875,0.0020513772033154,10,25.537636,91.208528,West Khasi Hills,0.0,Rainfall,1
14.025163650512695,0.19603465497493744,119.41917419433594,0.00017729935643728822,40,25.04234352455393,92.34471651470074,background,,background,0
33.55070114135742,3.083608388900757,54.44742965698242,-0.001628858968615532,80,25.98189878043432,90.0825297932906,background,,background,0
1282.336669921875,28.38702392578125,290.92315673828125,-0.0109403599053621,30,25.571256,91.825464,East Khasi Hills,0.0,Rainfall,1
907.5286865234376,35.85833740234375,196.0640563964844,-0.0025114009622484,10,25.356361,92.004972,West Jaintia Hills,0.0,Rainfall,1
1352.093505859375,20.75738906860352,166.65679931640625,0.0029478173237293,30,25.507528,91.224333,West Khasi Hills,0.0,Rainfall,1
409.1637573242188,30.31918716430664,3.366143226623535,-0.0036207800731062,10,25.229972,92.223278,West Jaintia Hills,2016.0,Rainfall,1
397.02447509765625,12.768940925598145,163.2456817626953,0.0082661546766757,10,25.982436,92.057405,Ri-Bhoi,2015.0,Heavy rainfall,1
46.97041320800781,0.08418703824281693,69.27992248535156,2.8376329282764345e-05,30,26.134865448750514,91.48768380817347,background,,background,0
971.3817749023438,22.59293365478516,235.393310546875,-0.0007366577046923,10,25.256259,91.868197,East Khasi Hills,0.0,Rainfall,1
215.27171325683597,28.061288833618164,180.1899261474609,0.0043539805337786,10,25.945619,91.548883,Ri-Bhoi,2016.0,Rainfall,1
1280.983154296875,27.710546493530277,321.9873962402344,0.009098851121962,10,25.615134,91.872232,East Khasi Hills,0.0,Rainfall,1
878.7197875976562,7.021036624908447,192.23471069335938,-0.002230443060398102,30,25.711832158121915,92.4272364821126,background,,background,0
37.82273483276367,25.42527961730957,1.400801658630371,-0.0001334525877609,10,25.143375,92.141861,West Jaintia Hills,2010.0,Rainfall,1
406.400390625,15.296313285827637,260.9537658691406,-0.0031240577809512615,10,25.36735006513419,91.05344178931334,background,,background,0
25.178630828857422,0.9243232607841492,93.7711410522461,0.00035825680242851377,40,25.726012381380464,89.71352178893582,background,,background,0
1198.814697265625,26.353179931640625,267.4039001464844,-0.0039809448644518,10,25.362972,91.976278,East Khasi Hills,0.0,Rainfall,1
15.0,0.0,-0.0,0.0,80,25.407347530955775,89.74805177914858,background,,background,0
1128.1663818359375,9.939959526062012,252.92527770996094,-0.001727069029584527,10,25.336581751699793,92.18191382095686,background,,background,0
583.7561645507812,7.166065216064453,93.21199035644531,0.0007482527289539576,10,25.763662236369647,92.64811242244517,background,,background,0
1540.421630859375,9.054744720458984,117.32499694824219,0.009629658423364162,10,25.446981720363194,91.46732598816018,background,,background,0
6.225801944732666,0.08990193158388138,253.34310913085938,1.256848372577224e-05,40,25.021279733450672,91.52995828804829,background,,background,0
543.9428100585938,17.76513671875,123.51587677001952,0.0030408618040382,10,25.865894,91.880278,Ri-Bhoi,2015.0,Heavy rainfall,1
4.230187892913818,0.5949153304100037,223.6150665283203,0.0001903687953017652,90,25.050231333484124,91.44263460418503,background,,background,0
883.0034790039062,8.191555976867676,170.98316955566406,0.007116599008440971,10,25.36728290612402,91.18755696308713,background,,background,0
590.7191162109375,4.307868480682373,235.52847290039065,0.002091059461236,10,25.853111,91.881583,Ri-Bhoi,2015.0,Heavy rainfall,1
249.26341247558597,31.11939239501953,222.36459350585935,-0.0027618398889899,10,25.221406,91.387092,East Khasi Hills,0.0,Rainfall,1
1573.900390625,1.2037127017974854,106.04354858398438,0.0005566749605350196,40,25.502748590756642,91.98642802115776,background,,background,0
1090.369384765625,12.479286193847656,318.5828857421875,0.0019699500408023,10,25.599817,91.176394,West Khasi Hills,0.0,Rainfall,1
53.243106842041016,0.05893852561712265,306.72320556640625,4.721019649878144e-06,40,26.130560745859274,92.33359397410217,background,,background,0
918.4717407226562,15.528468132019045,242.12252807617188,0.0006507309735752,30,25.693222,91.0555,West Khasi Hills,0.0,Rainfall,1
165.2327117919922,21.335363388061523,20.955446243286133,0.0066604390740394,10,25.134194,92.383528,Jaintial hills,0.0,,1
20.910802841186523,1.3489185571670532,183.91387939453125,-0.0005922489217482507,10,25.166275770134433,89.9575316508937,background,,background,0
1334.302734375,37.09015655517578,313.7988586425781,-0.0042835585772991,10,25.572312,91.828292,East Khasi Hills,0.0,Rainfall,1
1281.000244140625,21.01796531677246,341.5939636230469,0.0041357185691595,10,25.496861,91.198556,West Khasi Hills,0.0,Rainfall,1
34.77798080444336,0.9110734462738037,278.02178955078125,-0.001497000572271645,50,25.863003180715218,90.07626387542105,background,,background,0
820.418212890625,5.418298721313477,93.62350463867188,0.004712386056780815,10,25.72000307634777,92.56598151629437,background,,background,0
160.82626342773438,3.0487024784088135,95.97648620605469,0.0006519337766803801,10,26.132662410467486,91.85951337370336,background,,background,0
1800.4268798828125,11.785676956176758,113.13341522216795,-0.0067717568017542,10,25.398345,91.769704,East Khasi Hills,0.0,Rainfall,1
110.4079818725586,24.570844650268555,123.32032775878906,0.0084630399942398,60,25.206763,91.231417,South West Khasi  Hills,0.0,Rainfall,1
90.24060821533205,26.0269832611084,144.88467407226562,0.0006360784173011,10,25.113586,92.370594,East Jaintia Hills,2014.0,Rainfall,1
36.93497848510742,0.9614156484603882,299.9385681152344,0.0007311497465707362,40,26.1017632971333,90.53976228038928,background,,background,0
850.6276245117188,14.860254287719728,64.7870101928711,0.0014813572634011,10,25.234097,91.866071,East Khasi Hills,0.0,Rainfall,1
44.674598693847656,3.30320143699646,264.5856018066406,0.0006210569990798831,10,25.813306043565134,90.04311935165113,background,,background,0
550.1943359375,14.931831359863281,188.41690063476562,0.0037174951285123825,10,25.40530223375924,91.05813132699062,background,,background,0
64.18260955810547,1.5177280902862549,64.462890625,-0.0004725012113340199,10,25.932194442501217,91.26239286959388,background,,background,0
791.6178588867188,5.640466213226318,262.5041809082031,-0.003172379918396473,10,25.337888876080232,91.19135835681732,background,,background,0
1193.707275390625,27.41499900817871,269.3035888671875,-0.0019760997965931,10,25.360351,91.974979,East Khasi Hills,0.0,Rainfall,1
954.060546875,13.345208168029783,13.81125545501709,-0.0065289866179227,30,25.653181,92.041194,East Khasi Hills,0.0,Rainfall,1
30.470857620239258,0.6044591665267944,147.3542022705078,0.00016016027075238526,40,26.131978801162024,89.83126434974346,background,,background,0
7.631353855133057,3.039689302444458,4.406454563140869,2.8705355362035334e-05,10,25.10057269338109,91.30181176357246,background,,background,0
65.02633666992188,1.6797919273376465,134.77842712402344,0.000265647133346647,40,26.033708572324777,92.684919306004,background,,background,0
596.0678100585938,4.153363227844238,116.23298645019531,0.00542413629591465,30,25.684065594135603,90.3887234122363,background,,background,0
1232.1820068359375,22.181245803833008,357.4637756347656,0.0034218812361359,10,25.569278,92.2025,East Khasi Hills,0.0,Rainfall,1
982.3457641601562,29.48974609375,282.968017578125,0.0062596593052148,10,25.670639,91.09525,West Khasi Hills,0.0,Rainfall,1
1671.4068603515625,24.04627799987793,22.47418212890625,-0.0110485656186938,10,25.422194,91.869222,East Khasi Hills,0.0,,1
1279.670654296875,28.429088592529297,348.43817138671875,-0.0041132285259664,10,25.614657,91.870692,East Khasi Hills,0.0,Rainfall,1
314.2362976074219,14.608906745910645,242.6112365722656,-0.0018334967317059,10,25.940978,91.724644,Ri-Bhoi,2016.0,Rainfall,1
881.1888427734375,13.91639518737793,200.07266235351562,0.002580926287919283,10,25.705924976033728,92.44606158250868,background,,background,0
204.35336303710935,5.891050338745117,359.60699462890625,0.0050060302019119,10,25.5,90.21,West Garo Hills,0.0,Rainfall,1
1560.483642578125,35.40861129760742,327.4811096191406,-0.0116870049387216,10,25.359611,91.889417,East Khasi Hills,0.0,,1
1243.5950927734375,13.55885410308838,37.32026290893555,0.0030867722816765,10,25.578206,92.266856,West Jaintia hills,0.0,Anthropogenic,1
633.8612060546875,12.350545883178711,305.6287536621094,-0.0018952797399833798,10,25.944657245451193,92.21858896007627,background,,background,0
309.65618896484375,16.355100631713867,125.94466400146484,-0.007513302378356457,10,25.86590311757715,91.04688244111315,background,,background,0
1326.5792236328125,26.93490028381348,35.04766082763672,-0.0055275131016969,10,25.637189,91.93345,East Khasi Hills,0.0,Rainfall,1
50.28034591674805,5.965529441833496,33.50257873535156,-0.005144223570823669,10,25.15092902804033,90.4485434250168,background,,background,0
1375.089599609375,17.943885803222656,184.9769744873047,-0.0037423425819724,30,25.508,91.225694,West Khasi Hills,0.0,Rainfall,1
17.011150360107422,0.27667370438575745,219.93992614746094,6.81543824612163e-05,40,25.047076315667777,89.86414717922203,background,,background,0
944.6304931640625,6.149864196777344,155.6015167236328,0.005901583470404148,10,25.38984110675703,92.77739768083529,background,,background,0
1071.9693603515625,14.294648170471191,341.2000427246094,-0.0021809006575495005,10,25.789209266516256,92.09448517830563,background,,background,0
493.62896728515625,18.232057571411133,320.2486267089844,-0.0037706990260630846,10,25.911851859691225,91.81000946587137,background,,background,0
1087.0162353515625,19.995569229125977,222.940185546875,-0.005566265899688,30,25.357472,91.229167,West Khasi Hills,0.0,Rainfall,1
916.2249755859375,5.547349452972412,149.09544372558594,0.007357723545283079,10,25.315252094032957,92.4817588595037,background,,background,0
17.582956314086914,2.7743258476257324,276.2288818359375,0.0015966426581144333,10,25.11172016354877,90.09066395461663,background,,background,0
972.062744140625,5.852194786071777,79.30704498291016,0.0048195174895226955,40,25.6366324134211,92.17963154385677,background,,background,0
8.5,1.1321476697921753,46.29978561401367,0.0029894979670643806,10,25.141840724896433,91.71379873531188,background,,background,0
1566.8250732421875,16.33200454711914,8.861778259277344,-0.0021213495638221,30,25.587111,91.498556,West Khasi Hills,0.0,Rainfall,1
1394.4483642578125,48.91477584838867,96.59922790527344,0.0075797592289745,10,25.391944,91.875028,East Khasi Hills,0.0,,1
282.45697021484375,17.763578414916992,130.5222930908203,-0.0032822375651448965,10,25.68359528542086,90.15611377977251,background,,background,0
286.1630859375,17.49091148376465,265.60101318359375,0.003399376990273595,10,25.716482052961496,92.74380133151827,background,,background,0
1434.5157470703125,38.120826721191406,82.69912719726562,-0.0008456272189505,10,25.364889,91.881,East Khasi Hills,0.0,,1
349.3411865234375,11.610945701599121,62.181922912597656,0.002191442996263504,10,25.636160005332908,90.73752137445548,background,,background,0
876.2713623046875,22.81083869934082,293.8217163085937,-4.445387457963079e-05,10,25.699306,91.055556,West Khasi Hills,0.0,Rainfall,1
1491.270263671875,11.763472557067873,19.69413375854492,0.006398185621947,10,25.59578,91.917379,East Khasi Hills,0.0,Rainfall,1
1515.314453125,34.97644805908203,187.0696563720703,-0.0069051887840032,30,25.359985,91.882639,East Khasi Hills,0.0,Rainfall,1
535.5482788085938,15.101439476013184,191.72137451171875,0.0003010254586115,10,25.191611,92.155361,West Jaintia Hills,2016.0,Rainfall,1
1207.8941650390625,5.683229923248291,2.153485059738159,0.0026370324194431305,10,25.570608750323228,92.19101685828771,background,,background,0
1546.0931396484375,21.390613555908203,265.41461181640625,-0.004056979436427355,30,25.446517470293607,91.52707675681731,background,,background,0
83.46001434326172,24.819664001464844,228.98165893554688,-0.0020948629826307,10,25.181759,91.573658,East Khasi Hills,0.0,Rainfall,1
1472.177734375,33.914424896240234,190.2547912597656,-0.0072837872430682,30,25.359306,91.885111,East Khasi Hills,0.0,,1
38.0,0.0,-0.0,0.0,80,26.144684891093185,91.21960641190122,background,,background,0
909.6915283203124,20.211652755737305,197.89279174804688,0.0021679135970771,10,25.746806,92.107806,East Khasi Hills,0.0,Rainfall,1
319.7374572753906,18.021604537963867,242.03976440429688,0.0032001666259020567,10,25.90324666513649,90.83245488063012,background,,background,0
1589.5714111328125,22.46819496154785,198.0704040527344,0.0012849720660597,30,25.524931,91.514383,West Khasi Hills,2016.0,Rainfall,1
716.180419921875,28.1129093170166,126.95923614501953,-0.003564773825928569,10,25.733604093832284,92.54595261631202,background,,background,0
1423.690673828125,29.093318939208984,328.6496887207031,-0.0005061871488578,30,25.545939,91.284283,West Khasi Hills,0.0,Rainfall,1
1045.122802734375,11.66474723815918,85.01532745361328,0.0014901307877153158,10,25.266587252763692,92.54879886701333,background,,background,0
17.78825569152832,0.33947888016700745,253.1815948486328,0.00044510961743071675,40,25.170699415742774,89.98001292578714,background,,background,0
1613.4215087890625,21.33956718444824,150.48626708984375,-0.0043998681940138,30,25.537972,91.602361,West Khasi Hills,2016.0,Rainfall,1
27.460643768310547,0.610934853553772,118.01863098144531,-0.0007038309704512358,10,25.35158888999286,89.76126554113374,background,,background,0
1214.8189697265625,22.79866981506348,44.616310119628906,0.0096355788409709,10,25.26851,91.580418,East Khasi Hills,0.0,Rainfall,1
364.4747009277344,21.69705581665039,217.9831695556641,-0.0071065435186028,10,25.033514,92.435539,East Jaintia Hills,2016.0,Rainfall,1
315.48223876953125,24.229562759399414,322.1222839355469,0.0004184299614280462,10,26.042647800414255,92.08675351201364,background,,background,0
1738.7955322265625,17.343769073486328,92.23957061767578,0.005661973264068365,10,25.5485866553661,91.84958614899014,background,,background,0
319.0567932128906,25.3105411529541,244.5708770751953,-0.0002439454838167,50,25.038361,92.43675,East Jaintia Hills,2016.0,Rainfall,1
1359.8392333984375,20.734262466430664,164.723388671875,-0.0022238304372876,30,25.507378,91.223883,West Khasi Hills,0.0,Rainfall,1
1603.3756103515625,38.47835540771485,145.9099884033203,-0.0042369826696813,30,25.353486,91.765544,East Khasi Hills,0.0,Rainfall,1
212.1465606689453,22.950889587402344,81.32022857666016,0.0003282501420471,10,25.081381,92.359972,East Jaintia Hills,2014.0,Rainfall,1
591.0587158203125,23.589475631713867,161.2615966796875,1.9943108782172203e-05,10,25.209456,91.646315,East Khasi Hills,0.0,Rainfall,1
539.598876953125,17.91133689880371,336.3670349121094,0.0029029916040599,10,25.951106,91.968889,Ri-Bhoi,2015.0,Heavy rainfall,1
644.1536865234375,13.512354850769045,295.5152587890625,-0.002662356942892,10,25.202886,92.201147,West Jaintia Hills,2016.0,Rainfall,1
25.259265899658203,8.422517776489258,275.6146850585937,0.0006627478287555,10,25.160222,91.527843,East Khasi Hills,0.0,Rainfall,1
1192.3016357421875,22.09564971923828,55.513607025146484,0.007019199430942535,10,25.577439048259297,91.9734567563441,background,,background,0
108.44185638427734,4.946606636047363,109.45116424560548,0.0022854693233966,10,25.83,91.05,West Khasi Hills,2019.0,Rainfall,1
556.1943969726562,25.30555725097656,148.7172393798828,-0.0011227236827835,10,25.20655,91.744914,East Khasi Hills,0.0,Rainfall,1
564.0171508789062,9.44321346282959,144.1071014404297,0.0001243308652192,10,25.197283,92.2225,West Jaintia Hills,2016.0,Rainfall,1
472.6781921386719,26.119935989379883,210.1485748291016,5.948671605437994e-05,30,25.221572,91.185833,South West Khasi  Hills,0.0,Rainfall,1
464.3343505859375,15.77408218383789,175.4361572265625,0.0024031067732721,10,25.9235,91.574222,Ri-Bhoi,2016.0,Rainfall,1
1182.59814453125,12.948738098144531,335.41357421875,-0.0060751908458769,30,25.302544,91.925218,East Khasi Hills,0.0,Rainfall,1
407.2977294921875,21.79730796813965,141.15542602539062,0.002475985325872898,10,25.909137369168327,91.84078807060885,background,,background,0
691.3541870117188,17.4144229888916,356.78436279296875,-0.007869289256632328,10,25.388696200681593,91.10721436449997,background,,background,0
202.2793426513672,9.330829620361328,338.8109436035156,-0.0041613378562033,10,25.79,90.44,West Garo Hills,2019.0,Rainfall,1
1641.7705078125,6.3384785652160645,27.013551712036133,-0.0005745596718043,40,25.536972,91.973639,East Khasi Hills,0.0,,1
1535.03271484375,23.49897766113281,315.9734802246094,-0.0012150934198871,50,25.539611,92.001556,East Khasi Hills,0.0,Rainfall,1
141.2073516845703,10.857094764709473,263.3714904785156,-0.005386401899158955,10,25.411332634085703,90.19498948150539,background,,background,0
1746.80859375,32.344146728515625,133.55538940429688,-0.0031341838184744,10,25.382563,91.757675,East Khasi Hills,0.0,Rainfall,1
69.20051574707031,1.9776192903518677,231.36386108398438,0.0005230251117609441,40,25.86943506721374,91.11868043548479,background,,background,0
1036.8148193359375,14.229548454284668,215.7637634277344,0.0042374059557914,30,25.66675,91.121472,West Khasi Hills,0.0,Rainfall,1
109.16968536376953,14.672515869140625,241.97518920898438,-0.0029834939632564783,10,25.151435585758694,92.16053058511439,background,,background,0
560.1215209960938,14.161623001098633,38.8421516418457,0.0018469403730705,10,25.937,91.87553,Ri-Bhoi,0.0,,1
1263.70556640625,32.39455795288086,51.71990203857422,0.0085880067199468,10,25.273477,91.577794,East Khasi Hills,0.0,Rainfall,1
1011.38134765625,34.10261154174805,223.3407287597656,-0.0036772857420146,30,25.347444,92.007917,West Jaintia Hills,0.0,Rainfall,1
980.8585205078125,22.207300186157227,273.10791015625,0.0015148683451116085,10,25.368923821702385,91.86163341591799,background,,background,0
40.08580780029297,1.879253625869751,327.85797119140625,0.0009481752058491111,40,26.107852040807042,90.93379706449558,background,,background,0
1765.166015625,16.688152313232422,187.0182647705078,0.008627922274172306,10,25.39336543909865,91.74791910127139,background,,background,0
1293.97900390625,24.271228790283203,359.839111328125,0.0046178908087313,50,25.542694,92.096472,East Khasi Hills,0.0,Rainfall,1
31.85727882385254,2.0535502433776855,146.43060302734375,0.0005036988295614719,40,26.128513170399266,90.18679335527395,background,,background,0
1339.2923583984375,3.6072874069213867,222.94158935546875,-0.0038143598940223455,30,25.45870067484673,92.31384723685574,background,,background,0
1438.704833984375,35.43368911743164,72.59744262695312,-0.0062916744500398,10,25.372139,91.879889,East Khasi Hills,0.0,,1
1587.985107421875,29.129125595092773,270.2965087890625,-0.0091963792219758,30,25.391723,91.871851,East Khasi Hills,0.0,Rainfall,1
1224.7161865234375,20.574155807495117,339.6036071777344,0.0024707596749067307,10,25.629147369250887,91.46714455772661,background,,background,0
628.2529296875,13.69716453552246,343.68621826171875,0.0010323612950742,10,25.39466,90.69083,South Garo hills,0.0,Anthropogenic,1
1245.779052734375,6.328094482421875,188.08834838867188,-0.004778279457241297,10,25.380819402704148,92.35953572784055,background,,background,0
118.48714447021484,25.0716495513916,70.7308578491211,-0.004364005755633116,10,26.083703742425715,91.54635659603156,background,,background,0
10.805550575256348,1.1884310245513916,342.84765625,0.0010484475642442703,30,25.14757494189662,91.46954824966596,background,,background,0
1311.27685546875,15.934659957885742,296.3240051269531,0.0006968677625991,10,25.583236,91.237317,West Khasi Hills,0.0,Rainfall,1
71.62973022460938,1.8060235977172852,198.46636962890625,0.0021004907321184874,10,26.042378058024756,92.57404602748278,background,,background,0
109.54411315917967,30.414493560791016,344.65533447265625,0.0022020773030817,10,25.143969,92.217497,East Jaintia Hills,2016.0,Rainfall,1
1355.1756591796875,17.942476272583008,348.4137268066406,-0.00337809859775,10,25.426194,92.180472,West Jaintia Hills,0.0,Rainfall,1
152.9263458251953,6.512878894805908,301.9560546875,-0.007437179330736399,10,26.076318126538105,92.15852917297408,background,,background,0
633.6141357421875,18.454774856567383,350.36102294921875,0.004309050273150206,10,25.260700250672272,92.18213612439777,background,,background,0
940.6307373046876,21.91465187072754,68.235595703125,-0.0006883398164063,10,25.325889,91.935222,East Khasi Hills,0.0,Rainfall,1
1757.708984375,31.27459144592285,131.7122039794922,-0.0030965611804276,30,25.382898,91.757906,East Khasi Hills,0.0,Rainfall,1
912.0930786132812,19.95216178894043,241.93077087402344,-0.0010379675077274,50,25.297628,92.387525,East Jaintia Hills,2016.0,Rainfall,1
871.54931640625,8.093353271484375,332.74224853515625,0.001359961461275816,10,25.64143628326851,91.02700396839388,background,,background,0
644.5436401367188,24.967628479003903,138.08660888671875,0.0001183915883302,10,25.192422,92.37705,East Jaintia Hills,2016.0,Rainfall,1
25.38399887084961,0.6985116600990295,318.7476806640625,0.0006527489167638123,40,25.596063380593687,89.95672089332726,background,,background,0
359.2439270019531,19.074974060058597,29.161354064941406,-0.0007078583585098,10,25.84,91.47,Ri Bhoi,0.0,Rainfall,1
17.10899543762207,0.29285353422164917,199.84341430664062,2.861576467694249e-05,40,25.17552657684095,90.03847323727227,background,,background,0
235.19554138183594,6.629444122314453,103.42601013183594,0.0038534924387931824,10,25.675437607945575,90.64904034395873,background,,background,0
45.95671463012695,3.110619306564331,181.15931701660156,0.0060707516968250275,10,25.33081998928524,90.0258497361703,background,,background,0
1103.544189453125,23.084774017333984,16.673311233520508,0.0001869200641522,10,25.64213,91.851852,East Khasi Hills,0.0,Rainfall,1
1055.7589111328125,25.96117782592773,335.7947692871094,0.0037662026006728,30,25.561281,92.330142,West Jaintia hills,0.0,Anthropogenic,1
938.5699462890625,24.648828506469727,255.4525909423828,7.663806900382042e-05,10,25.710231043139267,91.94452667498194,background,,background,0
314.19573974609375,28.24444580078125,142.27328491210938,-0.005211576819419861,10,25.409093345558393,90.82412942762042,background,,background,0
1673.406982421875,26.50214958190918,15.824570655822754,0.004125241190195,50,25.423674,91.721317,East Khasi Hills,0.0,Rainfall,1
409.85748291015625,10.234940528869629,177.04263305664062,0.0004358156002126634,10,25.190408257887434,92.52035915571317,background,,background,0
1153.5018310546875,9.778367042541504,327.3000183105469,-0.0012132532428950071,40,25.708078467024777,91.41482234974605,background,,background,0
29.929147720336918,10.061694145202637,129.55897521972656,-0.0025396088603883,10,25.160398,91.489558,East Khasi Hills,0.0,Rainfall,1
390.5872497558594,28.913368225097656,189.2310028076172,0.0012302112299948,10,25.273217,91.609962,East Khasi Hills,0.0,Rainfall,1
1302.375244140625,18.187427520751957,41.812461853027344,0.0031125773675739,10,25.553794,91.231139,West Khasi Hills,0.0,Rainfall,1
1019.1624755859376,25.14035415649414,142.5221405029297,0.0073053734377026,10,25.282485,91.57685,East Khasi Hills,0.0,Rainfall,1
49.099430084228516,4.354949474334717,240.94204711914062,0.005423476453870535,10,25.244893239384137,90.10275892821879,background,,background,0
1148.40185546875,20.95944595336914,287.6211853027344,0.0015021321596577,10,25.65835,91.177014,West Khasi Hills,0.0,Rainfall,1
41.69331741333008,0.6068317890167236,203.644287109375,-0.0007559597725048661,10,26.086994345521337,91.10483264814084,background,,background,0
64.22357177734375,5.62056303024292,163.557861328125,0.0021832233760505,10,25.53,89.98,West Garo Hills,2019.0,Rainfall,1
1218.7926025390625,17.992733001708984,329.1858825683594,-0.0016676945379003,30,25.490475,92.069278,West Jaintia Hills,0.0,Rainfall,1
1181.4613037109375,13.61497974395752,323.132080078125,-0.003197549842298031,10,25.273508702059008,92.75336031245625,background,,background,0
523.492919921875,5.449615955352783,37.57757568359375,0.0057267779484391,10,25.39766,90.70111,South Garo hills,0.0,Anthropogenic,1
48.00403594970703,8.143718719482422,17.48681640625,0.006222850643098354,10,25.303831426359803,89.91561043416262,background,,background,0
1189.580078125,28.422351837158203,335.7193603515625,0.0009302978869527,30,25.301383,91.922017,East Khasi Hills,0.0,Rainfall,1
19.26917839050293,2.8263461589813232,146.0738067626953,0.000611758092418313,40,25.231543475759675,89.95058294310182,background,,background,0
66.23914337158203,35.10611343383789,298.2518920898437,0.0018330984748899,10,25.14965,92.214519,East Jaintia Hills,2016.0,Rainfall,1
1184.8741455078125,28.8625545501709,348.984619140625,0.0041680191643536,10,25.606193,91.856276,East Khasi Hills,0.0,Rainfall,1
60.142921447753906,2.2323927879333496,117.51651000976562,0.0009042872115969658,50,26.14358814631111,91.76555790054111,background,,background,0
1699.2373046875,12.317977905273438,68.67963409423828,0.0089893033728003,30,25.568056,91.737944,West Khasi Hills,2016.0,Rainfall,1
682.34765625,19.763484954833984,215.34474182128903,-0.0029443348757922,10,25.56,90.37,West Garo Hills,2019.0,Rainfall,1
1770.6251220703125,17.901994705200195,112.53424835205078,-0.0041577070951461,10,25.5275,91.918861,East Khasi Hills,0.0,,1
31.06179428100586,3.1386778354644775,30.825761795043945,-0.00046348513569682837,10,26.044806186246383,89.85283501551181,background,,background,0
135.7313995361328,41.04691696166992,71.18135070800781,-0.0065453890711069,10,25.129169,92.388306,East Jaintia Hills,2016.0,Rainfall,1
330.44952392578125,9.10987663269043,185.38670349121094,-0.008429590612649918,10,26.040295828745098,92.17367016732035,background,,background,0
119.63995361328124,30.73341178894043,313.7134704589844,-0.0061549278907477,10,25.12186,92.388583,Jaintial hills,0.0,,1
1039.874267578125,2.5543699264526367,234.31243896484375,-0.00033348804572597146,30,25.297070768210205,92.35527647320055,background,,background,0
669.8466796875,19.856800079345703,111.2270965576172,-0.001892473665066,10,25.86575,92.153286,Ri-Bhoi,2015.0,Heavy rainfall,1
715.2608642578125,29.59623336791992,299.3734130859375,-0.0021257963962852,10,25.266067,92.204897,West Jaintia Hills,0.0,Rainfall,1
390.7635803222656,25.428903579711918,216.18655395507807,-0.0065114116296172,10,25.945225,91.560703,Ri-Bhoi,2016.0,Rainfall,1
1292.350341796875,20.653703689575195,321.0892944335937,-0.0063131186179816,10,25.614112,91.869632,East Khasi Hills,0.0,Rainfall,1
1443.9483642578125,14.829683303833008,280.98443603515625,0.0014916617656126,50,25.32765,91.893414,East Khasi Hills,0.0,Rainfall,1
28.87012481689453,1.914061188697815,154.96673583984375,0.0010039464104920626,40,26.072091784519028,90.12242379104416,background,,background,0
951.9821166992188,12.867422103881836,300.1523132324219,0.0004209587641526,10,25.656408,91.900528,East Khasi Hills,0.0,Rainfall,1
599.1123046875,22.57672119140625,146.68450927734375,-0.0005780944484286,10,25.209703,91.646662,East Khasi Hills,0.0,Rainfall,1
27.0,0.0015523778274655342,284.9747314453125,3.7090148907736875e-06,60,26.036222477747955,90.12134048691414,background,,background,0
1291.3907470703125,29.14927864074707,342.72332763671875,-0.004972206428647,10,25.614807,91.871158,East Khasi Hills,0.0,Rainfall,1
1540.052001953125,5.4303364753723145,323.61260986328125,-0.0008021826506592,50,25.56667,91.90194,East Khasi Hills,0.0,,1
1160.9921875,1.9236915111541748,75.30012512207031,0.0034605609253048897,40,25.323091263765633,92.26080221432595,background,,background,0
91.7602767944336,5.691120147705078,49.112571716308594,-0.005907363258302212,10,25.511433623149852,90.03059890380867,background,,background,0
1395.5848388671875,9.660223007202148,6.103496074676514,-0.0026413903106004,10,25.660333,91.635083,West Khasi Hills,2016.0,Rainfall,1
160.76783752441406,5.446456432342529,244.98822021484375,0.00040072010597214103,10,25.8747061756019,91.33386051583484,background,,background,0
783.7442016601562,18.173667907714844,26.255807876586914,-0.006898972205817699,10,25.7562350890505,91.57013455216584,background,,background,0
1216.456787109375,17.501123428344727,237.83702087402344,-0.0003165639936923,30,25.643494,91.159222,West Khasi Hills,0.0,Rainfall,1
926.1005859375,22.399887084960938,294.4902648925781,0.0023944505956023,10,25.628361,91.037139,West Khasi Hills,0.0,Rainfall,1
1437.5401611328125,35.74067687988281,107.67933654785156,0.0032406598329544,30,25.387781,91.877117,East Khasi Hills,0.0,Rainfall,1
1178.86474609375,18.708593368530277,339.99560546875,0.0028759185224771,50,25.57395,92.058583,East Khasi Hills,0.0,Rainfall,1
15.914091110229492,0.21128395199775696,79.34942626953125,0.00019763893214985728,40,25.01915413356119,90.04683456023575,background,,background,0
22.733793258666992,0.2575463354587555,235.71690368652344,-5.546407919609919e-07,40,25.181101766295676,90.12889476612614,background,,background,0
867.9194946289062,8.206988334655762,55.4871940612793,-0.00031524314545094967,10,25.738108240955754,91.71600471970218,background,,background,0
1007.6229248046876,16.95109748840332,331.0947570800781,0.0088339187204837,10,25.66975,91.100222,West Khasi Hills,0.0,Rainfall,1
1002.3784790039062,10.998385429382324,335.3190002441406,0.003507795976474881,10,25.314779879807357,92.5487123040139,background,,background,0
840.394775390625,39.14679718017578,28.774168014526367,0.0074200802482664585,10,25.290616545879576,91.7699428823651,background,,background,0
60.39137268066406,10.353431701660156,188.54116821289065,0.0051714167930185,10,25.052236,92.399047,East Jaintia Hills,2016.0,Rainfall,1
719.7326049804688,30.791215896606445,261.12030029296875,-0.0027025314047932625,10,25.43600899811456,92.79714319220352,background,,background,0
53.027076721191406,1.8375043869018555,282.24945068359375,-0.0005251336260698736,10,25.96297101250685,90.95991507805401,background,,background,0
751.685302734375,8.294177055358887,297.2586975097656,0.0004252046928741038,10,25.627459933721855,90.91281671354079,background,,background,0
609.8051147460938,25.800392150878903,163.8824920654297,0.0019794779364019,10,25.211722,92.065389,West Jaintia Hills,2016.0,Rainfall,1
852.1597900390625,13.687079429626465,278.4809875488281,0.0043543339706957,10,25.698667,91.054778,West Khasi Hills,0.0,Rainfall,1
541.5964965820312,30.050071716308597,263.18463134765625,0.0032998640090227,10,25.205623,91.736208,East Khasi Hills,0.0,Rainfall,1
753.3981323242188,18.141769409179688,88.76891326904297,0.0017448761500418186,30,25.335619178685878,91.19055513238547,background,,background,0
166.0175323486328,33.52355194091797,198.73828125,0.0130434967577457,10,25.045386,92.420764,East Jaintia Hills,2016.0,Rainfall,1
82.25994873046875,10.609725952148438,203.38201904296875,-0.0008983601583167,10,25.056022,92.394119,East Jaintia Hills,2016.0,Rainfall,1
784.1455688476562,6.952579975128174,33.65438461303711,0.0005992126534692943,40,25.796289336284442,92.11957101205361,background,,background,0
1301.9600830078125,19.234262466430664,154.32872009277344,0.0042256624437868595,10,25.502198149039383,92.35068732706857,background,,background,0
759.6993408203125,18.080867767333984,170.11834716796875,-0.0145680159330368,10,25.56,90.34,West Garo Hills,0.0,Rainfall,1
1282.548583984375,34.2017822265625,334.43414306640625,-0.0058920113369822,10,25.571555,91.826228,East Khasi Hills,0.0,Rainfall,1
69.08775329589844,2.721918821334839,329.78436279296875,0.00014467030996456742,10,25.83806480333359,91.12205732322742,background,,background,0
516.1735229492188,13.433492660522461,354.95404052734375,-0.0008168232161551714,10,25.993326941586464,92.45845439615077,background,,background,0
769.2947998046875,9.438318252563477,335.05255126953125,-0.0042340457439422,10,25.759278,91.882861,Ri-Bhoi,2015.0,Heavy rainfall,1
1262.860595703125,30.382530212402344,176.42416381835938,0.003424112219363451,10,25.501547424394786,92.0622167681605,background,,background,0
132.39630126953125,6.355679512023926,287.2382202148437,0.0038107770960778,10,25.416456,90.802981,South West Khasi  Hills,0.0,Rainfall,1
1082.5496826171875,24.554370880126957,162.3839569091797,-0.0022128378041088,30,25.649222,91.899,East Khasi Hills,0.0,Rainfall,1
1179.2178955078125,26.8280029296875,315.0808410644531,0.001132470672018826,10,25.503951653363295,92.10539644819282,background,,background,0
895.4287719726562,15.115851402282715,232.1703643798828,0.000938796903938055,10,25.447627251306756,91.11492334328003,background,,background,0
1437.69677734375,20.878480911254883,354.80401611328125,-0.0115565173327922,10,25.338711,91.775111,East Khasi Hills,0.0,Rainfall,1
61.00989532470703,26.40481948852539,351.33905029296875,0.0104425773024559,10,25.047444,92.409156,East Jaintia Hills,0.0,Rainfall,1
72.06280517578125,6.958940505981445,274.08184814453125,0.007242669351398945,10,25.84547018717533,90.1330831959571,background,,background,0
533.9913940429688,19.17975425720215,84.90538787841797,-0.0064549767412245,10,25.361056,91.034889,West Khasi Hills,0.0,Rainfall,1
1310.5391845703125,17.892179489135742,321.4708251953125,0.0074378247372806,10,25.613583,91.871778,East Khasi Hills,0.0,Rainfall,1
178.0525665283203,7.691135883331299,28.527141571044922,0.004071795381605625,10,26.069935452273324,92.32854577418192,background,,background,0
715.5393676757812,6.877686023712158,335.07147216796875,-0.005982950329780579,10,25.76976469905874,92.56536287080098,background,,background,0
1742.15478515625,13.925264358520508,243.91375732421875,-0.0019788066856563,30,25.504083,91.723028,East Khasi Hills,2016.0,Rainfall,1
1442.784912109375,3.6486356258392334,264.203125,-0.0007221174892038,40,25.51973,91.28443,West Khasi Hills,0.0,,1
1475.7166748046875,8.390166282653809,148.3251495361328,-0.0020621831063181,30,25.549861,91.295706,West Khasi Hills,0.0,Rainfall,1
286.5806884765625,39.29591751098633,184.50393676757807,0.007533750962466,10,25.042556,92.435028,East Jaintia Hills,2016.0,Rainfall,1
518.8629150390625,17.594785690307617,311.60882568359375,-0.004632084164768457,10,25.946829733257882,92.38579363443289,background,,background,0
238.23301696777344,14.545332908630371,28.267662048339844,0.0005922981654293835,10,25.853114032694965,90.35603558454044,background,,background,0
984.5265502929688,10.030108451843262,306.02911376953125,0.0009378585964441,30,25.678306,91.07975,West Khasi Hills,0.0,Rainfall,1
559.3154296875,21.84701156616211,178.45578002929688,-0.007988051511347294,30,25.907191755440675,91.71684236240142,background,,background,0
425.94683837890625,9.200002670288086,109.24471282958984,0.0027088606730103493,10,25.845162946300253,92.63172415077122,background,,background,0
421.0826416015625,34.36163711547852,146.2298583984375,-0.0030996580608189,10,25.165222,92.388389,East Jaintia Hills,2016.0,Rainfall,1
1684.8583984375,2.52486515045166,150.9989471435547,-0.00021995784481987357,40,25.47131171108255,91.527485953723,background,,background,0
1748.5186767578125,15.24375343322754,25.46849250793457,-0.0036747979465872,10,25.529056,91.923722,East Khasi Hills,0.0,,1
1034.548828125,34.4320182800293,183.49278259277344,0.0010022682836279273,10,25.34968839876216,91.66398389211703,background,,background,0
160.22779846191406,28.701160430908203,336.3106689453125,0.0043510310351848,10,25.151189,92.191308,West Jaintia Hills,0.0,Rainfall,1
679.6258544921875,10.740935325622559,126.86863708496094,0.0016707060858607292,10,25.769512325632064,91.79394840036736,background,,background,0
104.26918029785156,7.1210455894470215,264.5262145996094,4.65186640212778e-05,10,25.359148726933658,90.16780318346491,background,,background,0
453.8653259277344,13.800233840942383,234.13784790039062,-0.004045040346682072,10,25.28669644390435,90.88720801881321,background,,background,0
507.4338684082031,14.542725563049316,277.0530090332031,0.006036873906850815,10,25.977122791631484,92.43773629157329,background,,background,0
1173.276123046875,20.777820587158203,132.27073669433594,-0.0124965850263834,10,25.643591,91.890859,East Khasi Hills,0.0,Rainfall,1
45.15971755981445,0.3781491219997406,109.09227752685547,-0.00022771261865273118,10,26.04227407357443,91.08902935176808,background,,background,0
28.020021438598633,3.6458775997161865,3.7310404777526855,-0.0018207089742645621,10,25.623456468958537,89.81837311538521,background,,background,0
1266.82470703125,13.045506477355955,169.54586791992188,0.0033570223022252,10,25.559778,92.226278,East Khasi Hills,0.0,Rainfall,1
1046.509765625,8.54135799407959,53.18667984008789,-0.0026842071674764,10,25.375806,92.609725,East Jaintia Hills,0.0,Anthropogenic,1
367.4493408203125,14.97231674194336,182.58807373046875,0.0005272962735034525,10,25.99218516838247,91.66264522720634,background,,background,0
817.330810546875,6.45164155960083,238.6353454589844,-0.0039336215704679,10,25.674,92.157667,East Khasi Hills,0.0,Rainfall,1
463.7366943359375,24.22535514831543,67.16537475585938,-0.0012199984630569,10,25.22175,91.693006,East Khasi Hills,0.0,Rainfall,1
1118.9765625,26.7568416595459,302.79571533203125,-0.0025541374925523,10,25.663303,91.1347,West Khasi Hills,0.0,Rainfall,1
28.247055053710938,0.4884411692619324,93.50765991210938,0.0001588184095453471,40,25.95852020764612,90.12267608013511,background,,background,0
1770.8804931640625,9.737066268920898,154.98155212402344,-0.0005305634113028,30,25.509233,91.703961,East Khasi Hills,2016.0,Rainfall,1
958.2737426757812,15.299257278442385,53.39638900756836,0.0025297603569924,10,25.672167,91.066028,West Khasi Hills,0.0,Rainfall,1
1583.6513671875,26.676498413085938,113.24578094482422,-0.0095597114413976,10,25.393914,91.872066,East Khasi Hills,0.0,Rainfall,1
61.28124237060547,15.764010429382324,131.0073699951172,0.0009971420513466,10,25.51265130730122,90.05481225665504,background,,background,0
730.2593383789062,9.674135208129883,151.66932678222656,0.0024602084886282682,10,25.798398057933948,92.34245395502609,background,,background,0
66.04026794433594,2.7010061740875244,276.297119140625,0.0011872153263539076,10,26.085408150231356,92.7374338144428,background,,background,0
656.509033203125,14.929883003234863,342.17291259765625,-0.00022779425489716232,10,25.52536242192392,90.4443633077298,background,,background,0
1439.99951171875,14.291271209716797,251.98251342773438,0.003975418861955404,10,25.641258230629596,91.6165207680718,background,,background,0
1464.219970703125,20.49315452575684,64.60092163085938,0.0091666681692004,30,25.568837,91.833286,East Khasi Hills,0.0,Rainfall,1
1260.265380859375,16.47932243347168,214.54736328125,-0.0019414328271523,50,25.572492,91.209156,West Khasi Hills,0.0,Rainfall,1
1018.2808837890624,14.251399993896484,148.75927734375,0.001607553102076,30,25.36565,92.5314,East Jaintia Hills,0.0,Rainfall & anthropogenic,1
1476.4859619140625,12.130823135375977,332.2742004394531,-0.0016220335382968,10,25.547867,91.292589,West Khasi Hills,0.0,Rainfall,1
171.26536560058594,17.97532844543457,263.2887268066406,0.005662679206579924,10,25.764839805473876,92.70901128424102,background,,background,0
1255.11279296875,22.10134506225586,136.93309020996094,-0.0013458509929478,30,25.435167,92.185006,West Jaintia Hills,0.0,Rainfall,1
1865.73193359375,8.011558532714844,67.01189422607422,-0.00293303607031703,10,25.419263753957832,91.81251453715505,background,,background,0
174.89845275878906,21.94219207763672,260.1225891113281,0.004773478489369154,10,25.92528016824371,91.42204929156094,background,,background,0
8.71883487701416,0.5883894562721252,240.91156005859375,0.00017784236115403473,40,25.06992355336456,90.55058097540213,background,,background,0
92.17283630371094,7.036041259765625,172.1774139404297,-0.002322944113984704,10,25.840108810715193,90.1189210705798,background,,background,0
831.2764892578125,3.057565927505493,327.3381042480469,0.0044102165848016,40,25.696556,92.109694,East Khasi Hills,0.0,Rainfall,1
4.942801475524902,0.17700837552547455,162.7465057373047,0.00023107844754122198,40,25.05727681622251,91.47438981724426,background,,background,0
1271.99560546875,14.629181861877441,205.71188354492188,0.0028550270944833755,30,25.450771625231894,92.11196542673896,background,,background,0
1145.6370849609375,24.95050811767578,20.45661354064941,0.0001828734239097,10,25.265048,91.591553,East Khasi Hills,0.0,Rainfall,1
279.3470153808594,28.224729537963867,201.47325134277344,0.0023368361871689,10,25.042189,92.441964,East Jaintia Hills,2015.0,Rainfall,1
341.5167541503906,13.705647468566895,233.19647216796875,-0.0030542854219675064,10,25.533160932053274,90.76444852608235,background,,background,0
843.460693359375,10.847376823425293,52.92984390258789,-0.002024101559072733,10,25.70389345210763,92.13291993470565,background,,background,0
1502.927978515625,28.47083854675293,168.2084503173828,0.0022609394509345,50,25.3763,91.874028,East Khasi Hills,0.0,Rainfall,1
1262.262939453125,27.123598098754883,142.73118591308594,0.0022762033622711,30,25.434972,92.18425,West Jaintia Hills,0.0,Rainfall,1
1279.6907958984375,27.63107109069824,345.6622619628906,-0.0055314106866717,10,25.614664,91.870266,East Khasi Hills,0.0,Rainfall,1
22.0,0.0,-0.0,0.0,80,25.867128488070858,89.94998977846605,background,,background,0
1447.1580810546875,26.035703659057617,104.52995300292969,-0.001450792420655489,10,25.451861933186198,92.02236705395464,background,,background,0
296.37249755859375,26.276962280273438,88.38504791259766,0.008147318847477436,10,25.793402016513895,91.29780499227437,background,,background,0
1398.43017578125,18.71784782409668,10.551426887512209,0.0007246357854455,10,25.545206,91.276144,West Khasi Hills,0.0,Rainfall,1
1257.6505126953125,16.313533782958984,218.77305603027344,-0.0016403690678998,30,25.632286,91.162786,West Khasi Hills,0.0,Rainfall,1
613.0958862304688,41.85199737548828,272.337158203125,-0.006203281693160534,10,25.294748005709543,91.45072322346793,background,,background,0
1703.4970703125,23.016923904418945,312.8631896972656,0.0020602159202098,30,25.49137,91.821688,East Khasi Hills,0.0,Rainfall,1
284.92706298828125,3.0690221786499023,347.3090515136719,-0.00028721135458908975,10,25.686294236004283,90.23232506217971,background,,background,0
621.8313598632812,19.63112449645996,152.56680297851562,0.0033521098084747,10,25.234966,91.690051,East Khasi Hills,0.0,Rainfall,1
503.784423828125,5.540007591247559,116.21418762207033,0.0026673823595046,10,25.65,90.38,West Garo Hills,0.0,Rainfall,1
678.06787109375,27.349884033203125,183.50950622558594,0.004969405010342598,10,25.26371145168197,90.85389069774705,background,,background,0
62.98120880126953,3.1531965732574463,34.84486770629883,0.0029250888619571924,40,26.064829461082844,91.9217961483958,background,,background,0
1210.740234375,18.954805374145508,102.77825927734375,0.003631778759881854,30,25.630474483830813,91.4672672680938,background,,background,0
14.5,1.9275243282318115,243.6544952392578,0.0009305112762376666,40,25.07764026020473,90.06901689345248,background,,background,0
17.354251861572266,2.7216408252716064,161.42770385742188,-0.000450409745099023,10,25.083139070431283,90.23474153383373,background,,background,0
19.940107345581055,0.1798817664384842,46.44929885864258,0.00014283147174865007,40,25.313349069778656,89.78342826192039,background,,background,0
59.23551940917969,0.8072314262390137,38.254661560058594,-5.194149343878962e-05,40,25.931282018406623,91.47094285535367,background,,background,0
423.59564208984375,23.99471664428711,140.5461883544922,-0.003963491879403591,10,25.644356546895466,90.28898729740182,background,,background,0
968.6041259765624,30.838207244873047,359.1728820800781,-0.0058889985084533,10,25.326694,91.933972,East Khasi Hills,0.0,Rainfall,1
1350.6383056640625,17.241893768310547,357.9862060546875,-0.0083471527323126,30,25.426306,92.181278,West Jaintia Hills,0.0,,1
162.7952117919922,5.3195576667785645,178.69171142578125,-0.003358999267220497,10,25.398040961506762,90.23230983826456,background,,background,0
1575.79541015625,15.85301685333252,198.4278717041016,0.002228119643405,50,25.523,91.521389,West Khasi Hills,2016.0,Rainfall,1
1329.810791015625,29.971193313598633,145.3560791015625,0.00045249052345752716,30,25.45358006867773,92.18453785738149,background,,background,0
1449.3951416015625,14.031503677368164,13.240843772888184,0.0058909654617309,30,25.40547,91.53712,West Khasi Hills,0.0,,1
885.6311645507812,21.460182189941406,146.14805603027344,0.0034072590060532,10,25.747597,92.114167,East Khasi Hills,0.0,Rainfall,1
13.269925117492676,5.289585590362549,212.65687561035156,0.0004699230776168406,10,25.045199231855005,90.5714208373983,background,,background,0
767.0382690429688,9.0779390335083,78.1112060546875,0.00016632548067718744,30,25.79626037673207,92.38021844119221,background,,background,0
435.7908935546875,29.070348739624023,117.5597915649414,0.0036074742674827,10,25.229822,91.693551,East Khasi Hills,0.0,Rainfall,1
1526.94482421875,14.25132179260254,178.33975219726562,-0.0018869508057832,30,25.522717,91.448328,West Khasi Hills,0.0,Rainfall,1
55.6183967590332,3.0597827434539795,355.773193359375,0.00839211605489254,10,25.41036852182343,89.89259518927629,background,,background,0
1287.56640625,26.14337921142578,174.4656982421875,0.0009028394706547,30,25.599815,91.860028,East Khasi Hills,0.0,Rainfall,1
1178.0595703125,16.877077102661133,226.11602783203125,0.0023663213942199,30,25.607458,91.157039,West Khasi Hills,0.0,Rainfall,1
19.34661293029785,0.5730047821998596,262.2365417480469,0.00048369786236435175,40,25.288776721291303,89.83162953983343,background,,background,0
87.93158721923828,10.55659008026123,336.3560791015625,0.0011488556629046798,10,25.847766199259272,91.1430100560257,background,,background,0
1107.69482421875,15.184764862060549,332.2822570800781,0.0059972535818815,50,25.294601,91.930853,East Khasi Hills,0.0,Rainfall,1
44.25478744506836,0.0558636449277401,349.81829833984375,-1.7781614587875083e-05,40,26.07326416880523,91.40233455618966,background,,background,0
398.0147399902344,22.99945640563965,324.197509765625,-0.0006633162265643,10,25.956781,91.852883,Ri-Bhoi,2015.0,Heavy rainfall,1
28.209623336791992,1.3443020582199097,311.98956298828125,-0.002522669732570648,10,25.369395399598886,89.81472948796103,background,,background,0
502.0411071777344,32.0533332824707,337.464599609375,-0.0027005570009350777,10,25.873740690591635,91.77280604842606,background,,background,0
235.59326171875,41.25118255615234,110.5397720336914,-0.0060122548602521,10,25.079722,92.359361,East Jaintia Hills,2013.0,Rainfall,1
134.08905029296875,33.793724060058594,228.0006561279297,0.0004682077560573,10,25.133289,92.225272,East Jaintia Hills,2015.0,Rainfall,1
1040.1409912109375,18.04319190979004,343.7548828125,0.0065799937583506,10,25.687442,91.656183,West Khasi Hills,2016.0,Rainfall,1
97.38469696044922,41.64197540283203,340.6319885253906,0.001352469320409,10,25.189106,92.079564,West Jaintia Hills,2010.0,Rainfall,1
1414.536865234375,27.330907821655277,246.57595825195312,0.0037085996009409,10,25.50335,91.28335,West Khasi Hills,0.0,,1
777.6773681640625,11.503348350524902,82.09288787841797,-0.001701646251603961,10,25.450117837376713,92.73632831945163,background,,background,0
30.034780502319336,0.07342179119586945,95.57839965820312,-2.3336498998105526e-05,40,26.059876564460428,90.38147353121977,background,,background,0
291.1357116699219,12.405054092407227,296.1654052734375,0.004487794358283281,10,25.7017964564832,90.70478939905186,background,,background,0
1092.8604736328125,27.17439079284668,93.70596313476562,0.004206562414765358,10,25.67248882789003,91.71466111664795,background,,background,0
22.188812255859375,1.890256404876709,91.87446594238281,6.795936496928334e-05,40,25.777059268656135,89.83140812766264,background,,background,0
565.481689453125,26.116588592529297,190.3568572998047,-0.009329680353403091,10,25.574040757763953,92.6602157107937,background,,background,0
848.3239135742188,23.1334228515625,66.66741180419922,-0.0021424232982099,30,25.2625,92.384639,East Jaintia Hills,2016.0,Rainfall,1
1330.8753662109375,21.222517013549805,308.9306640625,-0.0022552597802132,10,25.612528,91.870861,East Khasi Hills,0.0,Rainfall,1
1566.94921875,26.092348098754883,66.63444519042969,0.0004891686257906,30,25.549961,91.341175,South West Khasi  Hills,0.0,Rainfall,1
638.315185546875,6.249204158782959,195.84278869628906,0.00013344292528927326,10,25.84349416881127,91.82446231807923,background,,background,0
30.236618041992188,2.606018304824829,220.83119201660156,-0.0002447795122861862,10,26.119513893248104,89.76689748504948,background,,background,0
42.301002502441406,0.5267089605331421,181.4133758544922,-0.0003279757220298052,40,26.060339348612356,91.23821572025872,background,,background,0
63.19550323486328,24.68890953063965,143.44361877441406,0.0004214444197714,10,25.188444,92.074139,West Jaintia Hills,0.0,Rainfall,1
10.43526840209961,0.4301530122756958,7.919702053070068,0.00011545246525201946,40,25.111685836306524,92.1398148234067,background,,background,0
32.30810546875,15.651015281677246,222.3685607910156,0.0001560594246257,10,25.184381,92.029531,East Khasi Hills,2005.0,Rainfall,1
20.338586807250977,2.1648058891296387,265.582763671875,-0.0012695244513452053,10,25.058668650247412,90.06429887373767,background,,background,0
107.40459442138672,1.3445091247558594,288.40374755859375,0.007200630381703377,10,25.82999707266909,90.4159803499631,background,,background,0
24.15623664855957,5.450840950012207,257.429443359375,0.0024056825786828995,10,25.294889263329388,90.67386165373614,background,,background,0
1574.664306640625,34.38825607299805,98.92242431640624,-0.0088891657069325,10,25.394983,91.872484,East Khasi Hills,0.0,Rainfall,1
918.593994140625,19.9116325378418,120.76205444335938,0.0041715493425726,10,25.776087,92.03754,Ri-Bhoi,2015.0,Heavy rainfall,1
1403.461181640625,20.695148468017575,300.1618347167969,-0.0048886323347687,10,25.50667,91.28318,West Khasi Hills,0.0,,1
1346.1505126953125,18.08861923217773,97.661865234375,0.0035342569462955,30,25.5208,91.25985,West Khasi Hills,0.0,,1
1688.978271484375,23.420738220214844,174.96444702148438,-0.0026273413095623,10,25.525533,91.467683,South West Khasi  Hills,0.0,Rainfall,1
30.17751693725586,0.38819965720176697,119.58889770507812,0.0003127119271084666,30,26.143276076520234,89.82034123584637,background,,background,0
843.0429077148438,5.193076133728027,77.77643585205078,0.0036151057574898005,30,25.394197341584704,92.54379294685744,background,,background,0
5.677783966064453,0.07581309229135513,301.9919128417969,0.00016960348875727504,90,25.063641004849178,91.75208384367222,background,,background,0
10.804729461669922,0.11380008608102798,243.9766845703125,-3.5690871300175786e-05,40,25.13628381290593,90.63036531355267,background,,background,0
503.784423828125,5.540007591247559,116.21418762207033,0.0026673823595046,10,25.65,90.38,West Garo Hills,0.0,Rainfall,1
598.5304565429688,21.279834747314453,176.3888397216797,0.0012558504240587354,30,25.529783502006094,90.66474378649546,background,,background,0
959.703857421875,16.971546173095703,337.1972351074219,0.0009160563349723,10,25.647514,91.055144,West Khasi Hills,0.0,Rainfall,1
948.6693725585938,9.653363227844238,113.90599060058594,-0.00010160706005990505,30,25.64842435878309,92.00448362142947,background,,background,0
1182.501708984375,34.793601989746094,347.2142028808594,-0.0009385360172018409,10,25.6235934670302,91.85361593809301,background,,background,0
597.5255737304688,5.804527282714844,138.30941772460938,-0.0016736641991883516,10,25.63110335546407,92.71285586313432,background,,background,0
341.7913818359375,26.642303466796875,334.33062744140625,0.00040592008735984564,10,25.919595164484406,91.34781301266896,background,,background,0
510.02984619140625,9.261492729187012,218.11941528320312,-0.007896275259554386,10,25.72546725154187,92.67221642924905,background,,background,0
28.49894142150879,1.6214594841003418,176.83438110351562,0.0002016467333305627,80,25.83631234585494,89.95930884986062,background,,background,0
545.1303100585938,19.245006561279297,252.72264099121094,0.0015856166137382388,10,26.073041030083573,92.10617352108243,background,,background,0
60.758705139160156,4.508573055267334,130.30490112304688,-0.0045724790543317795,10,25.287253968157817,89.95568245567839,background,,background,0
593.8742065429688,22.618303298950195,170.8199920654297,-0.0009516952559351,10,25.209427,91.646032,East Khasi Hills,0.0,Rainfall,1
603.7285766601562,27.99785041809082,169.7742919921875,6.05718232691288e-05,30,25.970032,92.056762,Ri-Bhoi,2015.0,Heavy rainfall,1
958.299072265625,22.24413108825684,308.2557373046875,0.0005371409934014,10,25.667072,91.091972,West Khasi Hills,0.0,Rainfall,1
1107.69482421875,15.184764862060549,332.2822570800781,0.0059972535818815,10,25.294778,91.930833,East Khasi Hills,0.0,,1
356.28448486328125,31.022235870361328,182.02093505859372,0.0019761188887059,10,25.208256,91.69041,East Khasi Hills,0.0,Rainfall,1
680.4165649414062,27.78841590881348,237.2618408203125,-0.0046617249026894,10,25.265158,92.202239,West Jaintia Hills,0.0,Rainfall,1
108.56645965576172,16.1624698638916,14.041205406188965,-0.0025956318713724,10,25.180032,91.65815,East Khasi Hills,0.0,Rainfall,1
1294.21630859375,15.472225189208984,203.75405883789065,0.0015060920268297,40,25.599762,91.860814,East Khasi Hills,0.0,Rainfall,1
743.4088134765625,2.6496574878692627,137.1605224609375,0.0011301977792754,10,25.55,90.33,West Garo Hills,2019.0,Rainfall,1
358.08978271484375,7.2019758224487305,33.850791931152344,0.008635912090539932,10,25.649058526658305,90.24096480825322,background,,background,0
25.229032516479492,1.6079283952713013,4.406152248382568,-0.0006285691633820534,80,25.802928983396786,89.83695113920277,background,,background,0
13.094497680664062,0.5633283853530884,213.14671325683594,0.0002514507214073092,40,25.185277706354864,92.06349965240237,background,,background,0
567.4694213867188,7.125388145446777,18.27136993408203,0.0007602090481668711,10,25.57071068927819,90.28119156620984,background,,background,0
1079.26220703125,14.682696342468262,258.8005676269531,-0.0061317211948335,10,25.450464,92.095806,West Jaintia Hills,0.0,Rainfall,1
1543.692626953125,21.624704360961918,291.76495361328125,-0.0048874071799218,30,25.349742,91.893423,East Khasi Hills,0.0,Rainfall,1
830.9876708984375,6.222535610198975,22.785295486450195,0.001525091822259128,10,25.603884232961004,92.57239876022855,background,,background,0
1602.600830078125,13.549508094787598,335.69317626953125,-0.0037365714088082314,30,25.59907682166592,91.71853715376042,background,,background,0
610.52587890625,29.041536331176758,304.7983093261719,-0.007765430025756359,10,25.279221217804132,91.54045963080715,background,,background,0
208.54949951171875,21.080894470214844,267.8832092285156,-0.0001402304915245,10,25.374072,90.8146,South West Khasi  Hills,0.0,Rainfall,1
1243.7596435546875,16.51907730102539,330.29351806640625,-0.0048751779831945,10,25.527489,92.415139,West Jaintia hills,0.0,Rainfall & anthropogenic,1
1241.0220947265625,19.869115829467773,247.4105529785156,-0.0011158280540257,10,25.629683,91.163172,West Khasi Hills,0.0,Rainfall,1
618.1636962890625,9.125818252563477,229.16036987304688,-0.007490148767828941,10,25.414173620720337,90.39874929997588,background,,background,0
1816.2183837890625,7.013159275054932,105.38603973388672,0.00230960245244205,30,25.461686342059988,91.75974337024749,background,,background,0
224.3502197265625,16.737558364868164,285.85662841796875,0.004634439013898373,10,25.866524769427894,91.21906097118045,background,,background,0
869.2160034179688,28.523841857910156,172.3377227783203,-0.0022027119994163513,30,25.77092934633704,91.6791243292736,background,,background,0
676.9484252929688,9.134825706481934,326.61376953125,-0.0008756415918469,10,25.61,90.31,West Garo Hills,0.0,Rainfall,1
1322.1798095703125,17.99681854248047,152.26658630371094,0.0049977945163846,30,25.549639,91.247472,West Khasi Hills,0.0,Rainfall,1
40.59873580932617,1.2830027341842651,167.8657989501953,-0.0001393851707689464,10,26.11809468197821,91.14357973780524,background,,background,0
991.4400024414062,27.5146541595459,6.994480133056641,0.0048442045226693,10,25.667472,91.066778,West Khasi Hills,0.0,Rainfall,1
1336.3707275390625,37.208683013916016,337.7361145019531,-0.0047662160359323,10,25.57255,91.828833,East Khasi Hills,0.0,Rainfall,1
600.6801147460938,32.98938751220703,139.13848876953125,0.0004894550074823,10,25.212554,91.747962,East Khasi Hills,0.0,Rainfall,1
385.4896240234375,18.9869384765625,304.04766845703125,0.00518614798784256,10,25.733550862649327,90.71158891916232,background,,background,0
806.8598022460938,13.898641586303713,134.71517944335938,0.000984955811873,10,25.237361,92.096992,West Jaintia Hills,2015.0,Rainfall,1
1222.0633544921875,18.819337844848636,333.1277160644531,-0.0007009896216914,30,25.490472,92.069472,West Jaintia Hills,0.0,Rainfall,1
625.260498046875,10.923900604248047,254.85223388671875,0.00041972461622208357,10,25.23072452666005,92.01180385908525,background,,background,0
465.6729736328125,33.91508483886719,352.776611328125,0.0050120530650019,10,25.227249,91.748917,East Khasi Hills,0.0,Rainfall,1
588.4806518554688,14.629227638244627,218.01199340820312,-0.0014560254057869,10,25.214153,92.045428,West Jaintia Hills,2016.0,Rainfall,1
1151.0487060546875,14.685528755187988,100.59422302246094,0.0020875269547104,30,25.309969,92.69525,East Jaintia Hills,0.0,Rainfall & anthropogenic,1
403.4481506347656,9.304689407348633,309.9232788085937,-0.0020038750953972,10,26.00294,91.86692,Ri-Bhoi,0.0,,1
108.77400970458984,6.884173393249512,117.9397964477539,-0.0010474773589521646,10,25.853352936798412,90.17704282496663,background,,background,0
876.3024291992188,3.5741376876831055,273.0957946777344,-0.0005732212448492646,40,25.72419291503367,92.04679509362175,background,,background,0
1767.5028076171875,14.95690631866455,308.7390441894531,0.0016669470351189,50,25.452164,91.819054,East Khasi Hills,0.0,Rainfall,1
38.75349044799805,10.341673851013184,289.42486572265625,-0.0021091685630381107,10,25.004122048944872,92.53048901492359,background,,background,0
1363.7435302734375,14.581884384155272,196.6474151611328,-0.0118341743946075,10,25.385535,91.988473,East Khasi Hills,0.0,,1
153.38720703125,18.027374267578125,247.78659057617188,-0.0045036803930997,10,25.180536,91.576839,East Khasi Hills,0.0,Rainfall,1
47.69300842285156,0.8467828631401062,264.7921447753906,-0.00029633985832333565,50,26.048204337562975,90.6626654177371,background,,background,0
828.4727172851562,6.20478630065918,138.13427734375,-0.0008676617871969938,10,25.75288121999561,92.36023124037159,background,,background,0
590.7936401367188,15.596442222595217,224.03778076171875,-0.0033149602822959,10,25.927972,91.877194,Ri-Bhoi,2015.0,Heavy rainfall,1
105.14381408691406,24.029294967651367,342.0561828613281,0.003775771940127,10,26.08125,91.798278,Ri-Bhoi,0.0,,1
201.0825042724609,14.448759078979492,255.22732543945312,0.0160497315227985,10,25.083361,92.361083,East Jaintia Hills,2016.0,Rainfall,1
1597.57666015625,35.499755859375,347.9966735839844,-0.000184524571523,10,25.331209,91.67737,East Khasi Hills,0.0,Rainfall,1
1150.6224365234375,15.525668144226074,297.9797668457031,-0.0032755800057202,10,25.277215,91.865449,East Khasi Hills,0.0,Rainfall,1
1325.0958251953125,11.900382995605469,20.430667877197266,0.005016016308218241,10,25.490974389751287,91.20779613527245,background,,background,0
264.6665344238281,6.141367435455322,358.5086975097656,-0.00771224033087492,10,26.081500558859755,92.06083763445857,background,,background,0
1781.132080078125,18.41041374206543,99.17877197265624,0.0029861838556826,30,25.450628,91.817767,East Khasi Hills,0.0,Rainfall,1
7.236430644989014,0.37562239170074463,53.46631622314453,0.0010512196458876133,40,25.011816264086043,90.75033855910605,background,,background,0
591.09326171875,2.1193952560424805,192.41604614257812,0.003564682090654969,10,25.77161965651872,91.61949092606844,background,,background,0
326.2752685546875,40.68799591064453,300.1880798339844,0.0091258054599165,10,25.104417,92.365028,East Jaintia Hills,1989.0,Rainfall,1
1300.637451171875,25.418140411376957,224.63790893554688,0.0021259111817926,30,25.560931,91.227694,West Khasi Hills,0.0,Rainfall,1
1016.879150390625,17.765897750854492,238.92105102539065,0.0058391038328409,10,25.668317,91.114858,West Khasi Hills,0.0,Rainfall,1
150.94827270507812,10.36031723022461,291.3644714355469,0.0011306623928248882,10,25.82299122288036,90.26879690521578,background,,background,0
1263.660888671875,5.4628095626831055,73.01199340820312,0.00033063971204683185,10,25.37172835779369,92.29166852901106,background,,background,0
1381.906982421875,10.176188468933104,31.713815689086918,-0.0013128217542544,30,25.660539,91.635431,West Khasi Hills,2016.0,Rainfall,1
1259.2100830078125,22.1357479095459,352.0992126464844,-0.0011865105479955,30,25.636913,91.843235,East Khasi Hills,0.0,Rainfall,1
102.03179168701172,12.957210540771484,189.0131072998047,-0.0012742034159600735,10,25.95817641825823,90.5947799256686,background,,background,0
97.58369445800781,6.727774620056152,169.58387756347656,0.0050630709156394005,10,25.292536109297167,90.07345572720313,background,,background,0
232.41380310058597,32.889556884765625,114.96118927001952,0.0123266968876123,10,25.112806,92.350194,East Jaintia Hills,2016.0,Rainfall,1
17.0,4.784204006195068,224.26771545410156,0.008702450431883335,10,25.135772892893655,92.27279929830632,background,,background,0
134.6744384765625,31.268829345703125,253.06869506835935,-0.0081433551385998,10,25.092178,92.353564,East Jaintia Hills,2014.0,Rainfall,1
106.72431945800781,14.288338661193848,154.57432556152344,-0.00023221128503791988,10,25.45196422238294,90.17132294799814,background,,background,0
127.34109497070312,23.836315155029297,5.048643112182617,0.0130664389580488,10,25.18955,91.453997,East Khasi Hills,0.0,Rainfall,1
649.4998779296875,21.030502319335938,72.80628204345703,0.008589412085711956,10,25.101379900015278,92.48596912495167,background,,background,0
10.093340873718262,0.11622637510299683,170.74972534179688,-3.8116344512673095e-05,40,25.06217482193114,92.09416602796354,background,,background,0
48.44670104980469,2.064183473587036,89.89575958251953,0.0017919933889061213,10,26.129343841883422,90.62168555579801,background,,background,0
82.30931854248047,29.35101890563965,143.24295043945312,0.0084747541695833,10,25.073731,92.370786,East Jaintia Hills,2015.0,Rainfall,1
655.4178466796875,31.225284576416016,172.83029174804688,0.0007287422195076,10,25.206686,91.73898,East Khasi Hills,0.0,Rainfall,1
1331.9547119140625,8.773449897766113,113.55257415771484,-0.0067613553255796,10,25.54264,92.10214,East Khasi Hills,0.0,,1
679.7529296875,7.486712455749512,260.2938537597656,0.012764913029968739,10,25.436969344125572,91.15012080045047,background,,background,0
1255.9571533203125,29.327430725097656,277.26348876953125,0.0005959534901194,10,25.617787,91.872745,East Khasi Hills,0.0,Rainfall,1
298.7924194335937,19.5025634765625,218.3994140625,2.8447946533560756e-05,10,25.998847,91.863883,Ri-Bhoi,2015.0,Heavy rainfall,1
662.4202880859375,17.4268856048584,225.3966522216797,-0.0034297248348593,10,25.233583,92.209583,West Jaintia Hills,2015.0,Rainfall,1
1163.47119140625,8.780401229858398,70.27098846435547,-0.0054688360542058,10,25.576203,92.057722,East Khasi Hills,0.0,Rainfall,1
22.780977249145508,1.1748127937316895,102.6739501953125,-0.0005755125894211233,80,25.433767723495325,89.71103232231897,background,,background,0
20.842571258544922,1.9811313152313232,82.82046508789062,0.00010391058458480984,10,25.05061369048016,89.73666097278658,background,,background,0
1173.4178466796875,1.7956275939941406,165.2163543701172,0.007732545956969261,40,25.699649396685988,91.20971688596937,background,,background,0
879.4112548828125,12.217384338378906,260.1065368652344,-0.0028720577247440815,30,25.628853166712236,92.5387699248493,background,,background,0
37.356624603271484,11.161323547363281,41.43519592285156,0.007297057658433914,10,25.26453261079946,90.30402489908013,background,,background,0
1695.8614501953125,17.40536117553711,344.3121337890625,0.0016828761436045,30,25.576847,91.753423,East Khasi Hills,0.0,Rainfall,1
944.8592529296875,26.25883674621582,316.057373046875,0.0007803285261616111,10,25.786722529167985,91.94784464456438,background,,background,0
1163.1298828125,19.527225494384766,235.939453125,-0.00470986170694232,10,25.276074245932627,92.56746969809474,background,,background,0
827.793212890625,6.961306571960449,138.89898681640625,-0.0004026441602036357,10,25.520441623069406,91.01202559844548,background,,background,0
15.5,0.0,-0.0,0.0,80,25.43823746790821,89.7395864506602,background,,background,0
1523.4200439453125,36.63560104370117,269.703125,-0.0007430969271808,10,25.386191,91.874586,East Khasi Hills,0.0,Rainfall,1
832.5504760742188,15.121955871582031,97.50188446044922,0.002326199086382985,10,25.253439211143892,92.37463046841694,background,,background,0
16.581239700317383,2.4432246685028076,167.86009216308594,0.0002016568905673921,40,25.146299329040012,90.52468617617899,background,,background,0
1157.5308837890625,7.472687721252441,253.1542053222656,0.0012691825395449,10,25.660825,91.143689,West Khasi Hills,0.0,Rainfall,1
1065.9569091796875,9.639788627624512,118.29530334472656,0.0019913907162845135,30,25.633153246807193,92.22857657910097,background,,background,0
701.8961791992188,8.86113452911377,244.59320068359375,0.004575266037136316,10,25.733545880046798,92.53614057332992,background,,background,0
420.3716125488281,19.444416046142578,119.89396667480469,0.00042804519762285054,10,25.69674308868996,90.83868304630954,background,,background,0
904.77392578125,15.018290519714355,104.76912689208984,0.0083481511101126,30,25.316069,92.685461,East Jaintia Hills,0.0,Rainfall & anthropogenic,1
1284.0887451171875,24.014516830444336,342.4941711425781,0.0033401018008589,10,25.544506,92.102033,East Khasi Hills,0.0,Rainfall,1
1100.373291015625,24.17943382263184,91.7790756225586,-0.0105237178504467,10,25.320833,91.9275,East Khasi Hills,0.0,Rainfall,1
485.9369201660156,22.462602615356445,131.25918579101562,-0.0006581518100574613,10,25.42254848391697,90.8811578616284,background,,background,0
5.837165832519531,2.143130302429199,121.97444152832031,-0.0011252925032749772,40,25.043676710798948,91.21781630044465,background,,background,0
988.341064453125,12.388218879699709,166.4529266357422,-0.0014110122574493,30,25.354239,92.572861,East Jaintia Hills,0.0,Rainfall & anthropogenic,1
603.3178100585938,23.52880477905273,127.32234191894533,-0.0043551474809646,30,25.376992,91.038136,West Khasi Hills,0.0,Rainfall,1
1102.67724609375,2.570152759552002,53.34984588623047,0.0024115247651934624,10,25.779969914315984,92.11029543219253,background,,background,0
903.1861572265625,2.988203525543213,197.39312744140625,-0.006371785886585712,10,25.62459466138454,92.41088779360423,background,,background,0
1073.9591064453125,29.125457763671875,205.42355346679688,-0.009179781191051,10,25.350166,91.972582,East Khasi Hills,0.0,Rainfall,1
341.80548095703125,28.985824584960938,308.9930725097656,-0.0041235769167542,10,26.01061,91.86886,Ri-Bhoi,0.0,,1
329.13165283203125,13.61084270477295,34.88936996459961,0.0057205995544791,10,25.95847,91.85406,Ri-Bhoi,0.0,,1
282.4830627441406,7.233421802520752,105.54845428466797,0.00025762958102859557,10,25.656179094971574,90.16580808147353,background,,background,0
226.09910583496094,10.782109260559082,234.99349975585938,-0.005031110718846321,10,25.812511515690055,90.62057452433241,background,,background,0
4.746248245239258,0.3759070932865143,162.22088623046875,7.451340206898749e-05,40,25.147729175959697,90.99017981770457,background,,background,0
1126.0640869140625,17.63560676574707,132.94651794433594,0.0031296731904149,30,25.300281,91.944944,East Khasi Hills,0.0,Rainfall,1
1156.8192138671875,3.4215893745422363,168.8777313232422,0.0031674182973802,30,25.649856,91.154383,West Khasi Hills,0.0,Rainfall,1
1250.52880859375,22.207324981689453,260.49981689453125,0.000984156737104,30,25.626767,91.165211,West Khasi Hills,0.0,Rainfall,1
64.21788024902344,0.5953904986381531,40.61005401611328,-0.00015354463539551944,40,25.85333420685157,91.13613087150114,background,,background,0
1458.9451904296875,8.403308868408203,151.6031036376953,0.0066596576943993,30,25.55125,91.297056,South West Khasi  Hills,0.0,Rainfall,1
1168.7298583984375,28.95567321777344,297.0522155761719,-0.0005442762630991,10,25.627946,91.876487,East Khasi Hills,0.0,Rainfall,1
506.6886596679688,28.945213317871094,359.4646301269531,-0.0017940464895218,10,25.226751,91.754441,East Khasi Hills,0.0,Rainfall,1
39.745635986328125,0.6861917972564697,250.40187072753906,0.0006151099223643541,40,26.065304619465135,90.946833550599,background,,background,0
984.0543823242188,19.98049736022949,294.9842224121094,-0.001370022073388,10,25.6715,91.095233,West Khasi Hills,0.0,Rainfall,1
64.22357177734375,5.62056303024292,163.557861328125,0.0021832233760505,10,25.53,89.98,West Garo Hills,2019.0,Rainfall,1
456.81640625,29.05873107910156,43.80324172973633,-0.0067585268989205,10,25.229167,92.2235,West Jaintia Hills,2016.0,Rainfall,1
741.2230224609375,8.968454360961914,135.96876525878906,0.0031103678047657,10,25.228472,92.187806,West Jaintia Hills,2016.0,Rainfall,1
9.339807510375977,0.15741513669490814,243.95669555664062,0.000122128170914948,40,25.1438730211503,91.42548803389886,background,,background,0
155.37405395507812,29.016359329223636,35.41999053955078,0.0004631174961104,10,25.147942,92.181586,West Jaintia Hills,2016.0,Rainfall,1
207.02130126953125,9.062858581542969,149.2790069580078,0.0027119049336761236,10,25.776180374027902,92.72436211244494,background,,background,0
182.3314666748047,7.251070022583008,101.42485809326172,-0.0055839773267507,10,26.02547,91.87158,Ri-Bhoi,0.0,,1
40.62364959716797,0.08540169894695282,131.39833068847656,1.5146508303587325e-05,40,26.054772651679333,90.74039784513724,background,,background,0
1190.654296875,9.41710376739502,329.55316162109375,-0.002330849878489971,10,25.42773576496044,91.20273812986112,background,,background,0
1475.1258544921875,1.336045742034912,178.9630584716797,0.001514615025371313,30,25.358727703507103,91.41510055435896,background,,background,0
715.991455078125,13.641440391540527,217.5615234375,-0.0064846407622098,10,25.240338,91.677786,East Khasi Hills,0.0,Rainfall,1
60.51096725463867,5.132748603820801,11.332486152648926,-0.00043483247281983495,10,26.074475035078507,91.9163774263324,background,,background,0
537.3096313476562,38.871761322021484,210.70388793945312,0.0019347755005583167,10,25.32585658937307,92.05458980250822,background,,background,0
566.7981567382812,10.837244033813477,185.38877868652344,0.0017320137703791,10,25.61,90.29,West Garo Hills,2019.0,Rainfall,1
59.561065673828125,0.06014377996325493,216.48329162597656,-0.0016033146530389786,10,25.953801861811264,91.40549981265127,background,,background,0
27.43710708618164,0.15587307512760162,175.1221466064453,2.5011529942275956e-05,80,25.942076965478623,89.88387490414442,background,,background,0
370.1099243164063,17.459218978881836,252.7420654296875,0.0010921343928202,10,25.224808,91.696177,East Khasi Hills,0.0,Rainfall,1
22.565874099731445,6.751824378967285,254.71115112304688,-0.00016622674593236297,10,25.179085804407936,91.88604118993666,background,,background,0
10.582117080688477,0.12212152034044266,198.92164611816406,-5.9402023907750845e-05,40,25.03520321410014,92.09693715517554,background,,background,0
1371.9097900390625,34.860374450683594,312.63623046875,-0.0068393745459616,30,25.573653,91.831023,East Khasi Hills,0.0,Rainfall,1
152.3776397705078,14.202095985412598,350.6971130371094,0.005313611589372158,10,25.419642539261982,90.12481006861783,background,,background,0
63.16787338256836,0.02663346752524376,146.24964904785156,-3.881836892105639e-05,40,26.011886123873325,92.6944298104601,background,,background,0
758.0301513671875,17.86234474182129,209.896240234375,0.0005210168892517,10,25.214783,91.590875,East Khasi Hills,0.0,Rainfall,1
569.3540649414062,16.571523666381836,55.35862350463867,-0.004581191577017307,10,25.2507749908181,90.98761739918078,background,,background,0
38.74216079711914,8.324657440185547,280.10943603515625,-0.0008912240155041,10,25.58,89.99,West Garo Hills,0.0,Rainfall,1
731.653076171875,11.13084602355957,138.82550048828125,-0.003580699674785137,10,25.767922719295843,92.2608216044396,background,,background,0
1519.5003662109375,20.48674774169922,270.6831970214844,-0.0003911455569323,10,25.34815,91.892506,East Khasi Hills,0.0,Rainfall,1
338.6139831542969,15.64477252960205,128.467041015625,-0.0015960799064487,10,25.97256,91.86242,Ri-Bhoi,0.0,,1
144.24258422851562,15.312750816345215,125.65875244140625,-0.003086486365646124,10,25.23348209053266,90.52133066963559,background,,background,0
481.12493896484375,26.013282775878906,22.54888916015625,7.428962271660566e-05,10,25.313852824070793,91.96033680412836,background,,background,0
631.8499145507812,21.69579315185547,268.15777587890625,-0.001942629693076,10,25.200333,92.200472,West Jaintia Hills,2016.0,Rainfall,1
1225.98095703125,21.927719116210938,197.53289794921875,-0.0003524346975609,30,25.581572,91.181611,West Khasi Hills,0.0,Rainfall,1
18.871858596801758,0.1079651340842247,91.71822357177734,-2.753137960098684e-05,40,25.166240323927358,90.23245469600894,background,,background,0
986.88818359375,33.002037048339844,341.215087890625,-0.0030388259328901,10,25.326063,91.931808,East Khasi Hills,0.0,Rainfall,1
890.9290161132812,30.072498321533203,279.2110900878906,0.0042964182794094,10,25.223553,91.671157,East Khasi Hills,0.0,Rainfall,1
674.8107299804688,26.506772994995117,158.2635955810547,0.004459647461771965,10,25.304978352454228,91.808091309986,background,,background,0
1387.280517578125,3.9122843742370605,210.39378356933594,0.002453065477311611,40,25.6699584448799,91.65537224813728,background,,background,0
1345.8377685546875,15.70583438873291,256.19219970703125,0.0054561616852879,10,25.533183,91.205647,West Khasi Hills,0.0,Rainfall,1
1111.4010009765625,25.293943405151367,279.1795654296875,-0.008971193805336952,10,25.265953898641477,91.64241759322208,background,,background,0
1296.4393310546875,21.70461845397949,124.13282012939452,0.000315603450872,30,25.430111,92.182167,West Jaintia Hills,0.0,Rainfall,1
44.51487350463867,9.783041000366213,260.7253723144531,0.0032872180454432,10,25.20283,91.20908,West Khasi Hills,0.0,,1
1091.6396484375,26.36109733581543,83.51223754882812,-0.0038969847373664,10,25.321102,91.927514,East Khasi Hills,0.0,Rainfall,1
537.91015625,12.680042266845703,59.84447479248047,-0.0064876396209001,10,25.359281,91.035939,West Khasi Hills,0.0,Rainfall,1
1241.5550537109375,31.078670501708984,345.54132080078125,0.0083514610305428,10,25.60339,91.856222,East Khasi Hills,0.0,Rainfall,1
409.3406677246094,6.663757801055908,52.25938415527344,0.0004232221108395,10,25.565569,90.808153,South Garo hills,0.0,Rainfall,1
1127.67626953125,28.52275657653809,67.30442810058594,0.0048748622648417,10,25.687431,91.648322,West Khasi Hills,2016.0,Rainfall,1
636.7831420898438,26.056943893432617,208.8133087158203,-0.0007493679877370596,10,25.8473486802232,91.86379251194883,background,,background,0
592.1188354492188,23.269664764404297,100.25994110107422,-0.0048568858765065,10,25.230063,91.688941,East Khasi Hills,0.0,Rainfall,1
14.804768562316895,0.5705318450927734,313.23431396484375,0.0004088482237420976,40,25.151994417392736,90.72988236040244,background,,background,0
1137.355712890625,29.716890335083008,26.06378936767578,-0.0069364188238978,10,25.299369,91.325575,South West Khasi  Hills,0.0,Rainfall,1
1013.1185913085938,38.38139343261719,132.16485595703125,0.002129162661731243,10,25.65857100647995,91.44438192890925,background,,background,0
1532.1043701171875,33.81216812133789,261.5411376953125,-0.0031723121646791,30,25.386583,91.874694,East Khasi Hills,0.0,,1
170.54794311523438,26.916584014892575,269.47613525390625,0.0075383563525974,10,25.9545,91.546622,Ri-Bhoi,2016.0,Rainfall,1
77.91073608398438,9.149872779846191,182.0576629638672,0.0033073928207159042,10,25.33301942152839,90.07557815024386,background,,background,0
669.41162109375,3.417112112045288,173.79544067382812,0.0008209419902414083,10,25.76637986537959,90.98524030075006,background,,background,0
665.4812622070312,27.29795837402344,230.87252807617188,0.0020899418741464,10,25.262931,92.203628,West Jaintia Hills,0.0,Rainfall,1
23.740100860595703,0.6954373121261597,323.7393493652344,-5.14650164404884e-05,80,25.802836170688813,89.83162855345782,background,,background,0
121.34263610839844,18.451635360717773,217.6630859375,-0.0052128313109278,50,25.073,92.368778,East Jaintia Hills,2015.0,Rainfall,1
438.8330078125,25.743728637695312,102.53630065917967,0.0006660865619778,10,25.229161,91.693249,East Khasi Hills,0.0,Rainfall,1
798.77783203125,34.263431549072266,168.57791137695312,-0.0015623113140463,10,25.251211,91.454514,South West Khasi  Hills,0.0,Rainfall,1
427.5157165527344,4.543096542358398,257.6224365234375,-0.0007449944969266653,10,25.636668523879436,90.53107543779701,background,,background,0
510.2258911132813,34.515316009521484,44.41080093383789,-0.0008955599041655,10,25.222564,91.691398,East Khasi Hills,0.0,Rainfall,1
21.487577438354492,2.0685184001922607,271.54229736328125,0.00045640833559446037,40,25.42853176770304,89.80044690798842,background,,background,0
1577.839599609375,15.330259323120115,46.28047943115234,-0.0087809674441814,10,25.397287,91.872324,East Khasi Hills,0.0,Rainfall,1
963.3492431640624,22.262699127197266,74.35643005371094,-0.0028441466856747,10,25.218732,91.740262,East Khasi Hills,0.0,Rainfall,1
371.2134704589844,25.485315322875977,242.8271026611328,-0.0106740053743124,50,25.034289,92.435222,East Jaintia Hills,2015.0,Rainfall,1
17.972835540771484,1.3228671550750732,193.6641082763672,-0.0002825003757607192,40,25.11272570837558,89.98873554574803,background,,background,0
1312.57080078125,31.802595138549805,86.56261444091797,-0.0123517895117402,10,25.439889,92.181083,West Jaintia Hills,0.0,Rainfall,1
274.9525451660156,30.113109588623047,355.625244140625,0.0035181832499802,10,25.971897,91.562372,Ri-Bhoi,2016.0,Rainfall,1
404.6805114746094,10.92126178741455,260.14459228515625,0.0002956606331281364,10,25.908184070222305,91.60076547860932,background,,background,0
26.280445098876953,1.2220211029052734,263.00927734375,0.00018585025100037456,40,25.623819011671618,89.82365462223083,background,,background,0
41.399253845214844,0.4381638169288635,205.2979278564453,0.00017051954637281597,40,26.133711807152377,91.03568031762455,background,,background,0
26.407085418701172,0.10052195936441422,253.85122680664062,-1.7384421880706213e-05,40,25.753499171337566,90.00186069651839,background,,background,0
26.628982543945312,0.06061573699116707,293.5303649902344,0.0002604963374324143,40,25.92241795325284,89.89893601633408,background,,background,0
1687.45654296875,21.892072677612305,265.9032897949219,-0.0023969181347638,30,25.585875,91.777328,East Khasi Hills,0.0,Rainfall,1
930.9213256835938,20.63243293762207,127.23827362060547,0.0002814863109961152,10,25.608400674514204,92.11307001439779,background,,background,0
1333.967041015625,25.229944229125977,334.0647277832031,-0.003949346486479044,10,25.499389411420427,91.21428387789923,background,,background,0
279.271484375,17.124412536621094,337.4342956542969,0.00036861380795016885,10,25.950551408952197,91.81369755726104,background,,background,0
1172.48388671875,28.15672492980957,27.29652214050293,0.008920026011765003,10,25.224865991822355,92.70756427754351,background,,background,0
1334.9620361328125,11.069034576416016,52.83650588989258,0.0009133239509537,50,25.527781,91.263214,West Khasi Hills,0.0,Rainfall,1
1202.881591796875,31.811214447021484,339.5679931640625,-0.0018537444993853,30,25.640264,91.848588,East Khasi Hills,0.0,Rainfall,1
1520.2530517578125,32.77302932739258,181.6857147216797,-0.0087293032556772,30,25.359923,91.883122,East Khasi Hills,0.0,Rainfall,1
1329.16064453125,12.284467697143556,257.2543640136719,0.0026435567997395,30,25.555256,91.234944,West Khasi Hills,0.0,Rainfall,1
7.42693567276001,0.25496092438697815,233.8582763671875,6.662849773420021e-05,90,25.029709130762047,91.92535774379569,background,,background,0
102.15966033935547,10.792643547058105,214.5463409423828,-0.0031242722179740667,10,25.18820479425367,90.77083169516045,background,,background,0
50.87427520751953,2.8379554748535156,85.15424346923828,0.0020775706507265568,10,25.9868970376566,90.54187460124186,background,,background,0
1269.8665771484375,29.830535888671875,139.47836303710938,-0.0044479244388639,10,25.54328,92.10478,East Khasi Hills,0.0,,1
11.925714492797852,0.2679462432861328,4.972926616668701,6.402970029739663e-06,40,25.14208587747948,90.58522425041932,background,,background,0
163.63819885253906,29.180864334106445,23.725786209106445,0.0046222005039453,10,25.148303,92.176236,West Jaintia Hills,2016.0,Rainfall,1
911.9069213867188,37.166969299316406,197.9970703125,0.0073377504013478,10,25.356461,92.006278,West Jaintia Hills,0.0,Rainfall,1
56.098575592041016,2.860250949859619,144.4891815185547,0.0013299084967002273,10,26.099317350149366,91.70437596366453,background,,background,0
46.182090759277344,1.8665268421173096,132.10292053222656,-0.0015590053517371416,10,25.255468339588386,90.06494895492018,background,,background,0
1295.5067138671875,33.10560989379883,328.6784362792969,0.0032237295527011,10,25.637365,91.932235,East Khasi Hills,0.0,Rainfall,1
24.99714469909668,9.819772720336914,318.7530517578125,-0.002973005175590515,10,25.177392692684325,91.41935934712762,background,,background,0
754.3638916015625,7.437239646911621,69.88042449951172,0.0023920813109725714,30,25.777713555056383,91.71536588049089,background,,background,0
669.8742065429688,31.36043357849121,112.2895736694336,-0.007299949415028,10,25.229706,91.745297,East Khasi Hills,0.0,Rainfall,1
149.2628173828125,37.69328689575195,288.7494812011719,0.0060556535609066,10,25.136047,92.222064,East Jaintia Hills,2016.0,Rainfall,1
72.12173461914062,9.183828353881836,259.36749267578125,-0.00028019462479278445,10,25.559842765036525,90.00545551207347,background,,background,0
178.24273681640625,14.914316177368164,105.0608901977539,0.0029091055039316416,10,25.92426267643175,90.58347670959228,background,,background,0
20.13246726989746,3.772787094116211,26.54434585571289,-0.0002480230759829283,10,25.10327003849929,90.08143004975004,background,,background,0
7.434549808502197,0.11950097978115082,39.520179748535156,6.2182305555325e-05,90,25.028778895303624,91.92304149120423,background,,background,0
579.6981201171875,15.052862167358398,302.2101745605469,0.009542345069348812,10,25.875646845263955,92.28850564524879,background,,background,0
114.05350494384766,15.149109840393066,83.67069244384766,-0.0033505412284284,10,26.033583,91.867083,Ri-Bhoi,0.0,,1
200.80259704589844,27.45409202575684,230.0949249267578,0.0031588077545166,10,25.200934,91.63449,East Khasi Hills,0.0,Rainfall,1
457.9580993652344,14.121294021606445,271.41583251953125,-0.008798595517873764,10,25.86878465629899,90.92084841713067,background,,background,0
137.97134399414062,19.23406219482422,123.81460571289062,-0.0055741509422659,10,25.188327,91.761486,East Khasi Hills,0.0,Rainfall,1
1120.5916748046875,24.793107986450195,33.030662536621094,0.0124425180256366,10,25.687056,91.6485,West Khasi Hills,2016.0,Rainfall,1
38.16925048828125,7.821310520172119,212.36257934570312,0.0020099475514143705,10,25.002985577185,92.67693447640495,background,,background,0
1299.8453369140625,22.518400192260746,227.6686248779297,0.0039519881829619,30,25.559222,91.229639,West Khasi Hills,0.0,Rainfall,1
96.0136489868164,10.796673774719238,184.86798095703125,-0.003056721296161413,10,25.86169299323018,91.13680783840879,background,,background,0
1105.075439453125,44.87054061889648,238.26559448242188,0.0068939020857214,10,25.347353,92.010558,West Jaintia Hills,0.0,Rainfall,1
1176.2198486328125,20.356433868408203,40.04767990112305,0.0020809925626963,10,25.625331,91.182614,West Khasi Hills,0.0,Rainfall,1
1096.2694091796875,16.992704391479492,317.0937194824219,0.0112540572881698,10,25.687083,91.650858,West Khasi Hills,2016.0,Rainfall,1
29.5,0.0,-0.0,0.0,80,26.112408098053518,90.28389369831908,background,,background,0
434.0950012207031,4.934182643890381,244.50390625,0.0060245981439948,10,25.625142,90.791675,West Khasi Hills,0.0,Rainfall,1
7.560279369354248,0.3135767877101898,68.36873626708984,-0.0006890906952321529,40,25.113320951097677,90.95338003069968,background,,background,0
85.04688262939453,9.31474494934082,151.8567352294922,-0.0018228450790047646,10,25.276818431898644,90.49861998491066,background,,background,0
1325.845703125,23.33516502380371,293.17657470703125,0.0076193842105567,10,25.44889,92.19417,Jaintial hills,0.0,,1
1446.8968505859375,12.477775573730469,142.07008361816406,0.0013268209295347333,10,25.620554740778,91.55556589052814,background,,background,0
84.94139862060547,13.364350318908691,60.62491226196289,-0.0064548640511929,10,25.047906,92.404822,East Jaintia Hills,0.0,Rainfall,1
113.53889465332031,13.014357566833496,215.22927856445312,-0.002730003325268626,10,25.28804131546453,90.61316466083409,background,,background,0
451.46734619140625,20.547000885009766,223.44393920898438,-0.0014930380275472999,10,25.094192921656205,92.76009791598368,background,,background,0
634.8538818359375,9.47368049621582,134.10137939453125,5.966485332464799e-06,10,25.233282176966238,92.54131852116674,background,,background,0
20.0,0.06085849553346634,189.6615447998047,-2.0595116438926198e-05,80,25.69559881259925,89.73599826290408,background,,background,0
2.4208762645721436,0.014743434265255928,1.028126835823059,-6.235812179511413e-06,90,25.06346540238167,91.16932673029167,background,,background,0
653.1201171875,4.636806011199951,98.9966049194336,0.0060271406546235085,10,25.514369957334594,90.43827893060538,background,,background,0
1238.8785400390625,22.14527130126953,179.8783721923828,0.0005555353127419,30,25.581983,91.176972,West Khasi Hills,0.0,Rainfall,1
258.9646301269531,43.3489875793457,255.4053955078125,0.0025005084462463,10,25.044136,92.430244,East Jaintia Hills,2016.0,Rainfall,1
57.6580696105957,18.248525619506836,23.765317916870117,0.008142733946442604,10,25.268495463871783,90.51877546300466,background,,background,0
1470.60791015625,15.591739654541016,36.36155319213867,-0.003613241482526064,10,25.64292143379932,91.60342700209438,background,,background,0
107.13436126708984,30.77978515625,129.700439453125,-0.0083366008475422,10,25.126972,92.388083,East Jaintia Hills,2016.0,Rainfall,1
6.606832027435303,0.3948131501674652,173.2727813720703,0.00014698345330543816,30,25.12883036042405,91.79300705503495,background,,background,0
32.02470397949219,0.6966174840927124,325.5118713378906,0.00028175857733003795,10,26.123960919965086,89.86857945929273,background,,background,0
937.4673461914062,19.51444435119629,232.36940002441406,0.0016365007031708956,30,25.665855876932703,91.75503730772834,background,,background,0
640.94482421875,5.9552178382873535,272.35760498046875,0.0068380432203412,30,25.63,90.33,West Garo Hills,0.0,Anthropogenic,1
1240.0323486328125,13.037171363830566,212.1676483154297,-0.009926136583089828,30,25.687007662602067,91.56315984960564,background,,background,0
271.5523376464844,36.84226989746094,208.59446716308597,0.0090193329378962,10,25.042778,92.432472,East Jaintia Hills,2015.0,Rainfall,1
905.4074096679688,18.042821884155273,107.11788177490234,0.003917430527508259,10,25.644519858427998,92.31274639313693,background,,background,0
159.8282470703125,19.618085861206055,104.1775894165039,0.0008987809997051954,10,25.2270316763239,90.3093949070109,background,,background,0
267.30535888671875,4.078397274017334,108.76158905029297,0.002031473908573389,10,25.66710906222996,90.6007127218482,background,,background,0
832.5223999023438,15.125882148742676,307.7973937988281,-0.005061300471425,10,25.571,92.55128,West Jaintia Hills,0.0,Heavy rainfall,1
1707.6719970703125,6.939445495605469,274.22137451171875,0.0078598670661449,30,25.548089,91.647706,West Khasi Hills,2016.0,Rainfall,1
41.43138885498047,0.47405773401260376,94.84732818603516,0.0009635583264753222,40,26.043398243869923,91.27504015544345,background,,background,0
282.2724609375,14.713384628295898,310.4566955566406,-0.006744003389030695,10,25.959174349570834,91.34924077002326,background,,background,0
247.1236572265625,27.87947654724121,88.8947982788086,0.0053870100528001,10,25.113475,92.350506,East Jaintia Hills,2013.0,Rainfall,1
1540.5057373046875,20.59552001953125,2.0290048122406006,-0.0013537990162149,10,25.331948,91.661011,East Khasi Hills,0.0,Rainfall,1
1498.8768310546875,18.81292152404785,315.5303955078125,-0.0018628190737217,10,25.620361,91.617083,West Khasi Hills,2016.0,Rainfall,1
35.79778289794922,12.695792198181152,155.58731079101562,0.0001688753254711628,10,25.266029641368377,90.68436906887439,background,,background,0
1069.384765625,17.56464195251465,326.1912536621094,-0.0010669524781405,10,25.342269,92.58225,East Jaintia Hills,0.0,Rainfall & anthropogenic,1
892.7542114257812,7.624995708465576,119.88895416259766,0.0013498880434781313,10,25.68749224965199,91.79465738702834,background,,background,0
619.4835815429688,24.36301040649414,62.37599563598633,-0.00012855275417678058,10,25.55964329364968,90.24996469710615,background,,background,0
33.339630126953125,1.5218064785003662,148.0861358642578,0.0018133206758648157,10,25.329197451419436,90.57157405559273,background,,background,0
524.9566040039062,34.321128845214844,120.6260223388672,-0.0078001134097576,10,25.216805,91.709405,East Khasi Hills,0.0,Rainfall,1
238.01226806640625,26.30946159362793,49.582130432128906,-0.000363687751814723,10,25.262294649482147,91.41718720657155,background,,background,0
203.53294372558594,2.2035441398620605,314.5561828613281,-0.006251079495996237,10,25.911309962291163,91.20435849315578,background,,background,0
1581.71826171875,16.5770206451416,324.7196960449219,0.001247344771400094,10,25.541770288291495,91.98735805239238,background,,background,0
394.5339660644531,27.05101203918457,258.6239013671875,0.0030125207267701,10,25.558058,90.809919,East Garo hills,0.0,Rainfall,1
1336.6329345703125,27.948461532592773,348.1136169433594,0.0022714459337294,10,25.537344,91.207542,West Khasi Hills,0.0,Rainfall,1
129.33636474609375,11.386059761047363,213.26220703125,-0.003916383720934391,10,25.982083267276924,91.24747849822442,background,,background,0
85.32868194580078,12.28358268737793,234.31199645996094,-0.0006266387645155191,10,25.820576545933758,90.08295093834762,background,,background,0
302.54449462890625,13.575011253356934,43.710548400878906,0.005411041900515556,10,25.588951209992125,90.57038469441773,background,,background,0
871.5224609375,5.527085304260254,44.3912353515625,-0.0024838969111442566,10,25.678807335632914,92.04580923343268,background,,background,0
966.7376098632812,15.10328197479248,102.68726348876953,-0.007260567508637905,10,25.602082880849053,92.40751669028222,background,,background,0
349.1405334472656,26.029342651367188,328.7524719238281,0.0072206030599772,10,25.958886,91.851242,Ri-Bhoi,2015.0,Heavy rainfall,1
982.3433837890624,20.157848358154297,138.0876007080078,-0.001869463827461,30,25.257286,91.871763,East Khasi Hills,0.0,Rainfall,1
45.21863555908203,1.516575813293457,314.4330749511719,-0.001581813208758831,10,26.113378565289207,90.91149021965015,background,,background,0
1028.9962158203125,20.342777252197266,221.7470550537109,-0.0005653174594044,30,25.356475,91.225489,West Khasi Hills,0.0,Rainfall,1
551.5867309570312,18.928951263427734,343.56591796875,-0.0008883115369826555,10,25.245181150629648,91.63861851947856,background,,background,0
41.269134521484375,2.585731029510498,208.16085815429688,0.000527396216057241,40,26.130088310385307,91.12421786411514,background,,background,0
1370.0123291015625,23.37472343444824,350.46539306640625,0.0025029280222952,10,25.544906,91.268575,West Khasi Hills,0.0,Rainfall,1
830.84814453125,14.190625190734863,189.3343505859375,0.0016279692063108,10,25.676,92.157917,East Khasi Hills,0.0,Rainfall,1
590.7936401367188,15.596442222595217,224.03778076171875,-0.0033149602822959,10,25.92792,91.87717,Ri-Bhoi,0.0,,1
26.841623306274414,3.4834964275360107,204.29058837890625,0.0009681109222583473,10,25.192871740235272,90.12253527311304,background,,background,0
18.577198028564453,1.8223202228546143,247.2931365966797,-0.0002522431022953242,60,25.487121671428827,89.74318708787037,background,,background,0
509.1733093261719,27.923799514770508,299.5923156738281,0.0065830643288791,10,25.221164,91.719886,East Khasi Hills,0.0,Rainfall,1
118.58179473876953,14.879448890686035,282.7080078125,0.0009532478870823979,10,25.302541623828894,90.3586488953035,background,,background,0
1166.3267822265625,21.512622833251957,97.93415069580078,0.0068448320962488,30,25.692947,91.648044,West Khasi Hills,2016.0,Rainfall,1
101.3602066040039,4.272355556488037,161.596435546875,0.006260859314352274,10,26.10698070588734,91.89665656284227,background,,background,0
28.677841186523438,0.3836236000061035,263.6392822265625,0.0001845073129516095,80,26.01498313041164,90.08497955376433,background,,background,0
1333.537353515625,43.43777084350586,299.2598876953125,0.0154150268062949,10,25.326032,91.659568,East Khasi Hills,0.0,Rainfall,1
19.573434829711914,0.16099482774734497,191.6595001220703,4.123480903217569e-05,40,25.20833198154646,90.01912807537744,background,,background,0
539.97705078125,32.76089859008789,236.96856689453125,0.0015390811022371,10,25.218961,91.707094,East Khasi Hills,0.0,Rainfall,1
26.19496726989746,0.727512001991272,175.92857360839844,0.0002149782085325569,10,25.00602704449525,92.51806275019717,background,,background,0
25.795133590698242,0.2546732723712921,138.40170288085938,8.441365935141221e-05,40,25.363656359957925,89.84711823986144,background,,background,0
1415.962158203125,32.59732437133789,351.5982666015625,-0.0067298118956387,10,25.338631,91.777559,East Khasi Hills,0.0,Rainfall,1
26.131261825561523,0.7733282446861267,142.67494201660156,-0.00016001035692170262,10,25.00361373398044,92.51348867496887,background,,background,0
1105.0888671875,26.552845001220703,3.981273412704468,0.0013965895632281,10,25.642198,91.851055,East Khasi Hills,0.0,Rainfall,1
63.614620208740234,2.514010190963745,27.022340774536133,0.00036601148894988,10,26.088475626564378,92.78576440714119,background,,background,0
366.7585144042969,4.087762832641602,130.64268493652344,-0.0029877293854951,10,25.512611,90.658611,East Garo hills,0.0,Anthropogenic/a Rainfall,1
452.97589111328125,25.51400375366211,359.9822692871094,0.0009306124411523342,10,25.31198119481383,90.88858896755374,background,,background,0
39.2889518737793,0.44314008951187134,224.75723266601562,-4.1937208152376115e-05,40,25.537557703377743,90.06492608701798,background,,background,0
1623.041015625,22.32806396484375,141.1925506591797,0.0001701697474345,50,25.548306,91.61775,West Khasi Hills,2016.0,Rainfall,1
1285.4835205078125,28.246074676513672,341.757080078125,-0.0048406906425952,10,25.613917,91.868639,East Khasi Hills,0.0,Rainfall,1
516.4854125976562,27.73680686950684,135.03245544433594,0.0040674423798918,10,25.224417,91.689893,East Khasi Hills,0.0,Rainfall,1
377.86016845703125,30.088764190673828,283.1187744140625,-0.008629940450191498,10,25.227321753021386,91.51956186927258,background,,background,0
1169.2685546875,30.53982353210449,301.312255859375,0.0072191460058093,10,25.359331,91.974469,East Khasi Hills,0.0,Rainfall,1
691.5111083984375,20.08797836303711,186.08412170410156,-0.002378158736974001,10,25.83872568532451,92.46643605733813,background,,background,0
293.1872253417969,22.75326538085937,275.9820861816406,-0.0003485358611214,10,25.934889,91.714389,Ri-Bhoi,2016.0,Rainfall,1
170.35800170898438,10.818635940551758,146.87835693359375,3.554124850779772e-05,10,25.191111,92.003389,East Khasi Hills,2016.0,,1
47.49071502685547,0.07151380926370621,0.2729273736476898,0.00023175175010692328,40,26.00242728792181,91.4523172027593,background,,background,0
914.9439697265624,14.006681442260742,149.13706970214844,-0.0006423655431717,10,25.690833,91.056556,West Khasi Hills,0.0,Rainfall,1
1292.2646484375,23.5820255279541,327.7974853515625,-0.0075673670507967,10,25.614537,91.87005,East Khasi Hills,0.0,Rainfall,1
40.99427032470703,0.04100397974252701,315.30767822265625,-6.984983338043094e-05,40,26.066236004752675,90.65416908604469,background,,background,0
1224.1881103515625,17.200695037841797,107.316162109375,0.0018346046563237,10,25.633896,91.891833,East Khasi Hills,2015.0,Rainfall,1
1152.9986572265625,13.488508224487305,83.4847412109375,-0.0030718729831278324,10,25.52194863606419,92.47567860293883,background,,background,0
1077.5384521484375,24.361366271972656,321.1042175292969,-0.014138787984848,10,25.278028,91.348931,South West Khasi  Hills,0.0,Rainfall,1
1043.35205078125,30.57578468322754,212.40521240234372,0.0023394068703055,10,25.341306,92.009611,West Jaintia Hills,0.0,Rainfall,1
329.07513427734375,16.235334396362305,160.29808044433594,0.005494225304573774,10,25.60281994006459,92.73191650411505,background,,background,0
753.609375,34.01911163330078,76.21617126464844,0.0089731365442276,10,25.307765905055714,91.29135674983618,background,,background,0
1777.1239013671875,13.301158905029297,124.68060302734375,-0.004893631208688021,30,25.466134647154135,91.75327046028427,background,,background,0
7.456554889678955,0.5603310465812683,3.408679485321045,0.0001832980924518779,40,25.01645415022371,90.8356733462153,background,,background,0
284.3357849121094,18.86551856994629,303.2255859375,0.009176896885037422,10,25.1929988113891,91.72648661886163,background,,background,0
566.7981567382812,10.837244033813477,185.38877868652344,0.0017320137703791,10,25.61,90.29,West Garo Hills,0.0,Rainfall,1
9.708917617797852,1.3807193040847778,318.7168273925781,0.0003269423032179475,40,25.159321936505062,91.79050715098116,background,,background,0
341.06951904296875,30.859878540039062,89.01174926757812,-0.0076367598958313,10,25.972964,91.858336,Ri-Bhoi,2012.0,Heavy rainfall,1
1224.4256591796875,4.124114513397217,142.05345153808594,0.001973082544282,30,25.298806,91.923167,East Khasi Hills,0.0,,1
1432.1114501953125,39.91707992553711,285.42596435546875,-0.00215704459697,10,25.39897,91.993367,East Khasi Hills,0.0,,1
107.4069366455078,36.24444961547852,323.402099609375,0.0032227595802396,10,25.097997,92.355972,East Jaintia Hills,2015.0,Rainfall,1
429.6895751953125,31.71808815002441,211.22332763671875,0.0006793011561967,10,25.205307,91.755686,East Khasi Hills,0.0,Rainfall,1
1102.5831298828125,22.93342018127441,328.71014404296875,-0.00249381409958,10,25.698111,91.18275,West Khasi Hills,0.0,Rainfall,1
182.93724060058594,1.5488214492797852,15.085430145263672,-0.005732674151659012,10,25.27711368973745,90.24687190808693,background,,background,0
7.237889289855957,1.6896039247512817,151.45632934570312,0.0008197861025109887,40,25.058131145160853,91.6539470424761,background,,background,0
514.7969970703125,16.203378677368164,160.08164978027344,-0.006425959058105946,10,25.95985119003201,92.4070687100674,background,,background,0
440.96441650390625,9.918399810791016,147.5620880126953,-0.00279696611687541,10,25.61375268146261,90.64155687854155,background,,background,0
981.931396484375,11.460253715515137,11.505905151367188,0.00012565613724291325,10,25.514834524296212,91.08166211880068,background,,background,0
37.04585266113281,1.9000502824783325,336.19586181640625,-0.002684272825717926,40,25.949013015769633,90.12731874415839,background,,background,0
767.53076171875,7.670948505401611,150.27252197265625,-0.004376277793198824,10,25.607458397515934,92.58367398500339,background,,background,0
1075.3912353515625,37.08720016479492,97.56664276123048,0.0018575441790744,10,25.322897,91.927752,East Khasi Hills,0.0,Rainfall,1
689.3287353515625,32.525535583496094,170.3317108154297,-0.0022299347911030054,10,25.047568471290642,92.4995001702234,background,,background,0
1234.84765625,13.767561912536621,77.82173919677734,-0.00657607801258564,10,25.57791187991526,92.18189543603745,background,,background,0
384.6751403808594,11.274452209472656,141.86764526367188,0.003704081755131483,10,25.223093934531597,91.2698847791691,background,,background,0
53.492916107177734,0.14747639000415802,329.70294189453125,-7.24593974155141e-06,40,26.12356097041609,92.33095016285343,background,,background,0
226.4727325439453,14.999471664428713,173.1093292236328,0.0024450730998069,10,25.044442,92.427761,East Jaintia Hills,2016.0,Rainfall,1
556.6475830078125,3.445188283920288,308.42822265625,-0.0005558588309213519,10,25.281864179981646,91.10477551601956,background,,background,0
15.037863731384277,0.9242497086524963,28.540700912475586,2.4867204047041014e-05,40,25.135046585767686,90.43667299440762,background,,background,0
378.84686279296875,15.277535438537598,141.81483459472656,0.0034034105483442545,30,25.65810501663581,90.44902000530323,background,,background,0
1095.5657958984375,13.271724700927734,317.6283874511719,0.0004540848894976,30,25.598908,91.175628,West Khasi Hills,0.0,Rainfall,1
287.6004638671875,20.93761444091797,23.803245544433597,0.0093810707330703,10,25.149603,92.367964,East Jaintia Hills,0.0,Rainfall,1
18.21737289428711,0.13899295032024384,96.80630493164062,-0.00012374334619380534,40,25.06978109078972,89.82499794886466,background,,background,0
23.913442611694336,2.8068184852600098,314.3499755859375,-0.0007661028066650033,40,25.162866714958714,90.12022173672719,background,,background,0
1278.339111328125,21.19329643249512,179.5330352783203,-0.0081836031749844,30,25.599096,91.859289,East Khasi Hills,0.0,Rainfall,1
1554.3848876953125,13.831555366516113,67.2474136352539,0.0010304772295057774,10,25.61349954868149,91.67057014730844,background,,background,0
588.9796142578125,3.7675693035125732,300.513671875,0.003274951595813036,10,25.214970675841705,91.89868154493651,background,,background,0
619.5414428710938,35.640132904052734,72.52436828613281,-0.001974269514903426,10,25.24208044233966,91.50835835175657,background,,background,0
944.1246337890624,16.654163360595703,215.13766479492188,-0.0008635638514533,30,25.282267,92.341433,East Jaintia Hills,2016.0,Rainfall,1
1303.9136962890625,37.46329879760742,83.30233001708984,-0.0026480134110897,10,25.31458,91.45242,South West Khasi Hills,0.0,Heavy rainfall during preceding 2 days,1
951.557373046875,20.92808723449707,319.6484680175781,0.002646403620019555,10,25.304013323765535,91.66476153799822,background,,background,0
29.439903259277344,1.7704116106033325,164.2093505859375,-0.0008240788010880351,80,26.03678821798488,89.99961881884087,background,,background,0
847.0564575195312,12.620043754577637,159.2178497314453,0.00342584983445704,10,25.223236826311954,92.57590101961058,background,,background,0
39.0,18.166427612304688,2.58203387260437,0.0049772136844694614,10,25.301214284655657,90.13623096609959,background,,background,0
139.06338500976562,12.67790412902832,213.48779296875,0.0009689712314866483,10,25.29378098284074,90.0993795448585,background,,background,0
24.5,0.011688755825161934,88.75260162353516,5.783416418125853e-05,80,26.036531943905366,89.83288577063267,background,,background,0
101.594970703125,15.473149299621582,34.308067321777344,-0.0035573174245655537,10,26.0427434465988,90.40643561659353,background,,background,0
31.614904403686523,0.25570717453956604,198.7681884765625,-5.141722795087844e-05,80,26.105393268017064,90.23552404271146,background,,background,0
42.51003646850586,0.12756721675395966,7.3288702964782715,1.0266989193041809e-05,40,26.076819323937563,91.28505415658677,background,,background,0
8.430974006652832,3.1725144386291504,297.37646484375,7.2950206231325865e-06,10,25.042902140936008,90.90176125110891,background,,background,0
89.20448303222656,2.2150514125823975,295.11151123046875,-0.004774628207087517,10,26.127947836353666,91.95777659061602,background,,background,0
18.636293411254883,0.1883115917444229,187.2412109375,8.642340981168672e-05,40,25.180305853988013,89.7876390954714,background,,background,0
987.0409545898438,18.14487838745117,52.23638534545898,-0.0073399003595113,10,25.222221,91.742134,East Khasi Hills,0.0,Rainfall,1
240.74295043945312,35.64228057861328,24.14990234375,-0.0053336946293711,10,25.134293,92.38155,East Jaintia Hills,2010.0,Rainfall,1
85.69923400878906,3.844247579574585,101.85023498535156,0.006219435483217239,10,25.923038897939207,90.39380360028305,background,,background,0
691.63427734375,10.870635032653809,352.19097900390625,0.0043056206777691,10,25.61,90.3,West Garo Hills,0.0,Rainfall,1
837.7393798828125,17.893625259399414,69.76380920410156,0.0006163498037494,10,25.261117,92.385231,East Jaintia Hills,2016.0,Rainfall,1
1505.7833251953125,17.79316520690918,267.1286315917969,-0.0049097370356321,30,25.619625,91.616567,West Khasi Hills,2016.0,Rainfall,1
86.77493286132812,12.92210865020752,289.21966552734375,0.00033846800215542316,10,25.27824732685817,90.05121392765231,background,,background,0
775.732177734375,9.835898399353027,351.91949462890625,-0.00016309600323438644,10,25.54186584493493,90.31354774482875,background,,background,0
10.044958114624023,0.1770106852054596,252.33709716796875,-2.5505605663056485e-06,40,25.039493959921327,90.48466979107668,background,,background,0
1320.99560546875,21.865928649902344,57.063724517822266,0.0018064972246065,10,25.551667,91.2325,West Khasi Hills,0.0,Rainfall,1
864.9144287109375,33.468109130859375,317.1737365722656,0.0028281421400606632,10,25.372952945175822,91.91539368052703,background,,background,0
236.36268615722656,21.0208683013916,331.8007202148437,0.0001057316621881,10,26.032028,91.989528,Ri-Bhoi,0.0,,1
346.0941162109375,34.8039436340332,99.23548889160156,0.005809631664305925,10,25.024699422994654,92.5883045185868,background,,background,0
672.4840087890625,32.60594177246094,175.46803283691406,-0.0007567106513306,10,25.206885,91.740497,East Khasi Hills,0.0,Rainfall,1
819.4677124023438,15.789538383483887,307.47515869140625,-0.005670283455401659,10,25.75374887426981,92.5987669131853,background,,background,0
775.7459106445312,10.350711822509766,39.269344329833984,0.001576144597493112,10,25.91268200782811,91.96785930905428,background,,background,0
268.1365966796875,41.21016311645508,264.83642578125,0.0052446825429797,10,25.044778,92.430333,East Jaintia Hills,2015.0,Rainfall,1
912.7345581054688,19.627382278442383,98.82862091064452,-0.0013103967066854,10,25.24327,91.866626,East Khasi Hills,0.0,Rainfall,1
684.158447265625,7.2230610847473145,240.0563507080078,0.0028405438642948866,10,25.237681392488923,91.29381161571703,background,,background,0
52.807167053222656,7.442194938659668,23.46638298034668,-0.0078821405768394,10,25.18092,91.570335,East Khasi Hills,0.0,Rainfall,1
995.964111328125,7.957623481750488,94.68060302734375,0.0002928521716967225,10,25.63619416545325,92.29534303449157,background,,background,0
50.95128631591797,19.2913875579834,347.7221069335937,0.0041707148775458,10,25.158643,91.525222,East Khasi Hills,0.0,Rainfall,1
553.4849243164062,9.37680721282959,78.79853057861328,0.010636607185006142,30,25.889335353649763,92.35829427502817,background,,background,0
173.2736358642578,7.5990376472473145,57.2019157409668,0.0004528049612417817,10,25.4125919136596,90.10667766451836,background,,background,0
481.02630615234375,13.60487174987793,267.8044738769531,-0.002685509156435728,10,25.708550730685598,92.69919704032749,background,,background,0
8.303851127624512,0.39915457367897034,141.13555908203125,0.0002794442407321185,40,25.052302405119754,90.44589846453145,background,,background,0
900.469482421875,23.953428268432617,300.1434326171875,0.0030710978899151,50,25.664111,91.089556,West Khasi Hills,0.0,Rainfall,1
145.04312133789062,35.471282958984375,83.85674285888672,-0.0106856618076562,10,25.096592,92.351017,East Jaintia Hills,2016.0,Rainfall,1
187.87017822265625,28.482297897338867,264.7318725585937,-0.002755589550361,10,25.079,92.361667,East Jaintia Hills,2015.0,Rainfall,1
53.11678695678711,0.1458500325679779,333.6398010253906,5.921984848100692e-05,40,25.92707005035101,91.08184558502069,background,,background,0
765.7354736328125,18.814542770385746,132.3695526123047,0.0010979622602462,10,25.226806,92.090611,West Jaintia Hills,2015.0,Rainfall,1
213.55023193359372,32.661224365234375,283.6003723144531,-0.0064209559932351,10,25.044733,92.423675,East Jaintia Hills,2015.0,Rainfall,1
319.41534423828125,4.954658508300781,128.82521057128906,-0.0007088356651365757,10,25.667833923598128,90.67437303191066,background,,background,0
299.697021484375,31.961565017700195,83.79264068603516,0.00660188402980566,10,25.04390977036667,92.79891472797328,background,,background,0
880.3697509765625,2.3332576751708984,42.385040283203125,-0.0022214329801499844,40,25.678465379926422,92.0162337738942,background,,background,0
1385.2078857421875,23.002485275268555,203.5046844482422,-0.0087732411921024,30,25.31488,91.44913,West Khasi Hills,0.0,,1
340.4560241699219,7.397806644439697,166.8544158935547,0.0051186056807637215,10,25.962808363255157,91.58279829196373,background,,background,0
827.4797973632812,25.43216133117676,182.2031097412109,-0.0055248476564884,10,25.324806,91.942194,East Khasi Hills,0.0,Rainfall,1
3.922109365463257,0.6619653701782227,205.00363159179688,-2.4061646399786696e-05,40,25.020033577696296,91.09300676080781,background,,background,0
1707.841796875,3.6398704051971436,290.4760437011719,0.003794142510741949,10,25.43802397807445,91.61499470194987,background,,background,0
1743.3076171875,26.77142333984375,124.48137664794922,0.002104633487761,30,25.423839,91.862729,East Khasi Hills,0.0,Rainfall,1
465.9021301269531,25.224143981933597,31.56351852416992,0.0036312863230705,10,25.227063,91.691293,East Khasi Hills,0.0,Rainfall,1
754.6765747070312,7.672765254974365,112.10294342041016,0.0097458586096763,10,25.874293,92.018322,Ri-Bhoi,2015.0,Heavy rainfall,1
1058.9732666015625,19.163131713867188,334.94610595703125,-0.0013353587128221,30,25.602683,91.180708,West Khasi Hills,0.0,Rainfall,1
1070.7574462890625,22.566606521606445,126.00260925292967,0.0026650235522538,30,25.27197,91.874872,East Khasi Hills,0.0,Rainfall,1
917.4197387695312,22.077682495117188,323.82281494140625,0.001174530130811,10,25.316589,92.687186,East Jaintia Hills,0.0,Rainfall & anthropogenic,1
23.830772399902344,0.08630238473415375,225.4178009033203,-0.0003342652053106576,80,25.808958286436894,89.75533512352304,background,,background,0
73.74320983886719,0.555253267288208,359.4650573730469,0.0023902368266135454,50,26.13051651901036,91.84226612455514,background,,background,0
513.7011108398438,28.139568328857422,108.2656021118164,-0.001716771861538291,10,25.896138907734468,90.9515432981456,background,,background,0
1189.7989501953125,29.21929168701172,346.0046691894531,0.0024441024288535,10,25.301676,91.923138,East Khasi Hills,0.0,Rainfall,1
1326.3536376953125,20.2785758972168,147.93109130859375,0.0043665855191648,30,25.549333,91.246583,West Khasi Hills,0.0,Rainfall,1
1665.83544921875,23.629030227661133,327.5674133300781,0.0036474680528044,30,25.577212,91.75219,East Khasi Hills,0.0,Rainfall,1
15.5,1.5436631441116333,292.75390625,0.0008346914546564221,30,25.418474540673984,89.73189610445557,background,,background,0
231.9131774902344,29.759611129760746,276.961181640625,-0.0108364038169384,10,25.044417,92.423908,East Jaintia Hills,2016.0,Rainfall,1
68.13375854492188,2.9156334400177,309.8575439453125,-0.0009210857097059488,10,25.942372261566025,90.66506578525261,background,,background,0
1180.9415283203125,22.61186408996582,175.74832153320312,0.0007121717790141,10,25.551667,92.331806,West Jaintia hills,0.0,Slope cutting,1
1307.7784423828125,12.29802131652832,110.9594955444336,0.003257915610447526,30,25.493915123892272,92.22345410184553,background,,background,0
1744.318359375,6.248063564300537,161.06454467773438,0.0034269194584339,40,25.535628,91.679575,West Khasi Hills,2016.0,Rainfall,1
870.8095703125,25.72603416442871,88.2842025756836,0.0014452697942033,10,25.462319,91.096836,West Khasi Hills,0.0,Rainfall,1
400.3366394042969,8.869291305541992,258.50396728515625,0.0023246030323207,10,25.956333,91.85725,Ri-Bhoi,2015.0,Heavy rainfall,1
1201.0025634765625,4.182402610778809,309.4849853515625,0.0068320310674607,30,25.585389,91.1765,West Khasi Hills,0.0,Rainfall,1
1172.78955078125,8.091361999511719,322.1742553710937,-0.0032811679411679,30,25.35093,92.51236,East Jaintia Hills,0.0,Rainfall,1
18.554370880126953,0.9447570443153381,270.8833312988281,0.00026989501202479005,40,25.104068366761055,89.80827591106863,background,,background,0
1285.803466796875,7.371571063995361,47.4216423034668,0.007627137005329132,10,25.431776474958955,92.32948250254995,background,,background,0
80.03215026855469,4.986738204956055,282.3284912109375,-0.005035283975303173,10,25.937484079765277,90.40106974211302,background,,background,0
831.138427734375,12.178733825683594,188.27691650390625,-0.001596018671989441,10,25.680950828413525,92.47923448624472,background,,background,0
1223.822021484375,21.279659271240234,327.4014587402344,0.0028766863979399,30,25.490961,92.070397,West Jaintia Hills,0.0,Rainfall,1
6.370947360992432,0.2866324782371521,16.459121704101562,0.00043640233343467116,40,25.109310356012102,90.83751559993587,background,,background,0
25.773059844970703,0.6535464525222778,38.81208038330078,-0.0003873097593896091,80,25.743617820020752,89.92925970257026,background,,background,0
450.72021484375,16.592510223388672,246.05630493164065,0.003508269554004,30,25.220764,91.187,South West Khasi  Hills,0.0,Rainfall,1
693.54296875,25.89748954772949,64.55845642089844,-0.0052838688716292,10,25.288467,91.224269,West Khasi Hills,0.0,Rainfall,1
801.3463134765625,13.68185043334961,178.42660522460938,0.0007642597192898,10,25.236428,92.096172,West Jaintia Hills,2015.0,Rainfall,1
12.85781478881836,1.9538830518722534,129.7799835205078,-0.0016046533128246665,10,25.051136983327478,91.54042379766332,background,,background,0
488.0750732421875,8.917981147766113,102.64584350585938,0.004019616171717644,30,25.77593959928927,90.91942848723286,background,,background,0
1022.8290405273438,29.40862846374512,350.8060302734375,0.0027055519167333,10,25.688011,91.658069,West Khasi Hills,2016.0,Rainfall,1
199.92092895507807,39.009727478027344,58.78479766845703,0.0044912029989063,10,25.134972,92.380278,East Jaintia Hills,2014.0,Rainfall,1
618.15673828125,9.97439956665039,209.8111572265625,0.0031576564069837,10,25.436306,91.050361,West Khasi Hills,0.0,Rainfall,1
1175.2513427734375,10.890369415283203,250.1449279785156,-0.0033813868649303,10,25.660275,91.144308,West Khasi Hills,0.0,Rainfall,1
703.61572265625,20.959726333618164,134.9667510986328,-0.0004684892483055,10,25.236582,91.688857,East Khasi Hills,0.0,Rainfall,1
1326.76611328125,17.197132110595703,88.25454711914062,0.0017322337953373,50,25.616596,91.876562,East Khasi Hills,2015.0,Rainfall,1
5.387856960296631,0.4287315905094147,81.876708984375,-4.1205083107342944e-05,40,25.09945598962269,90.99787673631072,background,,background,0
1014.4649047851562,7.460089206695557,204.45602416992188,0.0001389187527820468,30,25.285267103675608,92.26519688396151,background,,background,0
1358.4537353515625,31.809947967529297,255.93063354492188,-0.001008671009913,10,25.38707,91.988294,East Khasi Hills,0.0,Rainfall,1
956.5640869140624,33.81193542480469,150.2096405029297,0.0053025856614112,10,25.282943,91.580161,East Khasi Hills,0.0,Rainfall,1
815.92138671875,25.410511016845703,139.54800415039062,0.0020459154620766,10,25.796657,92.143462,Ri-Bhoi,2015.0,Heavy rainfall,1
52.16223907470703,0.07064369320869446,329.30780029296875,0.00012680020881816745,40,26.133371241439153,92.19926760283346,background,,background,0
10.35837173461914,0.5888637900352478,75.75541687011719,-0.00010728820052463561,40,25.163974825464607,91.90015412792073,background,,background,0
41.09890365600586,3.656949758529663,282.1388854980469,0.0008764562662690878,40,26.059464746602096,90.81368764037049,background,,background,0
1360.6302490234375,22.15597343444824,349.3317565917969,0.000953541137278,10,25.544889,91.263722,West Khasi Hills,0.0,Rainfall,1
8.178762435913086,0.17087006568908691,183.3729705810547,0.00021509444923140109,40,25.06411772040638,90.61650246940015,background,,background,0
881.0816650390625,20.28267288208008,211.7722320556641,-0.0005866702413186,10,25.216464,91.735629,East Khasi Hills,0.0,Rainfall,1
1796.941162109375,12.79705810546875,142.20571899414062,-0.0063535133376717,10,25.397722,91.769417,East Khasi Hills,0.0,Rainfall,1
42.33623504638672,0.024616146460175514,170.41323852539062,0.00021592064877040684,40,26.006031131397048,91.15283169271483,background,,background,0
1747.3895263671875,24.60024642944336,248.3406524658203,-0.0014911876060068,30,25.542744,91.662067,East Khasi Hills,2016.0,Rainfall,1
60.181861877441406,15.002979278564451,28.859060287475582,-0.0019215631764382,10,25.156889,92.198194,West Jaintia Hills,0.0,Rainfall,1
63.293312072753906,5.1308369636535645,219.70840454101562,-0.0021020511630922556,10,25.969709597064423,90.80333647052557,background,,background,0
1154.5848388671875,28.744155883789062,353.2094116210937,-0.0037411958910524,10,25.641388,91.854928,East Khasi Hills,0.0,Rainfall,1
158.7769012451172,30.52351951599121,359.2652587890625,0.0057248566299676,10,25.148019,92.178114,West Jaintia Hills,2016.0,Rainfall,1
82.40389251708984,6.500771045684815,266.26788330078125,-0.0026753013953566,50,26.086389,91.879083,Ri-Bhoi,0.0,,1
53.993385314941406,2.369487762451172,21.450319290161133,-0.0009240811341442168,10,26.057541909895516,91.51898537400463,background,,background,0
1448.6607666015625,19.48090171813965,112.8230972290039,-0.0013317721895873547,30,25.43522694093588,91.31811096006169,background,,background,0
612.5703125,19.401273727416992,262.4927673339844,-0.0020388970151543,10,25.197283,92.1991,West Jaintia Hills,2016.0,Rainfall,1
758.3157958984375,1.541359305381775,134.15821838378906,-0.0028209658339619637,10,25.73412400234299,91.87351268361779,background,,background,0
267.0711975097656,9.507926940917969,331.58453369140625,0.003910626284778118,10,25.729786662508783,90.4783731380423,background,,background,0
188.95761108398438,24.104211807250977,204.8781280517578,-0.0014135607052594423,10,25.202489855236784,91.04585261468627,background,,background,0
270.53436279296875,19.025667190551758,266.5859069824219,0.005641495808959007,10,25.86664208059225,91.54553522363241,background,,background,0
322.223876953125,5.344797134399414,270.1435546875,-0.00334812980145216,10,25.489525510225143,90.67544040693075,background,,background,0
951.6707153320312,8.213377952575684,87.08251953125,0.00013146713899914175,10,25.407245329324034,90.65430165344799,background,,background,0
1124.018310546875,21.903270721435547,187.8368377685547,2.9330491088330742e-05,30,25.606969,91.176158,West Khasi Hills,0.0,Rainfall,1
600.9627685546875,38.41211318969727,10.846789360046388,-0.0058807721361517,10,25.222528,91.765256,East Khasi Hills,0.0,Rainfall,1
996.6209716796876,16.923810958862305,302.9898986816406,-0.0055505856871604,10,25.611931,92.452931,West Jaintia hills,0.0,Anthropogenic,1
566.7981567382812,10.837244033813477,185.38877868652344,0.0017320137703791,10,25.61,90.29,West Garo Hills,0.0,Rainfall,1
386.0885925292969,20.37803840637207,315.0001220703125,0.0040970416739583015,10,26.047612550186837,92.09177230572982,background,,background,0
44.84624481201172,0.40199679136276245,140.47105407714844,0.00035535675124265254,60,25.9916369792601,90.94805497151825,background,,background,0
639.1094970703125,1.1771689653396606,230.29525756835938,0.0023830397985875607,10,25.658030048340184,92.67381147318356,background,,background,0
676.6074829101562,16.665424346923828,327.2046203613281,-0.001786056556738913,10,25.911799429846276,92.31403071023253,background,,background,0
871.4777221679688,14.324142456054688,227.8852081298828,0.0026512113399803,10,25.217886,91.73381,East Khasi Hills,0.0,Rainfall,1
210.70118713378906,20.84269905090332,110.16116333007812,0.003106864867731929,10,25.639680554028956,92.77052948562981,background,,background,0
40.30526351928711,0.6023933291435242,262.141845703125,0.0004789590311702341,40,26.046035887101908,91.15913760493045,background,,background,0
442.7142333984375,18.946208953857425,100.79165649414062,-0.0073442761786282,10,25.228344,91.693332,East Khasi Hills,0.0,Rainfall,1
3.0,0.2060898095369339,272.54656982421875,0.0004470336716622114,80,25.034445563852046,91.15473410150001,background,,background,0
1493.2999267578125,20.79265785217285,101.32357025146484,0.00614815345034,30,25.545642,91.325403,West Khasi Hills,0.0,Anthropogenic,1
223.6521759033203,28.2556209564209,100.49331665039062,0.0026844972744584,10,25.083061,92.360322,East Jaintia Hills,2015.0,Rainfall,1
565.2946166992188,21.881805419921875,83.5685043334961,0.0069155702367424,10,25.228272,91.687776,East Khasi Hills,0.0,Rainfall,1
693.1089477539062,7.934940338134766,117.7704849243164,0.0007756093982607,10,25.228755,91.963018,East Khasi Hills,0.0,Rainfall,1
1329.931884765625,20.514484405517575,324.951416015625,9.421305730938911e-05,30,25.550122,91.250286,West Khasi Hills,0.0,Rainfall,1
1267.6689453125,29.019620895385746,97.0100326538086,-0.0088348900899291,10,25.391265,91.884164,East Khasi Hills,0.0,Rainfall,1
71.3343505859375,2.465555429458618,282.0174865722656,-0.0014405627734959126,10,25.395861610890737,90.1508502255681,background,,background,0
488.6306762695313,28.334775924682617,12.495274543762209,-0.0004908471601083,10,25.223708,91.76661,East Khasi Hills,0.0,rainfall,1
457.5758972167969,30.21370887756348,207.88473510742188,-0.0024838168174028,10,25.205465,91.755789,East Khasi Hills,0.0,Rainfall,1
973.5841674804688,38.73868179321289,207.56497192382807,0.0036402393598109,10,25.358972,92.003131,West Jaintia Hills,0.0,Rainfall,1
1218.8856201171875,21.30331802368164,273.6473999023437,-0.0002100048586726,10,25.644833,91.134778,West Khasi Hills,0.0,Rainfall,1
327.5831604003906,17.0714111328125,240.13470458984375,0.0018132934346795082,10,26.000718745814382,92.1237434616985,background,,background,0
266.7698974609375,39.63680648803711,108.48225402832031,-0.0019565073307603598,10,25.361676640548172,90.70856354569652,background,,background,0
2.6893012523651123,0.1571669727563858,206.91622924804688,-4.361996616353281e-05,90,25.02499390242728,91.11078975598465,background,,background,0
601.9503784179688,18.18634796142578,220.9467620849609,0.0030443398281931,10,25.6,90.29,West Garo Hills,0.0,Rainfall,1
82.46050262451172,8.342320442199707,136.8361358642578,0.005989552941173315,10,25.28531107530934,90.08035979888314,background,,background,0
111.5,8.128905296325684,206.90548706054688,0.007815862074494362,60,25.76442483524981,90.19530113341175,background,,background,0
396.8693237304688,23.33080291748047,123.7862319946289,0.0054069235920906,10,25.231383,92.2215,West Jaintia Hills,2016.0,Rainfall,1
473.0924072265625,22.148469924926758,284.70184326171875,-0.0063217682763934135,10,25.43628363351893,90.91449620621705,background,,background,0
1221.956787109375,47.48493576049805,298.7614440917969,-0.0101214367896318,10,25.400194,92.015731,West Jaintia Hills,0.0,Rainfall,1
62.14807891845703,1.7613277435302734,95.8529052734375,0.0008076854282990098,10,26.14914173053627,92.70329771353606,background,,background,0
1053.7740478515625,17.021581649780273,328.31573486328125,-0.0012323936680331,10,25.68625,91.118358,West Khasi Hills,0.0,,1
746.3458862304688,7.9510955810546875,284.1104431152344,-0.0014111031778156757,10,25.72965084740674,90.9771196353166,background,,background,0
163.83865356445312,32.32268524169922,327.56982421875,-0.0014960293192416,10,25.148083,92.180639,West Jaintia Hills,2016.0,Rainfall,1
990.529296875,34.84154510498047,25.008729934692383,0.0023343460634350777,10,25.380092283476408,91.99908705468827,background,,background,0
284.68768310546875,21.968830108642575,19.627464294433597,-0.0038966978900134,10,25.972322,91.561125,Ri-Bhoi,2016.0,Rainfall,1
879.6310424804688,23.170400619506836,272.4051513671875,-0.004873695317655802,10,25.711377585052556,92.1288056403007,background,,background,0
768.014404296875,16.399200439453125,115.8718719482422,-0.0029032244347035,10,25.795444,91.662111,West Khasi Hills,2016.0,Rainfall,1
682.0040283203125,12.14338207244873,43.60218048095703,0.0010129399597644806,10,25.749021711264028,90.97123198815594,background,,background,0
302.6224670410156,12.624401092529297,343.795166015625,0.0015931640518829,10,25.67,90.18,West Garo Hills,0.0,Rainfall,1
1505.5172119140625,29.86960792541504,199.6768493652344,-0.0073546590283513,60,25.360132,91.882043,East Khasi Hills,0.0,Rainfall,1
210.2955780029297,17.527055740356445,66.2102279663086,-0.0068643791601061,10,26.007083,91.909806,Ri-Bhoi,0.0,,1
1301.543212890625,22.539520263671875,331.4873046875,0.002209298312664,50,25.542806,92.096972,East Khasi Hills,0.0,Rainfall,1
234.98875427246094,11.092982292175293,253.3006591796875,-0.0013668802566826344,10,25.202022258050665,90.56591742692622,background,,background,0
828.1271362304688,15.671077728271484,205.03927612304688,0.0016998788341879,30,25.711032,91.891803,East Khasi Hills,0.0,Rainfall,1
55.39271926879883,4.066989421844482,321.2676086425781,-0.0014307249803096056,10,26.042596800247043,91.51707999064567,background,,background,0
1164.9686279296875,10.777177810668944,70.65867614746094,0.0038340836763381,30,25.606189,91.157706,West Khasi Hills,0.0,Rainfall,1
646.2588500976562,21.95439910888672,149.01710510253906,0.0013023060746490955,30,25.848787368666656,91.86203538875021,background,,background,0
1303.89599609375,23.68292236328125,271.67620849609375,0.0014627192867919803,10,25.171319455871977,92.60305115329852,background,,background,0
405.6911926269531,22.769794464111328,346.28875732421875,0.0027496730908751,10,25.40121,90.71722,South Garo hills,0.0,Anthropogenic,1
400.6390686035156,15.040796279907228,11.011598587036133,-0.0027613346464931,10,25.5,90.22,West Garo Hills,2019.0,Rainfall,1
921.987060546875,17.46895408630371,200.81185913085938,-0.006884380709379911,10,25.396354208349187,92.7561062932303,background,,background,0
52.54670715332031,0.6431467533111572,342.2479248046875,0.0006024747854098678,40,26.123270901432377,92.1346252263087,background,,background,0
1134.285400390625,11.865473747253418,25.64903259277344,-0.0046044010668993,30,25.333758,92.589778,East Jaintia Hills,0.0,Rainfall & anthropogenic,1
977.8858642578124,19.98228073120117,50.68165969848633,0.0007681314018554,10,25.496081,91.117675,West Khasi Hills,0.0,Rainfall,1
7.223790168762207,0.406059592962265,2.3476755619049072,0.00012234797759447247,30,25.115168428946422,91.23057288324532,background,,background,0
1150.76318359375,5.811676502227783,205.40850830078125,0.0035805688239634037,40,25.402331854116763,92.43074758656746,background,,background,0
1028.9249267578125,35.4447135925293,144.5724639892578,0.0039084265008568,10,25.315176,91.923021,East Khasi Hills,0.0,Rainfall,1
13.033422470092773,0.05963429808616638,311.76141357421875,4.982928658137098e-05,40,25.012577093946387,90.32613477979524,background,,background,0
465.39178466796875,8.573811531066895,59.31038284301758,-0.002266102470457554,10,25.483391491923662,90.84109909592307,background,,background,0
136.1847686767578,20.264896392822266,288.5287170410156,0.0008237699512392282,10,25.922594845638493,90.41422131010468,background,,background,0
3.0,1.4030948877334595,242.83493041992188,0.0004093955794814974,80,25.018629884755523,91.52045952323549,background,,background,0
298.78973388671875,22.282190322875977,125.73656463623048,0.0053172083571553,10,25.978803,91.860278,Ri-Bhoi,2015.0,Heavy rainfall,1
19.638803482055664,2.3641109466552734,224.02809143066406,-0.0009292703471146524,30,25.166195291572738,91.54381259993797,background,,background,0
83.77098846435547,8.75688362121582,222.2586669921875,-0.0055842734873294,10,25.047194,92.404806,East Jaintia Hills,2016.0,Rainfall,1
272.6278991699219,2.086193323135376,308.60809326171875,0.00012705335393548012,10,25.52479801207844,90.56970908407354,background,,background,0
1091.23583984375,21.92207717895508,311.7172241210937,-0.0003253944159951,10,25.343939,92.5849,East Jaintia Hills,0.0,Rainfall & anthropogenic,1
1003.4378051757812,25.87845993041992,351.635498046875,-0.0093945935368537,10,25.326204,91.932463,East Khasi Hills,0.0,Rainfall,1
442.2692565917969,14.581033706665039,33.08515167236328,-0.009050760418176651,10,25.398715722013595,90.91794416272396,background,,background,0
272.5799865722656,31.093311309814453,163.5731658935547,0.0014064577408134937,10,25.174107107764875,92.41169486082762,background,,background,0
45.43227005004883,0.7157542109489441,320.3807067871094,-0.001331465202383697,10,26.094238908985727,91.09011684563431,background,,background,0
106.56279754638672,17.625349044799805,131.3602294921875,-0.0028913835994899273,10,25.37826893413943,90.00581305060298,background,,background,0
5.222696304321289,0.33252063393592834,232.5826416015625,4.089073991053738e-05,90,25.08669972280283,91.49136943494885,background,,background,0
1467.66064453125,7.269872665405273,245.1523284912109,0.0031229646410793,30,25.44465,91.34622,West Khasi Hills,0.0,,1
41.619625091552734,0.3898329734802246,188.6512451171875,0.0005017539951950312,40,26.051119454114463,91.28086438519738,background,,background,0
41.307456970214844,0.09220989048480988,301.84918212890625,-4.0066424844553694e-05,40,26.035896621488966,90.97331658526967,background,,background,0
