elevation,slope,aspect,curvature,landcover_class,latitude,longitude,district,initiation_year,triggering,label
70.65987396240234,13.24046802520752,71.88980102539062,0.001496069598942995,10,25.23908,90.63944,South Garo hills,0,,1
628.2529296875,13.697164535522461,343.68621826171875,0.0010323612950742245,10,25.39466,90.69083,South Garo hills,0,Anthropogenic,1
366.7585144042969,4.087762832641602,130.64268493652344,-0.002987729385495186,10,25.512611,90.658611,East Garo hills,0,Anthropogenic/a Rainfall,1
353.00897216796875,9.129249572753906,66.06942749023438,-0.004333570599555969,10,25.50781,90.68,East Garo hills,0,Anthropogenic,1
244.27560424804688,0.8965144753456116,262.51953125,0.0006382898427546024,10,25.5014,90.68972,East Garo hills,0,Rainfall,1
682.34765625,19.763484954833984,215.34474182128906,-0.002944334875792265,10,25.56,90.37,West Garo Hills,2019,Rainfall,1
759.6993408203125,18.080867767333984,170.11834716796875,-0.014568015933036804,10,25.56,90.34,West Garo Hills,0,Rainfall,1
743.4088134765625,2.6496574878692627,137.1605224609375,0.001130197779275477,10,25.55,90.33,West Garo Hills,2019,Rainfall,1
266.5835266113281,16.002254486083984,242.90322875976562,-0.004191399551928043,10,25.51,90.21,West Garo Hills,2019,Rainfall,1
321.8392028808594,13.365655899047852,161.21035766601562,-0.0005205244524404407,50,25.51028,90.21678, West Garo Hills,0,,1
204.35336303710938,5.891050338745117,359.60699462890625,0.005006030201911926,10,25.5,90.21,West Garo Hills,0,Rainfall,1
400.6390686035156,15.040796279907227,11.011598587036133,-0.0027613346464931965,10,25.5,90.22,West Garo Hills,2019,Rainfall,1
400.6390686035156,15.040796279907227,11.011598587036133,-0.0027613346464931965,10,25.5,90.22,West Garo Hills,0,Rainfall,1
400.6390686035156,15.040796279907227,11.011598587036133,-0.0027613346464931965,10,25.5,90.22,West Garo Hills,2019,Rainfall,1
41.29448699951172,6.68940544128418,15.141792297363281,0.004161315970122814,40,25.25419,90.21486, West Garo Hills,0,,1
64.22357177734375,5.62056303024292,163.557861328125,0.0021832233760505915,10,25.53,89.98,West Garo Hills,2019,Rainfall,1
64.22357177734375,5.62056303024292,163.557861328125,0.0021832233760505915,10,25.53,89.98,West Garo Hills,2019,Rainfall,1
40.752593994140625,10.787123680114746,271.3457336425781,0.00033872545463964343,10,25.57,89.98,West Garo Hills,0,Rainfall,1
38.74216079711914,8.324657440185547,280.10943603515625,-0.0008912240155041218,10,25.58,89.99,West Garo Hills,0,Rainfall,1
75.44096374511719,6.703003406524658,61.07371139526367,-0.0014581645373255014,10,25.6,90.03,West Garo Hills,2019,Rainfall,1
302.6224670410156,12.624401092529297,343.795166015625,0.0015931640518829226,10,25.67,90.18,West Garo Hills,0,Rainfall,1
601.9503784179688,18.18634796142578,220.94676208496094,0.0030443398281931877,10,25.6,90.29,West Garo Hills,0,Rainfall,1
566.7981567382812,10.837244033813477,185.38877868652344,0.001732013770379126,10,25.61,90.29,West Garo Hills,0,Rainfall,1
566.7981567382812,10.837244033813477,185.38877868652344,0.001732013770379126,10,25.61,90.29,West Garo Hills,2019,Rainfall,1
566.7981567382812,10.837244033813477,185.38877868652344,0.001732013770379126,10,25.61,90.29,West Garo Hills,2019,Rainfall,1
566.7981567382812,10.837244033813477,185.38877868652344,0.001732013770379126,10,25.61,90.29,West Garo Hills,0,Rainfall,1
691.63427734375,10.870635032653809,352.19097900390625,0.004305620677769184,10,25.61,90.3,West Garo Hills,0,Rainfall,1
676.9484252929688,9.134825706481934,326.61376953125,-0.0008756415918469429,10,25.61,90.31,West Garo Hills,0,Rainfall,1
673.3734130859375,2.760753631591797,282.1333923339844,0.006246850360184908,10,25.62,90.33,West Garo Hills,0,Rainfall,1
640.94482421875,5.9552178382873535,272.35760498046875,0.006838043220341206,30,25.63,90.33,West Garo Hills,0,Anthropogenic,1
640.94482421875,5.9552178382873535,272.35760498046875,0.006838043220341206,30,25.63,90.33,West Garo Hills,0,Anthropogenic,1
503.784423828125,5.540007591247559,116.21418762207031,0.0026673823595046997,10,25.65,90.38,West Garo Hills,0,Rainfall,1
503.784423828125,5.540007591247559,116.21418762207031,0.0026673823595046997,10,25.65,90.38,West Garo Hills,0,Rainfall,1
503.784423828125,5.540007591247559,116.21418762207031,0.0026673823595046997,10,25.65,90.38,West Garo Hills,2019,Rainfall,1
202.2793426513672,9.330829620361328,338.8109436035156,-0.004161337856203318,10,25.79,90.44,West Garo Hills,2019,Rainfall,1
82.40389251708984,6.5007710456848145,266.26788330078125,-0.002675301395356655,50,26.086389,91.879083,Ri-Bhoi,0,,1
225.25033569335938,18.279054641723633,281.2760925292969,-0.005745996721088886,10,26.075944,91.820806,Ri-Bhoi,0,,1
97.8165512084961,11.689658164978027,152.61016845703125,0.007311919238418341,10,26.022094,91.832906,Ri-Bhoi,0,,1
341.80548095703125,28.985824584960938,308.9930725097656,-0.004123576916754246,10,26.01061,91.86886,Ri-Bhoi,0,,1
182.3314666748047,7.251070022583008,101.42485809326172,-0.005583977326750755,10,26.02547,91.87158,Ri-Bhoi,0,,1
155.9130401611328,14.529767036437988,174.195556640625,-0.001328436890617013,10,26.02897,91.87197,Ri-Bhoi,0,,1
114.05350494384766,15.149109840393066,83.67069244384766,-0.003350541228428483,10,26.033583,91.867083,Ri-Bhoi,0,,1
88.06273651123047,24.113080978393555,351.2027893066406,-0.003950173035264015,10,26.027583,91.886556,Ri-Bhoi,0,,1
82.47457885742188,26.183984756469727,59.656219482421875,0.005013270769268274,10,26.027028,91.88175,Ri-Bhoi,0,,1
210.2955780029297,17.527055740356445,66.2102279663086,-0.006864379160106182,10,26.007083,91.909806,Ri-Bhoi,0,,1
236.36268615722656,21.0208683013916,331.80072021484375,0.00010573166218819097,10,26.032028,91.989528,Ri-Bhoi,0,,1
597.0316772460938,28.32585334777832,173.40155029296875,0.004433748312294483,30,25.970062,92.054889,Ri-Bhoi,2015,Heavy rainfall,1
603.7285766601562,27.99785041809082,169.7742919921875,6.05718232691288e-05,30,25.970032,92.056762,Ri-Bhoi,2015,Heavy rainfall,1
397.02447509765625,12.768940925598145,163.2456817626953,0.008266154676675797,10,25.982436,92.057405,Ri-Bhoi,2015,Heavy rainfall,1
754.6765747070312,7.672765254974365,112.10294342041016,0.009745858609676361,10,25.874293,92.018322,Ri-Bhoi,2015,Heavy rainfall,1
669.8466796875,19.856800079345703,111.22709655761719,-0.0018924736650660634,10,25.86575,92.153286,Ri-Bhoi,2015,Heavy rainfall,1
815.92138671875,25.410511016845703,139.54800415039062,0.002045915462076664,10,25.796657,92.143462,Ri-Bhoi,2015,Heavy rainfall,1
863.31689453125,14.425196647644043,176.65576171875,0.0029056346975266933,10,25.747333,92.117333,East Khasi Hills,0,Rainfall,1
893.4898681640625,21.96099281311035,176.37786865234375,-0.002242234768345952,30,25.746722,92.111139,East Khasi Hills,0,Rainfall,1
885.6311645507812,21.460182189941406,146.14805603027344,0.0034072590060532093,10,25.747597,92.114167,East Khasi Hills,0,Rainfall,1
909.6915283203125,20.211652755737305,197.89279174804688,0.0021679135970771313,10,25.746806,92.107806,East Khasi Hills,0,Rainfall,1
826.531982421875,8.337115287780762,111.83489227294922,0.004345303401350975,10,25.704083,92.118833,East Khasi Hills,0,Rainfall,1
830.84814453125,14.190625190734863,189.3343505859375,0.0016279692063108087,10,25.676,92.157917,East Khasi Hills,0,Rainfall,1
817.330810546875,6.45164155960083,238.63534545898438,-0.003933621570467949,10,25.674,92.157667,East Khasi Hills,0,Rainfall,1
831.2764892578125,3.057565927505493,327.3381042480469,0.004410216584801674,40,25.696556,92.109694,East Khasi Hills,0,Rainfall,1
954.060546875,13.345208168029785,13.81125545501709,-0.006528986617922783,30,25.653181,92.041194,East Khasi Hills,0,Rainfall,1
863.3340454101562,20.0450496673584,88.91615295410156,-0.00399331608787179,10,25.64575,92.071167,East Khasi Hills,0,Rainfall,1
918.593994140625,19.911632537841797,120.76205444335938,0.004171549342572689,10,25.776087,92.03754,Ri-Bhoi,2015,Heavy rainfall,1
961.2612915039062,25.431608200073242,140.47023010253906,-0.001480906386859715,30,25.75634,92.017832,Ri-Bhoi,2014,Heavy rainfall,1
1024.4630126953125,26.618667602539062,327.9287414550781,-0.002725887345150113,10,25.668469,91.975083,East Khasi Hills,0,Rainfall,1
1326.5792236328125,26.934900283813477,35.04766082763672,-0.005527513101696968,10,25.637189,91.93345,East Khasi Hills,0,Rainfall,1
1293.8150634765625,29.74325942993164,332.69818115234375,-0.0004592682234942913,10,25.637779,91.932565,East Khasi Hills,0,Rainfall,1
1295.5067138671875,33.10560989379883,328.6784362792969,0.0032237295527011156,10,25.637365,91.932235,East Khasi Hills,0,Rainfall,1
1051.4853515625,22.305423736572266,53.838077545166016,0.006683256011456251,30,25.64366,91.899342,East Khasi Hills,0,Rainfall,1
1082.5496826171875,24.554370880126953,162.3839569091797,-0.002212837804108858,30,25.649222,91.899,East Khasi Hills,0,Rainfall,1
998.0291137695312,29.291379928588867,69.6248779296875,-0.004056406673043966,10,25.654639,91.898222,East Khasi Hills,0,Rainfall,1
951.9821166992188,12.867422103881836,300.1523132324219,0.00042095876415260136,10,25.656408,91.900528,East Khasi Hills,0,Rainfall,1
947.9736328125,15.573062896728516,149.59661865234375,-0.0052785733714699745,30,25.663444,91.915944,Ri-Bhoi,2017,,1
864.0831298828125,23.224292755126953,53.3301887512207,0.005637667141854763,30,25.695552,91.903777,East Khasi Hills,0,Rainfall,1
1179.9967041015625,29.538585662841797,331.68426513671875,0.00229026866145432,10,25.641194,91.890667,East Khasi Hills,0,Rainfall,1
1173.276123046875,20.777820587158203,132.27073669433594,-0.0124965850263834,10,25.643591,91.890859,East Khasi Hills,0,Rainfall,1
1141.426025390625,21.626686096191406,243.79037475585938,0.00540800578892231,10,25.630652,91.87886,East Khasi Hills,0,Rainfall,1
1168.7298583984375,28.955673217773438,297.0522155761719,-0.0005442762630991638,10,25.627946,91.876487,East Khasi Hills,0,Rainfall,1
1256.109130859375,13.46852970123291,103.22795867919922,-0.0016638969536870718,10,25.626417,91.887028,East Khasi Hills,0,,1
1224.1881103515625,17.200695037841797,107.316162109375,0.0018346046563237906,10,25.633896,91.891833,East Khasi Hills,2015,Rainfall,1
1326.76611328125,17.197132110595703,88.25454711914062,0.001732233795337379,50,25.616596,91.876562,East Khasi Hills,2015,Rainfall,1
1221.6097412109375,25.73365592956543,286.3556823730469,0.0032077389769256115,10,25.619861,91.875111,East Khasi Hills,0,Rainfall,1
1292.2646484375,23.5820255279541,327.7974853515625,-0.007567367050796747,10,25.614537,91.87005,East Khasi Hills,0,Rainfall,1
1292.350341796875,20.653703689575195,321.08929443359375,-0.006313118617981672,10,25.614112,91.869632,East Khasi Hills,0,Rainfall,1
1285.4835205078125,28.246074676513672,341.757080078125,-0.004840690642595291,10,25.613917,91.868639,East Khasi Hills,0,Rainfall,1
1279.6907958984375,27.631071090698242,345.6622619628906,-0.005531410686671734,10,25.614664,91.870266,East Khasi Hills,0,Rainfall,1
1279.670654296875,28.429088592529297,348.43817138671875,-0.004113228525966406,10,25.614657,91.870692,East Khasi Hills,0,Rainfall,1
1291.3907470703125,29.14927864074707,342.72332763671875,-0.004972206428647041,10,25.614807,91.871158,East Khasi Hills,0,Rainfall,1
1273.2811279296875,30.92462158203125,343.9500427246094,0.003449541050940752,10,25.614912,91.871711,East Khasi Hills,0,Rainfall,1
1255.9571533203125,29.327430725097656,277.26348876953125,0.0005959534901194274,10,25.617787,91.872745,East Khasi Hills,0,Rainfall,1
1280.983154296875,27.710546493530273,321.9873962402344,0.00909885112196207,10,25.615134,91.872232,East Khasi Hills,0,Rainfall,1
1310.5391845703125,17.892179489135742,321.4708251953125,0.007437824737280607,10,25.613583,91.871778,East Khasi Hills,0,Rainfall,1
1330.8753662109375,21.222517013549805,308.9306640625,-0.002255259780213237,10,25.612528,91.870861,East Khasi Hills,0,Rainfall,1
1294.21630859375,15.472225189208984,203.75405883789062,0.0015060920268297195,40,25.599762,91.860814,East Khasi Hills,0,Rainfall,1
1287.56640625,26.14337921142578,174.4656982421875,0.000902839470654726,30,25.599815,91.860028,East Khasi Hills,0,Rainfall,1
1278.339111328125,21.193296432495117,179.5330352783203,-0.008183603174984455,30,25.599096,91.859289,East Khasi Hills,0,Rainfall,1
1241.5550537109375,31.078670501708984,345.54132080078125,0.00835146103054285,10,25.60339,91.856222,East Khasi Hills,0,Rainfall,1
1184.8741455078125,28.8625545501709,348.984619140625,0.004168019164353609,10,25.606193,91.856276,East Khasi Hills,0,Rainfall,1
1154.5848388671875,28.744155883789062,353.20941162109375,-0.0037411958910524845,10,25.641388,91.854928,East Khasi Hills,0,Rainfall,1
1103.544189453125,23.084774017333984,16.673311233520508,0.0001869200641522184,10,25.64213,91.851852,East Khasi Hills,0,Rainfall,1
1105.0888671875,26.552845001220703,3.9812734127044678,0.00139658956322819,10,25.642198,91.851055,East Khasi Hills,0,Rainfall,1
1202.881591796875,31.811214447021484,339.5679931640625,-0.001853744499385357,30,25.640264,91.848588,East Khasi Hills,0,Rainfall,1
1271.7965087890625,24.52716636657715,338.39141845703125,-0.004121811129152775,10,25.637026,91.844464,East Khasi Hills,2015,Rainfall,1
1247.39306640625,26.350078582763672,346.14691162109375,0.002935914322733879,10,25.637274,91.844234,East Khasi Hills,0,Rainfall,1
1259.2100830078125,22.1357479095459,352.0992126464844,-0.0011865105479955673,30,25.636913,91.843235,East Khasi Hills,0,Rainfall,1
1427.513916015625,19.770727157592773,137.4626007080078,0.000278318184427917,30,25.626794,91.829725,East Khasi Hills,0,Rainfall,1
879.4617309570312,17.631317138671875,231.6558380126953,0.002783498726785183,30,25.708426,91.896406,East Khasi Hills,0,Rainfall,1
828.1271362304688,15.671077728271484,205.03927612304688,0.0016998788341879845,30,25.711032,91.891803,East Khasi Hills,0,Rainfall,1
748.0713500976562,8.318252563476562,124.43428039550781,-0.0005059525137767196,10,25.760611,91.88225,Ri-Bhoi,2015,Heavy rainfall,1
769.2947998046875,9.438318252563477,335.05255126953125,-0.004234045743942261,10,25.759278,91.882861,Ri-Bhoi,2015,Heavy rainfall,1
731.0756225585938,10.539203643798828,257.13421630859375,-0.0027286563999950886,10,25.787,91.876583,Ri-Bhoi,2015,Heavy rainfall,1
543.9428100585938,17.76513671875,123.51587677001953,0.003040861804038286,10,25.865894,91.880278,Ri-Bhoi,2015,Heavy rainfall,1
590.7191162109375,4.307868480682373,235.52847290039062,0.002091059461236,10,25.853111,91.881583,Ri-Bhoi,2015,Heavy rainfall,1
597.04345703125,10.629328727722168,271.2140197753906,-0.0016442065825685859,10,25.852222,91.881361,Ri-Bhoi,2015,Heavy rainfall,1
539.598876953125,17.91133689880371,336.3670349121094,0.0029029916040599346,10,25.951106,91.968889,Ri-Bhoi,2015,Heavy rainfall,1
309.7765197753906,19.860576629638672,312.95159912109375,0.001753402641043067,10,25.997033,91.86235,Ri-Bhoi,2015,Heavy rainfall,1
298.79241943359375,19.5025634765625,218.3994140625,2.8447946533560753e-05,10,25.998847,91.863883,Ri-Bhoi,2015,Heavy rainfall,1
403.4481506347656,9.304689407348633,309.92327880859375,-0.002003875095397234,10,26.00294,91.86692,Ri-Bhoi,0,,1
338.6139831542969,15.64477252960205,128.467041015625,-0.0015960799064487219,10,25.97256,91.86242,Ri-Bhoi,0,,1
297.7703552246094,19.35671615600586,127.68136596679688,0.005110209807753563,10,25.979244,91.860578,Ri-Bhoi,2012,Heavy rainfall,1
298.78973388671875,22.282190322875977,125.73656463623047,0.005317208357155323,10,25.978803,91.860278,Ri-Bhoi,2015,Heavy rainfall,1
341.06951904296875,30.859878540039062,89.01174926757812,-0.0076367598958313465,10,25.972964,91.858336,Ri-Bhoi,2012,Heavy rainfall,1
329.13165283203125,13.61084270477295,34.88936996459961,0.005720599554479122,10,25.95847,91.85406,Ri-Bhoi,0,,1
349.1405334472656,26.029342651367188,328.7524719238281,0.007220603059977293,10,25.958886,91.851242,Ri-Bhoi,2015,Heavy rainfall,1
398.0147399902344,22.99945640563965,324.197509765625,-0.0006633162265643477,10,25.956781,91.852883,Ri-Bhoi,2015,Heavy rainfall,1
400.3366394042969,8.869291305541992,258.50396728515625,0.002324603032320738,10,25.956333,91.85725,Ri-Bhoi,2015,Heavy rainfall,1
305.8577575683594,21.421947479248047,325.7652893066406,0.002692097332328558,10,25.96,91.857,Ri-Bhoi,2015,Heavy rainfall,1
560.1215209960938,14.161623001098633,38.8421516418457,0.001846940373070538,10,25.937,91.87553,Ri-Bhoi,0,,1
590.7936401367188,15.596442222595215,224.03778076171875,-0.0033149602822959423,10,25.927972,91.877194,Ri-Bhoi,2015,Heavy rainfall,1
590.7936401367188,15.596442222595215,224.03778076171875,-0.0033149602822959423,10,25.92792,91.87717,Ri-Bhoi,0,,1
418.6340637207031,16.393754959106445,197.46548461914062,-0.00227903900668025,10,25.954889,91.858667,Ri-Bhoi,2016,Heavy rainfall,1
275.98358154296875,23.601835250854492,292.3914794921875,0.004032659810036421,10,25.935708,91.714556,Ri-Bhoi,2016,Rainfall,1
293.1872253417969,22.753265380859375,275.9820861816406,-0.0003485358611214906,10,25.934889,91.714389,Ri-Bhoi,2016,Rainfall,1
314.2362976074219,14.608906745910645,242.61123657226562,-0.0018334967317059636,10,25.940978,91.724644,Ri-Bhoi,2016,Rainfall,1
1395.5848388671875,9.660223007202148,6.103496074676514,-0.0026413903106004,10,25.660333,91.635083,West Khasi Hills,2016,Rainfall,1
1381.906982421875,10.176188468933105,31.713815689086914,-0.0013128217542544007,30,25.660539,91.635431,West Khasi Hills,2016,Rainfall,1
1127.67626953125,28.522756576538086,67.30442810058594,0.004874862264841795,10,25.687431,91.648322,West Khasi Hills,2016,Rainfall,1
1120.5916748046875,24.793107986450195,33.030662536621094,0.012442518025636673,10,25.687056,91.6485,West Khasi Hills,2016,Rainfall,1
1096.2694091796875,16.992704391479492,317.0937194824219,0.01125405728816986,10,25.687083,91.650858,West Khasi Hills,2016,Rainfall,1
1040.1409912109375,18.04319190979004,343.7548828125,0.006579993758350611,10,25.687442,91.656183,West Khasi Hills,2016,Rainfall,1
1067.06201171875,28.299415588378906,37.69902420043945,0.0028857786674052477,10,25.687314,91.655378,West Khasi Hills,2016,Rainfall,1
1022.8290405273438,29.408628463745117,350.8060302734375,0.002705551916733384,10,25.688011,91.658069,West Khasi Hills,2016,Rainfall,1
1166.3267822265625,21.512622833251953,97.93415069580078,0.006844832096248865,30,25.692947,91.648044,West Khasi Hills,2016,Rainfall,1
1180.2939453125,28.64131736755371,92.9777603149414,0.0008928286843001842,30,25.692933,91.647703,West Khasi Hills,2016,Rainfall,1
1262.19384765625,38.967803955078125,94.11164093017578,0.0004048921400681138,10,25.691453,91.645731,West Khasi Hills,2016,Rainfall,1
1130.5693359375,30.603788375854492,68.4565658569336,0.0024411629419773817,10,25.687856,91.647944,West Khasi Hills,2016,Rainfall,1
1223.647216796875,27.194250106811523,133.28909301757812,0.0033351778984069824,10,25.696489,91.644528,West Khasi Hills,2016,Rainfall,1
1244.6090087890625,31.789962768554688,25.90873908996582,-0.006505358964204788,10,25.700053,91.644486,West Khasi Hills,2016,Rainfall,1
1250.363525390625,23.61357307434082,298.8682861328125,-0.0011034419294446707,10,25.6999,91.642192,West Khasi Hills,2016,Rainfall,1
768.014404296875,16.399200439453125,115.87187194824219,-0.0029032244347035885,10,25.795444,91.662111,West Khasi Hills,2016,Rainfall,1
849.0921020507812,14.72111988067627,236.64654541015625,-0.010290129110217094,10,25.763347,91.657153,West Khasi Hills,2016,Rainfall,1
1272.4249267578125,12.795495986938477,141.92098999023438,0.0035129967145621777,30,25.667744,91.597819,West Khasi Hills,0,Rainfall,1
1505.7833251953125,17.79316520690918,267.1286315917969,-0.0049097370356321335,30,25.619625,91.616567,West Khasi Hills,2016,Rainfall,1
1498.8768310546875,18.81292152404785,315.5303955078125,-0.0018628190737217665,10,25.620361,91.617083,West Khasi Hills,2016,Rainfall,1
359.2439270019531,19.074974060058594,29.161354064941406,-0.0007078583585098386,10,25.84,91.47,Ri Bhoi,0,Rainfall,1
414.0065612792969,26.473722457885742,35.07886505126953,-0.006602725479751825,10,25.895583,91.599333,Ri-Bhoi,2016,Rainfall,1
170.54794311523438,26.916584014892578,269.47613525390625,0.007538356352597475,10,25.9545,91.546622,Ri-Bhoi,2016,Rainfall,1
215.27171325683594,28.061288833618164,180.18992614746094,0.0043539805337786674,10,25.945619,91.548883,Ri-Bhoi,2016,Rainfall,1
390.7635803222656,25.428903579711914,216.18655395507812,-0.006511411629617214,10,25.945225,91.560703,Ri-Bhoi,2016,Rainfall,1
445.4136962890625,19.56809425354004,314.9111022949219,0.0013227545423433185,10,25.940439,91.563069,Ri-Bhoi,2016,Rainfall,1
475.56756591796875,35.3563346862793,255.1002197265625,-0.0017330620903521776,10,25.936583,91.563917,Ri-Bhoi,2016,Rainfall,1
472.07122802734375,25.638975143432617,169.8651885986328,-0.0021601722110062838,10,25.935833,91.56525,Ri-Bhoi,2016,Rainfall,1
472.03521728515625,25.190553665161133,179.40513610839844,-0.001454923301935196,30,25.935908,91.564903,Ri-Bhoi,2016,Rainfall,1
506.1717834472656,26.565473556518555,262.19720458984375,-0.0042993659153580666,30,25.930386,91.571822,Ri-Bhoi,2016,Rainfall,1
423.3148193359375,17.734140396118164,25.53987693786621,-0.004166599828749895,10,25.913997,91.578903,Ri-Bhoi,2016,Rainfall,1
464.3343505859375,15.77408218383789,175.4361572265625,0.0024031067732721567,10,25.9235,91.574222,Ri-Bhoi,2016,Rainfall,1
369.51959228515625,7.810173988342285,151.75436401367188,-0.005607277154922485,10,25.994619,91.577214,Ri-Bhoi,2016,Rainfall,1
386.16766357421875,23.655269622802734,265.9773254394531,-0.003818090073764324,10,25.978481,91.569575,Ri-Bhoi,2016,Rainfall,1
274.9525451660156,30.113109588623047,355.625244140625,0.0035181832499802113,10,25.971897,91.562372,Ri-Bhoi,2016,Rainfall,1
284.68768310546875,21.968830108642578,19.627464294433594,-0.0038966978900134563,10,25.972322,91.561125,Ri-Bhoi,2016,Rainfall,1
273.7158203125,22.469738006591797,14.015525817871094,-0.004400230012834072,10,25.972469,91.560822,Ri-Bhoi,2016,Rainfall,1
79.99092102050781,20.721216201782227,302.31451416015625,0.003249518107622862,60,26.011861,91.569611,Ri-Bhoi,0,,1
105.14381408691406,24.029294967651367,342.0561828613281,0.003775771940127015,10,26.08125,91.798278,Ri-Bhoi,0,,1
79.7969970703125,18.31983757019043,150.3034210205078,0.0035693140234798193,10,26.086975,91.7831,Ri-Bhoi,0,,1
108.44185638427734,4.946606636047363,109.45116424560547,0.0022854693233966827,10,25.83,91.05,West Khasi Hills,2019,Rainfall,1
108.44185638427734,4.946606636047363,109.45116424560547,0.0022854693233966827,10,25.83,91.05,West Khasi Hills,0,Rainfall,1
433.2152099609375,16.393142700195312,102.7905044555664,0.004041999112814665,30,25.81,91.02,West Khasi Hills,0,Rainfall,1
367.35614013671875,15.962605476379395,280.1456298828125,0.005063290242105722,10,25.716594,90.822539,East Garo hills,0,Rainfall,1
434.4111633300781,17.14749526977539,307.2845458984375,0.010008301585912704,10,25.635556,90.807778,East Garo hills,0,Rainfall,1
434.0950012207031,4.934182643890381,244.50390625,0.006024598143994808,10,25.625142,90.791675,West Khasi Hills,0,Rainfall,1
537.2892456054688,13.790834426879883,308.4915466308594,0.0017595229437574744,10,25.8,91.01,West Khasi Hills,0,Rainfall,1
567.212646484375,13.777159690856934,299.4463195800781,0.0014445381239056587,10,25.79,91.02,West Khasi Hills,0,Rainfall,1
918.4717407226562,15.528468132019043,242.12252807617188,0.0006507309735752642,30,25.693222,91.0555,West Khasi Hills,0,Rainfall,1
923.8782348632812,10.865166664123535,82.79891204833984,-0.005469938274472952,30,25.691444,91.057,West Khasi Hills,0,Rainfall,1
914.9439697265625,14.006681442260742,149.13706970214844,-0.0006423655431717634,10,25.690833,91.056556,West Khasi Hills,0,Rainfall,1
900.1533813476562,8.494902610778809,213.03530883789062,-0.0003496859862934798,30,25.6985,91.056611,West Khasi Hills,0,Rainfall,1
876.2713623046875,22.81083869934082,293.82171630859375,-4.445387457963079e-05,10,25.699306,91.055556,West Khasi Hills,0,Rainfall,1
852.1597900390625,13.687079429626465,278.4809875488281,0.004354333970695734,10,25.698667,91.054778,West Khasi Hills,0,Rainfall,1
974.6058959960938,17.274608612060547,302.1354064941406,0.001266905339434743,50,25.667597,91.063169,West Khasi Hills,0,Rainfall,1
952.8375244140625,11.867270469665527,330.8861389160156,0.002165962941944599,30,25.671583,91.040889,West Khasi Hills,0,Rainfall,1
929.4450073242188,13.241047859191895,244.65170288085938,0.0013694152003154159,10,25.611361,91.022019,West Khasi Hills,0,Rainfall,1
937.6719360351562,23.870210647583008,319.4163818359375,-0.003163456916809082,50,25.629003,91.037664,West Khasi Hills,0,Rainfall,1
926.1005859375,22.399887084960938,294.4902648925781,0.002394450595602393,10,25.628361,91.037139,West Khasi Hills,0,Rainfall,1
919.1862182617188,10.896655082702637,130.6855010986328,0.002544971415773034,30,25.639417,91.044806,West Khasi Hills,0,Rainfall,1
959.703857421875,16.971546173095703,337.1972351074219,0.0009160563349723816,10,25.647514,91.055144,West Khasi Hills,0,Rainfall,1
991.4400024414062,27.5146541595459,6.994480133056641,0.004844204522669315,10,25.667472,91.066778,West Khasi Hills,0,Rainfall,1
958.2737426757812,15.299257278442383,53.39638900756836,0.002529760356992483,10,25.672167,91.066028,West Khasi Hills,0,Rainfall,1
987.0939331054688,12.81811809539795,57.3065185546875,-0.006532561033964157,30,25.672917,91.06475,West Khasi Hills,0,Rainfall,1
984.5265502929688,10.030108451843262,306.02911376953125,0.0009378585964441299,30,25.678306,91.07975,West Khasi Hills,0,Rainfall,1
1007.6229248046875,16.95109748840332,331.0947570800781,0.00883391872048378,10,25.66975,91.100222,West Khasi Hills,0,Rainfall,1
1017.1668701171875,18.438066482543945,357.64459228515625,-3.624008968472481e-05,10,25.669678,91.102908,West Khasi Hills,0,Rainfall,1
985.3563842773438,18.47953224182129,330.8593444824219,-0.0013250989140942693,10,25.671944,91.096139,West Khasi Hills,0,Rainfall,1
984.0543823242188,19.980497360229492,294.9842224121094,-0.0013700220733880997,10,25.6715,91.095233,West Khasi Hills,0,Rainfall,1
982.3457641601562,29.48974609375,282.968017578125,0.006259659305214882,10,25.670639,91.09525,West Khasi Hills,0,Rainfall,1
973.4483642578125,30.16522789001465,299.8225402832031,0.005792418494820595,10,25.670083,91.094806,West Khasi Hills,0,Rainfall,1
944.8275146484375,19.851985931396484,296.50531005859375,0.004626863170415163,30,25.667417,91.092333,West Khasi Hills,0,Rainfall,1
958.299072265625,22.244131088256836,308.2557373046875,0.0005371409934014082,10,25.667072,91.091972,West Khasi Hills,0,Rainfall,1
928.27880859375,18.94732666015625,288.83868408203125,0.0041213929653167725,10,25.666028,91.091167,West Khasi Hills,0,Rainfall,1
900.469482421875,23.953428268432617,300.1434326171875,0.0030710978899151087,50,25.664111,91.089556,West Khasi Hills,0,Rainfall,1
923.5425415039062,18.2180118560791,268.99420166015625,-0.00020383915398269892,30,25.6655,91.090556,West Khasi Hills,0,Rainfall,1
1036.8148193359375,14.229548454284668,215.76376342773438,0.004237405955791473,30,25.66675,91.121472,West Khasi Hills,0,Rainfall,1
1016.879150390625,17.765897750854492,238.92105102539062,0.0058391038328409195,10,25.668317,91.114858,West Khasi Hills,0,Rainfall,1
1053.7740478515625,17.021581649780273,328.31573486328125,-0.0012323936680331826,10,25.68625,91.118358,West Khasi Hills,0,,1
1082.292724609375,17.100566864013672,291.2537841796875,0.0013395302230492234,10,25.69483,91.11836,West Khasi Hills,0,,1
1118.9765625,26.7568416595459,302.79571533203125,-0.0025541374925523996,10,25.663303,91.1347,West Khasi Hills,0,Rainfall,1
1157.5308837890625,7.472687721252441,253.15420532226562,0.0012691825395449996,10,25.660825,91.143689,West Khasi Hills,0,Rainfall,1
1175.2513427734375,10.890369415283203,250.14492797851562,-0.0033813868649303913,10,25.660275,91.144308,West Khasi Hills,0,Rainfall,1
1159.4495849609375,10.442239761352539,202.39669799804688,0.0015033563831821084,30,25.657083,91.147397,West Khasi Hills,0,Rainfall,1
1156.8192138671875,3.4215893745422363,168.8777313232422,0.003167418297380209,30,25.649856,91.154383,West Khasi Hills,0,Rainfall,1
1218.8856201171875,21.30331802368164,273.64739990234375,-0.00021000485867261887,10,25.644833,91.134778,West Khasi Hills,0,Rainfall,1
1164.9686279296875,10.777177810668945,70.65867614746094,0.003834083676338196,30,25.606189,91.157706,West Khasi Hills,0,Rainfall,1
1178.0595703125,16.877077102661133,226.11602783203125,0.0023663213942199945,30,25.607458,91.157039,West Khasi Hills,0,Rainfall,1
1090.369384765625,12.479286193847656,318.5828857421875,0.0019699500408023596,10,25.599817,91.176394,West Khasi Hills,0,Rainfall,1
1095.5657958984375,13.271724700927734,317.6283874511719,0.00045408488949760795,30,25.598908,91.175628,West Khasi Hills,0,Rainfall,1
1138.107177734375,17.898479461669922,352.83111572265625,-0.0061300378292799,30,25.599575,91.1782,West Khasi Hills,0,Rainfall,1
1076.480712890625,19.5266056060791,341.8714294433594,-0.001286767772398889,30,25.600736,91.177453,West Khasi Hills,0,Rainfall,1
1140.09375,29.104137420654297,198.21873474121094,0.0011389218270778656,10,25.607567,91.174906,West Khasi Hills,0,Rainfall,1
1124.018310546875,21.903270721435547,187.8368377685547,2.9330491088330746e-05,30,25.606969,91.176158,West Khasi Hills,0,Rainfall,1
1155.77978515625,14.543730735778809,255.96551513671875,-0.0002984899911098182,30,25.612794,91.173697,West Khasi Hills,0,Rainfall,1
1228.1248779296875,13.188904762268066,184.3843536376953,0.008255675435066223,30,25.624778,91.16775,West Khasi Hills,0,Rainfall,1
1250.52880859375,22.207324981689453,260.49981689453125,0.0009841567371040583,30,25.626767,91.165211,West Khasi Hills,0,Rainfall,1
1253.871337890625,23.224573135375977,246.75572204589844,0.0013998202048242092,30,25.628758,91.164169,West Khasi Hills,0,Rainfall,1
1241.0220947265625,19.869115829467773,247.41055297851562,-0.0011158280540257692,10,25.629683,91.163172,West Khasi Hills,0,Rainfall,1
1257.6505126953125,16.313533782958984,218.77305603027344,-0.0016403690678998828,30,25.632286,91.162786,West Khasi Hills,0,Rainfall,1
1270.5670166015625,16.17331886291504,280.8716125488281,-0.005380804650485516,10,25.636747,91.162711,West Khasi Hills,0,Rainfall,1
1198.478515625,20.677715301513672,244.36642456054688,0.0028008888475596905,30,25.644222,91.158528,West Khasi Hills,0,Rainfall,1
1196.1263427734375,20.483474731445312,246.39700317382812,0.0013892260612919927,30,25.644944,91.158153,West Khasi Hills,0,Rainfall,1
1191.1846923828125,26.780797958374023,246.28082275390625,0.0018581819022074342,10,25.6466,91.157592,West Khasi Hills,0,Rainfall,1
1216.456787109375,17.501123428344727,237.83702087402344,-0.00031656399369239807,30,25.643494,91.159222,West Khasi Hills,0,Rainfall,1
1176.2198486328125,20.356433868408203,40.04767990112305,0.0020809925626963377,10,25.625331,91.182614,West Khasi Hills,0,Rainfall,1
1147.2672119140625,23.088455200195312,93.6065902709961,0.0030834274366497993,10,25.618994,91.185681,West Khasi Hills,0,Rainfall,1
1058.9732666015625,19.163131713867188,334.94610595703125,-0.0013353587128221989,30,25.602683,91.180708,West Khasi Hills,0,Rainfall,1
1102.5831298828125,22.933420181274414,328.71014404296875,-0.0024938140995800495,10,25.698111,91.18275,West Khasi Hills,0,Rainfall,1
1094.9046630859375,12.992462158203125,341.9283447265625,-0.0025775888934731483,10,25.671125,91.178883,West Khasi Hills,0,Rainfall,1
1148.40185546875,20.95944595336914,287.6211853027344,0.0015021321596577764,10,25.65835,91.177014,West Khasi Hills,0,Rainfall,1
511.0099182128906,16.899858474731445,346.7700500488281,-0.002561280969530344,10,25.8,91.11,West Khasi Hills,0,Rainfall,1
383.72686767578125,9.027274131774902,324.17095947265625,0.0009383885189890862,10,25.83,91.14,West Khasi Hills,0,Rainfall,1
76.361083984375,3.092144250869751,345.482421875,-0.00040194959728978574,10,25.85,91.17,West Khasi Hills,0,Rainfall,1
1417.23583984375,20.545364379882812,290.2467346191406,0.001421630964614451,30,25.615092,91.309872,South West Khasi  Hills,0,Rainfall,1
1538.5673828125,12.23032283782959,56.63976287841797,0.0013006040826439857,30,25.528308,91.395711,West Khasi Hills,0,Anthropogenic,1
1566.94921875,26.092348098754883,66.63444519042969,0.0004891686257906258,30,25.549961,91.341175,South West Khasi  Hills,0,Rainfall,1
1475.7166748046875,8.390166282653809,148.3251495361328,-0.002062183106318116,30,25.549861,91.295706,West Khasi Hills,0,Rainfall,1
1458.9451904296875,8.403308868408203,151.6031036376953,0.006659657694399357,30,25.55125,91.297056,South West Khasi  Hills,0,Rainfall,1
1329.931884765625,20.514484405517578,324.951416015625,9.421305730938911e-05,30,25.550122,91.250286,West Khasi Hills,0,Rainfall,1
1476.4859619140625,12.130823135375977,332.2742004394531,-0.0016220335382968187,10,25.547867,91.292589,West Khasi Hills,0,Rainfall,1
1423.690673828125,29.093318939208984,328.6496887207031,-0.0005061871488578618,30,25.545939,91.284283,West Khasi Hills,0,Rainfall,1
1398.43017578125,18.71784782409668,10.551426887512207,0.0007246357854455709,10,25.545206,91.276144,West Khasi Hills,0,Rainfall,1
1385.824462890625,21.73339080810547,349.5831298828125,0.0013463828945532441,30,25.544917,91.270722,West Khasi Hills,0,Rainfall,1
1381.879150390625,22.567731857299805,342.24322509765625,-9.689520811662078e-05,10,25.545061,91.269778,West Khasi Hills,0,Rainfall,1
1362.0511474609375,22.660694122314453,2.556605100631714,0.004210729151964188,10,25.544936,91.267672,West Khasi Hills,0,Rainfall,1
1370.0123291015625,23.374723434448242,350.46539306640625,0.0025029280222952366,10,25.544906,91.268575,West Khasi Hills,0,Rainfall,1
1360.6302490234375,22.155973434448242,349.3317565917969,0.00095354113727808,10,25.544889,91.263722,West Khasi Hills,0,Rainfall,1
1334.9620361328125,11.069034576416016,52.83650588989258,0.0009133239509537816,50,25.527781,91.263214,West Khasi Hills,0,Rainfall,1
1345.43017578125,19.600534439086914,108.16665649414062,-0.002236501779407263,30,25.523083,91.268972,West Khasi Hills,0,Rainfall,1
1328.7152099609375,4.327436447143555,132.10888671875,-0.002730680862441659,50,25.519556,91.266444,South West Khasi  Hills,0,Rainfall,1
1346.1505126953125,18.088619232177734,97.661865234375,0.0035342569462955,30,25.5208,91.25985,West Khasi Hills,0,,1
1414.536865234375,27.330907821655273,246.57595825195312,0.0037085996009409428,10,25.50335,91.28335,West Khasi Hills,0,,1
1403.461181640625,20.695148468017578,300.1618347167969,-0.004888632334768772,10,25.50667,91.28318,West Khasi Hills,0,,1
1442.784912109375,3.6486356258392334,264.203125,-0.0007221174892038107,40,25.51973,91.28443,West Khasi Hills,0,,1
1493.2999267578125,20.79265785217285,101.32357025146484,0.006148153450340033,30,25.545642,91.325403,West Khasi Hills,0,Anthropogenic,1
1467.66064453125,7.269872665405273,245.15232849121094,0.0031229646410793066,30,25.44465,91.34622,West Khasi Hills,0,,1
1566.3800048828125,16.403079986572266,78.37432098388672,-0.007135570514947176,10,25.425,91.405,West Khasi Hills,0,,1
686.8882446289062,29.40442657470703,355.4111328125,-0.005703226663172245,10,25.23707,91.43212,East Khasi Hills,0,,1
137.7630615234375,17.945890426635742,146.0381622314453,0.00886392593383789,10,25.216169,91.389142,East Khasi Hills,0,Rainfall,1
249.26341247558594,31.11939239501953,222.36459350585938,-0.0027618398889899254,10,25.221406,91.387092,East Khasi Hills,0,Rainfall,1
748.6763916015625,12.275073051452637,342.25555419921875,-0.009476928971707821,10,25.266939,91.383208,South West Khasi  Hills,0,Rainfall,1
1077.5384521484375,24.361366271972656,321.1042175292969,-0.014138787984848022,10,25.278028,91.348931,South West Khasi  Hills,0,Rainfall,1
1137.355712890625,29.716890335083008,26.06378936767578,-0.006936418823897839,10,25.299369,91.325575,South West Khasi  Hills,0,Rainfall,1
1129.469482421875,43.011138916015625,225.06402587890625,0.0026239161379635334,10,25.31488,91.33367,West Khasi Hills,0,,1
1087.0162353515625,19.995569229125977,222.940185546875,-0.0055662658996880054,30,25.357472,91.229167,West Khasi Hills,0,Rainfall,1
1028.9962158203125,20.342777252197266,221.74705505371094,-0.0005653174594044685,30,25.356475,91.225489,West Khasi Hills,0,Rainfall,1
693.54296875,25.897489547729492,64.55845642089844,-0.005283868871629238,10,25.288467,91.224269,West Khasi Hills,0,Rainfall,1
14.663629531860352,1.4475535154342651,153.73028564453125,9.968717495212331e-05,30,25.201,91.234,West Khasi Hills,0,,1
110.4079818725586,24.570844650268555,123.32032775878906,0.008463039994239807,60,25.206763,91.231417,South West Khasi  Hills,0,Rainfall,1
44.51487350463867,9.783041000366211,260.7253723144531,0.0032872180454432964,10,25.20283,91.20908,West Khasi Hills,0,,1
290.3782043457031,30.55611228942871,146.0084991455078,0.002720130607485771,60,25.211269,91.208223,South West Khasi  Hills,0,Rainfall,1
472.6781921386719,26.119935989379883,210.14857482910156,5.948671605437994e-05,30,25.221572,91.185833,South West Khasi  Hills,0,Rainfall,1
450.72021484375,16.592510223388672,246.05630493164062,0.003508269554004073,30,25.220764,91.187,South West Khasi  Hills,0,Rainfall,1
512.7319946289062,33.935890197753906,55.048927307128906,0.005754629150032997,30,25.239068,91.174728,South West Khasi  Hills,0,Rainfall,1
88.44071197509766,24.560401916503906,108.13732147216797,-0.006255154497921467,10,25.197881,91.139559,South West Khasi  Hills,0,Rainfall,1
396.807373046875,24.768695831298828,87.76112365722656,-0.0007281828438863158,10,25.295881,91.071747,West Khasi Hills,0,Rainfall,1
302.8407287597656,29.35732650756836,129.0609130859375,0.0011395126348361373,10,25.305047,91.075778,West Khasi Hills,0,Rainfall,1
704.4443969726562,11.186681747436523,153.73011779785156,-0.0012363854330033064,10,25.455817,91.086289,West Khasi Hills,0,Rainfall,1
717.0208129882812,22.04703712463379,99.75399017333984,0.0009294029441662133,10,25.455639,91.082944,West Khasi Hills,0,Rainfall,1
870.8095703125,25.72603416442871,88.2842025756836,0.001445269794203341,10,25.462319,91.096836,West Khasi Hills,0,Rainfall,1
977.8858642578125,19.982280731201172,50.68165969848633,0.0007681314018554986,10,25.496081,91.117675,West Khasi Hills,0,Rainfall,1
1281.000244140625,21.01796531677246,341.5939636230469,0.004135718569159508,10,25.496861,91.198556,West Khasi Hills,0,Rainfall,1
1185.9000244140625,18.43476104736328,305.6522216796875,0.000899573031347245,10,25.496367,91.163575,West Khasi Hills,0,Rainfall,1
1359.8392333984375,20.734262466430664,164.723388671875,-0.0022238304372876883,30,25.507378,91.223883,West Khasi Hills,0,Rainfall,1
1352.093505859375,20.757389068603516,166.65679931640625,0.002947817323729396,30,25.507528,91.224333,West Khasi Hills,0,Rainfall,1
1375.089599609375,17.943885803222656,184.9769744873047,-0.00374234258197248,30,25.508,91.225694,West Khasi Hills,0,Rainfall,1
1315.9561767578125,24.43326759338379,26.451435089111328,0.0030321418307721615,10,25.546553,91.235222,West Khasi Hills,0,Rainfall,1
1325.856689453125,22.052154541015625,33.04249954223633,-0.00014759114128537476,10,25.546456,91.235733,West Khasi Hills,0,Rainfall,1
1365.465576171875,11.844833374023438,174.65357971191406,-0.004560881294310093,10,25.544028,91.215472,West Khasi Hills,0,Rainfall,1
1345.8377685546875,15.70583438873291,256.19219970703125,0.005456161685287952,10,25.533183,91.205647,West Khasi Hills,0,Rainfall,1
1346.47412109375,17.465051651000977,305.35748291015625,0.0002208404621342197,10,25.534486,91.205492,West Khasi Hills,0,Rainfall,1
1336.6329345703125,27.948461532592773,348.1136169433594,0.00227144593372941,10,25.537344,91.207542,West Khasi Hills,0,Rainfall,1
1330.85693359375,22.439577102661133,340.1419677734375,0.00039885612204670906,10,25.53725,91.206972,West Khasi Hills,0,Rainfall,1
1341.437255859375,25.27454948425293,320.22314453125,-8.785410318523645e-05,10,25.536889,91.206556,West Khasi Hills,0,Rainfall,1
1333.7227783203125,28.1519775390625,348.72967529296875,0.0020513772033154964,10,25.537636,91.208528,West Khasi Hills,0,Rainfall,1
1260.265380859375,16.47932243347168,214.54736328125,-0.0019414328271523118,50,25.572492,91.209156,West Khasi Hills,0,Rainfall,1
1282.447265625,12.089337348937988,238.53720092773438,0.004628980997949839,10,25.569778,91.21575,West Khasi Hills,0,Rainfall,1
1266.919677734375,9.393975257873535,278.3514404296875,0.007791719865053892,10,25.570361,91.215056,West Khasi Hills,0,Rainfall,1
1289.6839599609375,18.511667251586914,222.3778076171875,0.0034090224653482437,10,25.569222,91.217222,West Khasi Hills,0,Rainfall,1
1326.12548828125,22.60712432861328,276.9808654785156,0.0007368231890723109,30,25.565333,91.225667,West Khasi Hills,0,Rainfall,1
1339.7142333984375,7.627861022949219,39.17283248901367,-0.005703921429812908,30,25.565489,91.220686,West Khasi Hills,0,Rainfall,1
1302.375244140625,18.187427520751953,41.812461853027344,0.0031125773675739765,10,25.553794,91.231139,West Khasi Hills,0,Rainfall,1
1311.1824951171875,18.102127075195312,95.60938262939453,-0.003590779146179557,30,25.558442,91.228547,West Khasi Hills,0,Rainfall,1
1299.8453369140625,22.518400192260742,227.6686248779297,0.003951988182961941,30,25.559222,91.229639,West Khasi Hills,0,Rainfall,1
1310.7139892578125,23.155651092529297,204.10057067871094,-0.00018734391778707504,30,25.558489,91.230911,West Khasi Hills,0,Rainfall,1
1329.16064453125,12.284467697143555,257.2543640136719,0.0026435567997395992,30,25.555256,91.234944,West Khasi Hills,0,Rainfall,1
1337.52197265625,5.416252136230469,335.4237976074219,0.005241689272224903,30,25.552647,91.237072,West Khasi Hills,0,Rainfall,1
1320.99560546875,21.865928649902344,57.063724517822266,0.0018064972246065736,10,25.551667,91.2325,West Khasi Hills,0,Rainfall,1
1333.69091796875,22.050155639648438,55.4772834777832,-0.0038618487305939198,10,25.551225,91.232636,West Khasi Hills,0,Rainfall,1
1337.700927734375,23.19346809387207,79.69361114501953,-0.0035295584239065647,10,25.550608,91.232894,West Khasi Hills,0,Rainfall,1
1340.07958984375,12.459693908691406,172.49778747558594,0.004206772428005934,30,25.549667,91.242444,West Khasi Hills,0,Rainfall,1
1327.3768310546875,12.557039260864258,168.9573211669922,0.007230859249830246,30,25.549139,91.244417,West Khasi Hills,0,Rainfall,1
1326.3536376953125,20.278575897216797,147.93109130859375,0.004366585519164801,30,25.549333,91.246583,West Khasi Hills,0,Rainfall,1
1322.1798095703125,17.99681854248047,152.26658630371094,0.004997794516384602,30,25.549639,91.247472,West Khasi Hills,0,Rainfall,1
1296.14111328125,23.550344467163086,214.908447265625,0.00334548088721931,30,25.560667,91.228028,West Khasi Hills,0,Rainfall,1
1300.637451171875,25.418140411376953,224.63790893554688,0.002125911181792617,30,25.560931,91.227694,West Khasi Hills,0,Rainfall,1
1325.559326171875,28.58787727355957,248.5763397216797,0.0002451942127663642,30,25.563239,91.225711,West Khasi Hills,0,Rainfall,1
1342.7755126953125,5.134249687194824,88.99048614501953,0.003381758462637663,10,25.580703,91.237361,West Khasi Hills,0,Rainfall,1
1311.27685546875,15.934659957885742,296.3240051269531,0.0006968677625991404,10,25.583236,91.237317,West Khasi Hills,0,Rainfall,1
1247.8826904296875,9.822422981262207,109.68050384521484,0.0020888769067823887,30,25.57425,91.214472,West Khasi Hills,0,Rainfall,1
1244.3037109375,15.341344833374023,20.718097686767578,0.0011811174917966127,10,25.581822,91.189944,West Khasi Hills,0,Rainfall,1
1228.10595703125,17.636884689331055,336.3255920410156,0.0009894899558275938,30,25.582061,91.185611,West Khasi Hills,0,Rainfall,1
1219.8038330078125,19.82657814025879,141.16018676757812,0.005601612851023674,10,25.582836,91.183972,West Khasi Hills,0,Rainfall,1
1225.98095703125,21.927719116210938,197.53289794921875,-0.000352434697560966,30,25.581572,91.181611,West Khasi Hills,0,Rainfall,1
1238.8785400390625,22.14527130126953,179.8783721923828,0.0005555353127419949,30,25.581983,91.176972,West Khasi Hills,0,Rainfall,1
1201.0025634765625,4.182402610778809,309.4849853515625,0.006832031067460775,30,25.585389,91.1765,West Khasi Hills,0,Rainfall,1
1134.0712890625,13.322315216064453,44.34514617919922,0.007392244879156351,30,25.597614,91.153233,West Khasi Hills,0,Rainfall,1
682.2218017578125,17.380020141601562,59.003875732421875,0.005070824176073074,10,25.436875,91.06105,West Khasi Hills,0,Rainfall,1
622.8216552734375,5.073449611663818,194.0882110595703,0.0031541942153126,10,25.436706,91.051053,West Khasi Hills,0,Rainfall,1
618.15673828125,9.97439956665039,209.8111572265625,0.003157656406983733,10,25.436306,91.050361,West Khasi Hills,0,Rainfall,1
520.2738647460938,26.858299255371094,167.46202087402344,0.0027423619758337736,30,25.440153,90.881372,South West Khasi  Hills,0,Rainfall,1
572.6610717773438,16.668312072753906,321.2181396484375,0.00010952423326671124,10,25.560028,90.833917,South West Khasi  Hills,0,Rainfall,1
409.3406677246094,6.663757801055908,52.25938415527344,0.00042322211083956063,10,25.565569,90.808153,South Garo hills,0,Rainfall,1
499.626220703125,26.891319274902344,116.4505386352539,-0.005136376246809959,30,25.552992,90.814503,West Khasi Hills,0,Rainfall,1
394.5339660644531,27.05101203918457,258.6239013671875,0.0030125207267701626,10,25.558058,90.809919,East Garo hills,0,Rainfall,1
504.60150146484375,15.799046516418457,140.7917022705078,0.0023838933557271957,30,25.557833,90.818103,East Garo hills,0,Rainfall,1
488.5162048339844,30.028682708740234,139.09022521972656,-0.005394337233155966,10,25.553522,90.815225,West Khasi Hills,0,Rainfall,1
295.2051086425781,11.52588939666748,161.9527130126953,0.003917333669960499,10,25.48586,90.7005,South Garo hills,0,Anthropogenic,1
327.3771057128906,13.392538070678711,48.27448654174805,-0.0026926840655505657,10,25.47542,90.698611,South Garo hills,0,Anthropogenic,1
523.492919921875,5.449615955352783,37.57757568359375,0.005726777948439121,10,25.39766,90.70111,South Garo hills,0,Anthropogenic,1
552.544921875,17.508026123046875,78.4734878540039,0.0005826104898005724,10,25.39799,90.69972,South Garo hills,0,Anthropogenic,1
405.6911926269531,22.769794464111328,346.28875732421875,0.0027496730908751488,10,25.40121,90.71722,South Garo hills,0,Anthropogenic,1
355.8890686035156,16.239015579223633,350.1296081542969,0.0008038008818402886,10,25.403061,90.724166,South Garo hills,0,Anthropogenic,1
132.39630126953125,6.355679512023926,287.23822021484375,0.0038107770960778,10,25.416456,90.802981,South West Khasi  Hills,0,Rainfall,1
323.2911071777344,18.55607795715332,229.50022888183594,0.0023802618961781263,10,25.479069,90.807167,West Khasi Hills,0,Rainfall,1
208.54949951171875,21.080894470214844,267.8832092285156,-0.00014023049152456224,10,25.374072,90.8146,South West Khasi  Hills,0,Rainfall,1
385.8279724121094,17.044395446777344,52.053123474121094,-0.005491800606250763,10,25.311336,90.969222,West Khasi Hills,0,Rainfall,1
537.91015625,12.680042266845703,59.84447479248047,-0.006487639620900154,10,25.359281,91.035939,West Khasi Hills,0,Rainfall,1
533.9913940429688,19.17975425720215,84.90538787841797,-0.006454976741224527,10,25.361056,91.034889,West Khasi Hills,0,Rainfall,1
603.3178100585938,23.528804779052734,127.32234191894531,-0.004355147480964661,30,25.376992,91.038136,West Khasi Hills,0,Rainfall,1
40.61018753051758,22.484344482421875,253.14500427246094,0.0045984843745827675,10,25.191366,91.040468,South West Khasi  Hills,0,Rainfall,1
100.09850311279297,15.15556526184082,36.07762908935547,-0.002608501585200429,10,25.18676,91.396515,East Khasi Hills,0,Rainfall,1
137.97134399414062,19.23406219482422,123.81460571289062,-0.005574150942265987,10,25.188327,91.761486,East Khasi Hills,0,Rainfall,1
29.159805297851562,16.5733642578125,311.9444274902344,-0.0002055815130006522,10,25.169159,91.690014,East Khasi Hills,0,Rainfall,1
108.56645965576172,16.1624698638916,14.041205406188965,-0.0025956318713724613,10,25.180032,91.65815,East Khasi Hills,0,Rainfall,1
35.12653350830078,22.432722091674805,315.63348388671875,0.0006753064808435738,10,25.181969,91.637545,East Khasi Hills,0,Rainfall,1
91.88286590576172,30.20294761657715,65.63335418701172,-0.0018375776708126068,10,25.182254,91.618979,East Khasi Hills,0,Rainfall,1
153.38720703125,18.027374267578125,247.78659057617188,-0.004503680393099785,10,25.180536,91.576839,East Khasi Hills,0,Rainfall,1
83.46001434326172,24.819664001464844,228.98165893554688,-0.0020948629826307297,10,25.181759,91.573658,East Khasi Hills,0,Rainfall,1
52.807167053222656,7.442194938659668,23.46638298034668,-0.007882140576839447,10,25.18092,91.570335,East Khasi Hills,0,Rainfall,1
25.259265899658203,8.422517776489258,275.61468505859375,0.0006627478287555277,10,25.160222,91.527843,East Khasi Hills,0,Rainfall,1
39.54588317871094,10.377306938171387,292.47021484375,-0.0003500445745885372,10,25.159469,91.528337,East Khasi Hills,0,Rainfall,1
29.929147720336914,10.061694145202637,129.55897521972656,-0.002539608860388398,10,25.160398,91.489558,East Khasi Hills,0,Rainfall,1
50.95128631591797,19.2913875579834,347.72210693359375,0.004170714877545834,10,25.158643,91.525222,East Khasi Hills,0,Rainfall,1
127.34109497070312,23.836315155029297,5.048643112182617,0.01306643895804882,10,25.18955,91.453997,East Khasi Hills,0,Rainfall,1
773.0159912109375,37.583648681640625,139.63662719726562,0.005007094703614712,10,25.247518,91.450545,East Khasi Hills,0,Rainfall,1
731.8892211914062,29.51953887939453,167.59022521972656,-0.0015529547818005085,10,25.24736,91.451647,East Khasi Hills,0,Rainfall,1
798.77783203125,34.263431549072266,168.57791137695312,-0.001562311314046383,10,25.251211,91.454514,South West Khasi  Hills,0,Rainfall,1
245.016845703125,15.793817520141602,305.532958984375,-0.0026655702386051416,10,25.196781,91.574727,East Khasi Hills,0,Rainfall,1
290.5712585449219,12.347357749938965,126.29141998291016,0.00361052923835814,10,25.205078,91.57517,East Khasi Hills,0,Rainfall,1
758.0301513671875,17.86234474182129,209.896240234375,0.0005210168892517686,10,25.214783,91.590875,East Khasi Hills,0,Rainfall,1
528.8930053710938,18.85849380493164,177.2609100341797,0.006648016627877951,10,25.207314,91.592357,East Khasi Hills,0,Rainfall,1
652.86279296875,22.315818786621094,84.90271759033203,-0.006706384010612965,10,25.208313,91.606889,East Khasi Hills,0,Rainfall,1
474.1553955078125,30.584983825683594,198.8802490234375,0.004688441753387451,10,25.205651,91.599771,East Khasi Hills,0,Rainfall,1
794.2958984375,14.42778491973877,182.66351318359375,-0.0023861676454544067,10,25.218821,91.581584,East Khasi Hills,0,Rainfall,1
1145.6370849609375,24.95050811767578,20.456613540649414,0.00018287342390976846,10,25.265048,91.591553,East Khasi Hills,0,Rainfall,1
390.5872497558594,28.913368225097656,189.2310028076172,0.001230211229994893,10,25.273217,91.609962,East Khasi Hills,0,Rainfall,1
1214.8189697265625,22.798669815063477,44.616310119628906,0.009635578840970993,10,25.26851,91.580418,East Khasi Hills,0,Rainfall,1
1276.4810791015625,30.125438690185547,30.096630096435547,0.0003527774242684245,10,25.27342,91.578074,East Khasi Hills,0,Rainfall,1
1263.70556640625,32.39455795288086,51.71990203857422,0.008588006719946861,10,25.273477,91.577794,East Khasi Hills,0,Rainfall,1
1242.804931640625,39.02800369262695,64.496337890625,-0.00424347585067153,30,25.277934,91.575,East Khasi Hills,0,Rainfall,1
1019.1624755859375,25.14035415649414,142.5221405029297,0.007305373437702656,10,25.282485,91.57685,East Khasi Hills,0,Rainfall,1
956.5640869140625,33.81193542480469,150.2096405029297,0.005302585661411285,10,25.282943,91.580161,East Khasi Hills,0,Rainfall,1
916.5897827148438,34.37594223022461,232.4564666748047,0.003851992776617408,10,25.289055,91.533039,South West Khasi  Hills,0,Rainfall,1
1266.621826171875,42.64992141723633,299.098388671875,0.010653779841959476,10,25.295624,91.56964,East Khasi Hills,0,Rainfall,1
1303.9136962890625,37.46329879760742,83.30233001708984,-0.002648013411089778,10,25.31458,91.45242,South West Khasi Hills,0,Heavy rainfall during preceding 2 days,1
1401.1414794921875,28.57168960571289,82.04019165039062,-0.008474492467939854,30,25.31848,91.45262,West Khasi Hills,0,,1
1385.2078857421875,23.002485275268555,203.5046844482422,-0.008773241192102432,30,25.31488,91.44913,West Khasi Hills,0,,1
1527.6358642578125,8.945554733276367,216.22085571289062,-2.0707870135083795e-05,30,25.38803,91.46977,West Khasi Hills,0,,1
1554.9169921875,23.938865661621094,134.0121612548828,0.002259623957797885,50,25.4013,91.45855,West Khasi Hills,0,,1
1585.5743408203125,14.958072662353516,122.33175659179688,0.002538683358579874,30,25.40023,91.5159,West Khasi Hills,0,,1
1688.978271484375,23.420738220214844,174.96444702148438,-0.0026273413095623255,10,25.525533,91.467683,South West Khasi  Hills,0,Rainfall,1
1526.94482421875,14.251321792602539,178.33975219726562,-0.0018869508057832718,30,25.522717,91.448328,West Khasi Hills,0,Rainfall,1
1566.8250732421875,16.33200454711914,8.861778259277344,-0.0021213495638221502,30,25.587111,91.498556,West Khasi Hills,0,Rainfall,1
1667.7689208984375,1.889206051826477,352.3150939941406,0.005892702378332615,40,25.545722,91.520556,West Khasi Hills,0,Rainfall,1
1575.79541015625,15.85301685333252,198.42787170410156,0.00222811964340508,50,25.523,91.521389,West Khasi Hills,2016,Rainfall,1
1589.5714111328125,22.46819496154785,198.07040405273438,0.0012849720660597086,30,25.524931,91.514383,West Khasi Hills,2016,Rainfall,1
1584.90673828125,18.631540298461914,201.3336181640625,-0.0008416883647441864,30,25.520356,91.537764,West Khasi Hills,2016,Rainfall,1
1649.574462890625,19.7786808013916,95.50167846679688,-0.002718559233471751,30,25.5502,91.618106,West Khasi Hills,2016,Rainfall,1
1623.041015625,22.32806396484375,141.1925506591797,0.00017016974743455648,50,25.548306,91.61775,West Khasi Hills,2016,Rainfall,1
1613.4215087890625,21.339567184448242,150.48626708984375,-0.004399868194013834,30,25.537972,91.602361,West Khasi Hills,2016,Rainfall,1
1449.3951416015625,14.031503677368164,13.240843772888184,0.005890965461730957,30,25.40547,91.53712,West Khasi Hills,0,,1
1747.3895263671875,24.60024642944336,248.3406524658203,-0.0014911876060068607,30,25.542744,91.662067,East Khasi Hills,2016,Rainfall,1
1695.3756103515625,20.875680923461914,2.1790809631347656,0.0016253924695774913,10,25.549789,91.645033,West Khasi Hills,2016,Rainfall,1
1707.6719970703125,6.939445495605469,274.22137451171875,0.007859867066144943,30,25.548089,91.647706,West Khasi Hills,2016,Rainfall,1
1744.318359375,6.248063564300537,161.06454467773438,0.0034269194584339857,40,25.535628,91.679575,West Khasi Hills,2016,Rainfall,1
1776.2843017578125,7.520884990692139,18.633100509643555,-0.0033312872983515263,30,25.507586,91.708236,East Khasi Hills,2016,Rainfall,1
1770.8804931640625,9.737066268920898,154.98155212402344,-0.0005305634113028646,30,25.509233,91.703961,East Khasi Hills,2016,Rainfall,1
1742.15478515625,13.925264358520508,243.91375732421875,-0.001978806685656309,30,25.504083,91.723028,East Khasi Hills,2016,Rainfall,1
1740.105712890625,9.951850891113281,267.21124267578125,-0.004248694516718388,30,25.509358,91.719631,East Khasi Hills,2016,Rainfall,1
1665.83544921875,23.629030227661133,327.5674133300781,0.00364746805280447,30,25.577212,91.75219,East Khasi Hills,0,Rainfall,1
1695.8614501953125,17.40536117553711,344.3121337890625,0.001682876143604517,30,25.576847,91.753423,East Khasi Hills,0,Rainfall,1
1699.2373046875,12.317977905273438,68.67963409423828,0.00898930337280035,30,25.568056,91.737944,West Khasi Hills,2016,Rainfall,1
1699.2373046875,12.317977905273438,68.67963409423828,0.00898930337280035,30,25.568106,91.737919,West Khasi Hills,2016,Rainfall,1
1687.112548828125,20.849571228027344,131.72198486328125,0.00013964067329652607,30,25.581829,91.765659,East Khasi Hills,0,Rainfall,1
1687.45654296875,21.892072677612305,265.9032897949219,-0.002396918134763837,30,25.585875,91.777328,East Khasi Hills,0,Rainfall,1
1743.927978515625,27.94259262084961,343.6601257324219,0.0020985426381230354,30,25.446933,91.742919,East Khasi Hills,0,Rainfall,1
1673.406982421875,26.50214958190918,15.824570655822754,0.004125241190195084,50,25.423674,91.721317,East Khasi Hills,0,Rainfall,1
1796.941162109375,12.79705810546875,142.20571899414062,-0.006353513337671757,10,25.397722,91.769417,East Khasi Hills,0,Rainfall,1
1800.4268798828125,11.785676956176758,113.13341522216797,-0.006771756801754236,10,25.398345,91.769704,East Khasi Hills,0,Rainfall,1
1816.7528076171875,19.974790573120117,122.6796875,-0.008359233848750591,10,25.408236,91.778704,East Khasi Hills,0,Rainfall,1
1749.3179931640625,32.938636779785156,130.62942504882812,0.000594681070651859,30,25.390714,91.764766,East Khasi Hills,0,Rainfall,1
1764.1234130859375,32.175926208496094,113.7216567993164,-0.004652814939618111,10,25.387912,91.762233,East Khasi Hills,0,Rainfall,1
1612.551513671875,39.50351333618164,141.45240783691406,-0.0004456903552636504,10,25.35525,91.767889,East Khasi Hills,0,Rainfall,1
1603.3756103515625,38.478355407714844,145.9099884033203,-0.004236982669681311,30,25.353486,91.765544,East Khasi Hills,0,Rainfall,1
1545.7137451171875,21.86391258239746,47.881465911865234,-0.009024658240377903,10,25.348394,91.762714,East Khasi Hills,0,Rainfall,1
1415.962158203125,32.59732437133789,351.5982666015625,-0.006729811895638704,10,25.338631,91.777559,East Khasi Hills,0,Rainfall,1
1437.69677734375,20.878480911254883,354.80401611328125,-0.011556517332792282,10,25.338711,91.775111,East Khasi Hills,0,Rainfall,1
1492.624755859375,26.046955108642578,103.75205993652344,-0.002329534385353327,30,25.298951,91.726475,East Khasi Hills,0,Rainfall,1
1510.617431640625,27.034103393554688,115.15473937988281,0.0008684332715347409,10,25.299931,91.726268,East Khasi Hills,0,Rainfall,1
1509.145263671875,26.244140625,128.33624267578125,-0.0017795435851439834,10,25.300389,91.726722,East Khasi Hills,0,,1
1761.6380615234375,30.64657211303711,123.76172637939453,-0.0033927233889698982,10,25.381107,91.756477,East Khasi Hills,0,Rainfall,1
1746.80859375,32.344146728515625,133.55538940429688,-0.003134183818474412,10,25.382563,91.757675,East Khasi Hills,0,Rainfall,1
1757.708984375,31.27459144592285,131.7122039794922,-0.0030965611804276705,30,25.382898,91.757906,East Khasi Hills,0,Rainfall,1
1540.5057373046875,20.59552001953125,2.0290048122406006,-0.0013537990162149072,10,25.331948,91.661011,East Khasi Hills,0,Rainfall,1
1333.537353515625,43.43777084350586,299.2598876953125,0.015415026806294918,10,25.326032,91.659568,East Khasi Hills,0,Rainfall,1
1597.57666015625,35.499755859375,347.9966735839844,-0.00018452457152307034,10,25.331209,91.67737,East Khasi Hills,0,Rainfall,1
312.9921875,42.565433502197266,125.70567321777344,0.009879602119326591,10,25.247226,91.671435,East Khasi Hills,0,Rainfall,1
429.3942565917969,36.09354782104492,246.0576171875,-0.006933225318789482,10,25.220023,91.631989,East Khasi Hills,0,Rainfall,1
200.80259704589844,27.454092025756836,230.0949249267578,0.0031588077545166016,10,25.200934,91.63449,East Khasi Hills,0,Rainfall,1
400.27142333984375,28.487764358520508,205.13278198242188,-0.004757195245474577,10,25.20111,91.640451,East Khasi Hills,0,Rainfall,1
599.1123046875,22.57672119140625,146.68450927734375,-0.000578094448428601,10,25.209703,91.646662,East Khasi Hills,0,Rainfall,1
591.0587158203125,23.589475631713867,161.2615966796875,1.9943108782172203e-05,10,25.209456,91.646315,East Khasi Hills,0,Rainfall,1
593.8742065429688,22.618303298950195,170.8199920654297,-0.0009516952559351921,10,25.209427,91.646032,East Khasi Hills,0,Rainfall,1
890.9290161132812,30.072498321533203,279.2110900878906,0.004296418279409409,10,25.223553,91.671157,East Khasi Hills,0,Rainfall,1
654.1986083984375,21.936687469482422,250.1014404296875,-0.004943096078932285,10,25.237221,91.679456,East Khasi Hills,0,Rainfall,1
715.991455078125,13.641440391540527,217.5615234375,-0.006484640762209892,10,25.240338,91.677786,East Khasi Hills,0,Rainfall,1
710.6359252929688,28.521408081054688,122.29671478271484,0.002206532284617424,10,25.23572,91.68776,East Khasi Hills,0,Rainfall,1
578.5955810546875,26.560138702392578,67.21519470214844,0.0029520061798393726,10,25.228005,91.687913,East Khasi Hills,0,Rainfall,1
565.2946166992188,21.881805419921875,83.5685043334961,0.0069155702367424965,10,25.228272,91.687776,East Khasi Hills,0,Rainfall,1
560.4915771484375,21.25126075744629,74.53336334228516,0.0007843533530831337,10,25.22784,91.688252,East Khasi Hills,0,Rainfall,1
510.22589111328125,34.515316009521484,44.41080093383789,-0.000895559904165566,10,25.222564,91.691398,East Khasi Hills,0,Rainfall,1
463.7366943359375,24.22535514831543,67.16537475585938,-0.0012199984630569816,10,25.22175,91.693006,East Khasi Hills,0,Rainfall,1
370.10992431640625,17.459218978881836,252.7420654296875,0.0010921343928202987,10,25.224808,91.696177,East Khasi Hills,0,Rainfall,1
442.7142333984375,18.946208953857422,100.79165649414062,-0.007344276178628206,10,25.228344,91.693332,East Khasi Hills,0,Rainfall,1
438.8330078125,25.743728637695312,102.53630065917969,0.0006660865619778633,10,25.229161,91.693249,East Khasi Hills,0,Rainfall,1
516.4854125976562,27.736806869506836,135.03245544433594,0.004067442379891872,10,25.224417,91.689893,East Khasi Hills,0,Rainfall,1
465.9021301269531,25.224143981933594,31.563518524169922,0.003631286323070526,10,25.227063,91.691293,East Khasi Hills,0,Rainfall,1
464.0206604003906,21.231548309326172,48.95607376098633,0.008978982456028461,10,25.227183,91.690972,East Khasi Hills,0,Rainfall,1
592.1188354492188,23.269664764404297,100.25994110107422,-0.004856885876506567,10,25.230063,91.688941,East Khasi Hills,0,Rainfall,1
435.7908935546875,29.070348739624023,117.5597915649414,0.0036074742674827576,10,25.229822,91.693551,East Khasi Hills,0,Rainfall,1
621.8313598632812,19.63112449645996,152.56680297851562,0.003352109808474779,10,25.234966,91.690051,East Khasi Hills,0,Rainfall,1
613.71435546875,17.111143112182617,67.01131439208984,-0.0008879587985575199,10,25.23416,91.690216,East Khasi Hills,0,Rainfall,1
624.2996826171875,18.86285972595215,149.09864807128906,0.005719375796616077,10,25.234952,91.689803,East Khasi Hills,0,Rainfall,1
703.61572265625,20.959726333618164,134.9667510986328,-0.00046848924830555916,10,25.236582,91.688857,East Khasi Hills,0,Rainfall,1
502.7003479003906,27.573772430419922,184.58163452148438,0.0022181763779371977,10,25.226046,91.701458,East Khasi Hills,0,Rainfall,1
513.3907470703125,25.170984268188477,200.60739135742188,0.0050319284200668335,10,25.224506,91.704403,East Khasi Hills,0,Rainfall,1
539.97705078125,32.76089859008789,236.96856689453125,0.0015390811022371054,10,25.218961,91.707094,East Khasi Hills,0,Rainfall,1
540.1088256835938,37.95712661743164,107.71458435058594,0.004086334723979235,10,25.219787,91.710947,East Khasi Hills,0,Rainfall,1
538.0286254882812,38.9106330871582,102.09757995605469,0.002349858172237873,10,25.217558,91.709355,East Khasi Hills,0,Rainfall,1
524.9566040039062,34.321128845214844,120.62602233886719,-0.007800113409757614,10,25.216805,91.709405,East Khasi Hills,0,Rainfall,1
356.28448486328125,31.022235870361328,182.02093505859375,0.001976118888705969,10,25.208256,91.69041,East Khasi Hills,0,Rainfall,1
587.40771484375,26.66411018371582,172.9551239013672,-0.0021318623330444098,10,25.20836,91.725397,East Khasi Hills,0,Rainfall,1
532.9971313476562,33.63027572631836,89.01483917236328,-0.008858578279614449,10,25.207515,91.746839,East Khasi Hills,0,Rainfall,1
478.3307800292969,35.215179443359375,219.36138916015625,-0.006087969988584518,10,25.206426,91.75498,East Khasi Hills,0,Rainfall,1
429.6895751953125,31.718088150024414,211.22332763671875,0.0006793011561967432,10,25.205307,91.755686,East Khasi Hills,0,Rainfall,1
457.5758972167969,30.213708877563477,207.88473510742188,-0.0024838168174028397,10,25.205465,91.755789,East Khasi Hills,0,Rainfall,1
600.6801147460938,32.98938751220703,139.13848876953125,0.0004894550074823201,10,25.212554,91.747962,East Khasi Hills,0,Rainfall,1
599.9182739257812,23.1633243560791,118.9521484375,-0.0036700707860291004,10,25.209568,91.745894,East Khasi Hills,0,Rainfall,1
556.1943969726562,25.305557250976562,148.7172393798828,-0.001122723682783544,10,25.20655,91.744914,East Khasi Hills,0,Rainfall,1
522.9256591796875,37.390193939208984,149.398193359375,0.0069764526560902596,10,25.204882,91.742535,East Khasi Hills,0,Rainfall,1
688.9166259765625,33.091453552246094,166.43417358398438,-0.002795275766402483,10,25.2071,91.741225,East Khasi Hills,0,Rainfall,1
705.1766967773438,37.84376907348633,120.28585052490234,0.0003835982643067837,10,25.208593,91.742294,East Khasi Hills,0,Rainfall,1
672.4840087890625,32.60594177246094,175.46803283691406,-0.0007567106513306499,10,25.206885,91.740497,East Khasi Hills,0,Rainfall,1
656.2274169921875,32.37227249145508,176.78115844726562,0.0011674284469336271,10,25.206573,91.738428,East Khasi Hills,0,Rainfall,1
655.4178466796875,31.225284576416016,172.83029174804688,0.0007287422195076942,10,25.206686,91.73898,East Khasi Hills,0,Rainfall,1
613.6582641601562,44.25334167480469,226.89645385742188,0.003927270416170359,10,25.206892,91.736341,East Khasi Hills,0,Rainfall,1
541.5964965820312,30.050071716308594,263.18463134765625,0.0032998640090227127,10,25.205623,91.736208,East Khasi Hills,0,Rainfall,1
901.985107421875,20.909698486328125,194.11001586914062,-0.000437594426330179,10,25.216078,91.738387,East Khasi Hills,0,Rainfall,1
881.0816650390625,20.282672882080078,211.77223205566406,-0.0005866702413186431,10,25.216464,91.735629,East Khasi Hills,0,Rainfall,1
963.3492431640625,22.262699127197266,74.35643005371094,-0.0028441466856747866,10,25.218732,91.740262,East Khasi Hills,0,Rainfall,1
1047.0921630859375,18.72322654724121,35.79755401611328,-0.008456681855022907,10,25.224654,91.735929,East Khasi Hills,0,Rainfall,1
956.3530883789062,28.785966873168945,31.194477081298828,0.0040399483405053616,10,25.223769,91.740164,East Khasi Hills,0,Rainfall,1
987.0409545898438,18.144878387451172,52.236385345458984,-0.007339900359511375,10,25.222221,91.742134,East Khasi Hills,0,Rainfall,1
506.68865966796875,28.945213317871094,359.4646301269531,-0.001794046489521861,10,25.226751,91.754441,East Khasi Hills,0,Rainfall,1
465.6729736328125,33.91508483886719,352.776611328125,0.005012053065001965,10,25.227249,91.748917,East Khasi Hills,0,Rainfall,1
669.8742065429688,31.36043357849121,112.2895736694336,-0.007299949415028095,10,25.229706,91.745297,East Khasi Hills,0,Rainfall,1
1119.4254150390625,33.14903259277344,109.63433074951172,-0.005561606492847204,30,25.240315,91.733388,East Khasi Hills,0,Rainfall,1
871.4777221679688,14.324142456054688,227.8852081298828,0.002651211339980364,10,25.217886,91.73381,East Khasi Hills,0,Rainfall,1
562.8392333984375,35.72780227661133,300.8992919921875,-0.0011252647964283824,10,25.22026,91.720198,East Khasi Hills,0,Rainfall,1
509.1733093261719,27.923799514770508,299.5923156738281,0.006583064328879118,10,25.221164,91.719886,East Khasi Hills,0,Rainfall,1
518.1309204101562,35.783687591552734,131.08154296875,-0.002360794460400939,10,25.222501,91.714409,East Khasi Hills,0,Rainfall,1
1073.228515625,45.96017074584961,175.9672393798828,0.007604801096022129,30,25.243783,91.738698,East Khasi Hills,0,Rainfall,1
1107.2066650390625,35.48832702636719,172.09701538085938,-0.004645350854843855,30,25.243358,91.747094,East Khasi Hills,0,Rainfall,1
488.63067626953125,28.334775924682617,12.495274543762207,-0.0004908471601083875,10,25.223708,91.76661,East Khasi Hills,0,rainfall,1
520.218505859375,34.079315185546875,349.6221618652344,0.00032364128855988383,10,25.223307,91.762345,East Khasi Hills,0,Rainfall,1
618.4012451171875,40.5244255065918,357.2469177246094,-0.0021407799795269966,10,25.222304,91.763619,East Khasi Hills,0,Rainfall,1
600.9627685546875,38.412113189697266,10.846789360046387,-0.005880772136151791,10,25.222528,91.765256,East Khasi Hills,0,Rainfall,1
912.7345581054688,19.627382278442383,98.82862091064453,-0.0013103967066854239,10,25.24327,91.866626,East Khasi Hills,0,Rainfall,1
903.261474609375,24.78717803955078,116.35419464111328,-0.0016212856862694025,10,25.243671,91.866854,East Khasi Hills,0,Rainfall,1
971.3817749023438,22.592933654785156,235.393310546875,-0.0007366577046923339,10,25.256259,91.868197,East Khasi Hills,0,Rainfall,1
981.6477661132812,20.769489288330078,120.50037384033203,-0.0020541497506201267,30,25.257449,91.87187,East Khasi Hills,0,Rainfall,1
982.3433837890625,20.157848358154297,138.0876007080078,-0.0018694638274610043,30,25.257286,91.871763,East Khasi Hills,0,Rainfall,1
994.7930297851562,24.284542083740234,127.92875671386719,-0.00265920115634799,30,25.259326,91.872712,East Khasi Hills,0,Rainfall,1
995.8151245117188,22.16439437866211,117.73989868164062,-0.0038370199035853148,30,25.2608,91.8736,East Khasi Hills,0,Rainfall,1
1152.9779052734375,24.132410049438477,18.85661506652832,-0.0026164359878748655,10,25.282608,91.867354,East Khasi Hills,0,Rainfall,1
1150.6224365234375,15.525668144226074,297.9797668457031,-0.0032755800057202578,10,25.277215,91.865449,East Khasi Hills,0,Rainfall,1
1066.1947021484375,23.08698844909668,84.1930923461914,9.420035348739475e-05,10,25.269949,91.875273,East Khasi Hills,0,Rainfall,1
1060.2509765625,21.29327964782715,83.59662628173828,0.004659250844269991,10,25.27142,91.874884,East Khasi Hills,0,Rainfall,1
1070.7574462890625,22.566606521606445,126.00260925292969,0.0026650235522538424,30,25.27197,91.874872,East Khasi Hills,0,Rainfall,1
850.6276245117188,14.860254287719727,64.7870101928711,0.0014813572634011507,10,25.234097,91.866071,East Khasi Hills,0,Rainfall,1
789.931640625,9.696245193481445,179.78073120117188,-0.0009628802072256804,10,25.225772,91.863037,East Khasi Hills,0,Rainfall,1
559.08544921875,12.082900047302246,182.59677124023438,0.0014693604316562414,10,25.199311,91.858857,East Khasi Hills,0,Rainfall,1
693.1089477539062,7.934940338134766,117.7704849243164,0.0007756093982607126,10,25.228755,91.963018,East Khasi Hills,0,Rainfall,1
1151.087890625,12.686511039733887,80.73954772949219,0.011011039838194847,10,25.311778,91.917528,East Khasi Hills,0,,1
1100.373291015625,24.179433822631836,91.7790756225586,-0.010523717850446701,10,25.320833,91.9275,East Khasi Hills,0,Rainfall,1
1091.6396484375,26.36109733581543,83.51223754882812,-0.003896984737366438,10,25.321102,91.927514,East Khasi Hills,0,Rainfall,1
1075.3912353515625,37.08720016479492,97.56664276123047,0.0018575441790744662,10,25.322897,91.927752,East Khasi Hills,0,Rainfall,1
559.9779663085938,29.627849578857422,86.93171691894531,0.008534573018550873,10,25.332836,91.934395,East Khasi Hills,0,Rainfall,1
968.6041259765625,30.838207244873047,359.1728820800781,-0.005888998508453369,10,25.326694,91.933972,East Khasi Hills,0,Rainfall,1
1003.4378051757812,25.878459930419922,351.635498046875,-0.00939459353685379,10,25.326204,91.932463,East Khasi Hills,0,Rainfall,1
986.88818359375,33.002037048339844,341.215087890625,-0.0030388259328901768,10,25.326063,91.931808,East Khasi Hills,0,Rainfall,1
940.6307373046875,21.91465187072754,68.235595703125,-0.0006883398164063692,10,25.325889,91.935222,East Khasi Hills,0,Rainfall,1
849.4205322265625,19.04172706604004,136.5597381591797,-0.0011823961976915598,10,25.324861,91.938389,East Khasi Hills,0,Rainfall,1
823.3289794921875,22.490188598632812,191.9851531982422,-0.0029981820844113827,10,25.324583,91.940667,East Khasi Hills,0,Rainfall,1
827.4797973632812,25.432161331176758,182.20310974121094,-0.005524847656488419,10,25.324806,91.942194,East Khasi Hills,0,Rainfall,1
1028.9249267578125,35.4447135925293,144.5724639892578,0.003908426500856876,10,25.315176,91.923021,East Khasi Hills,0,Rainfall,1
1110.9508056640625,9.370957374572754,148.76104736328125,0.008868529461324215,10,25.301167,91.929306,East Khasi Hills,0,,1
1179.47509765625,26.70050811767578,347.2330017089844,0.005243703722953796,10,25.301559,91.922585,East Khasi Hills,0,Rainfall,1
1189.580078125,28.422351837158203,335.7193603515625,0.0009302978869527578,30,25.301383,91.922017,East Khasi Hills,0,Rainfall,1
1189.7989501953125,29.21929168701172,346.0046691894531,0.002444102428853512,10,25.301676,91.923138,East Khasi Hills,0,Rainfall,1
1210.3868408203125,19.24551010131836,21.19552993774414,-0.003553507151082158,10,25.301444,91.9245,East Khasi Hills,0,,1
1182.59814453125,12.948738098144531,335.41357421875,-0.006075190845876932,30,25.302544,91.925218,East Khasi Hills,0,Rainfall,1
1224.4256591796875,4.124114513397217,142.05345153808594,0.0019730825442820787,30,25.298806,91.923167,East Khasi Hills,0,,1
1107.69482421875,15.184764862060547,332.2822570800781,0.005997253581881523,10,25.294778,91.930833,East Khasi Hills,0,,1
1107.69482421875,15.184764862060547,332.2822570800781,0.005997253581881523,50,25.294601,91.930853,East Khasi Hills,0,Rainfall,1
1126.0640869140625,17.63560676574707,132.94651794433594,0.0031296731904149055,30,25.300281,91.944944,East Khasi Hills,0,Rainfall,1
838.2230224609375,14.456250190734863,141.2000732421875,-0.010562866926193237,10,25.324889,91.943417,East Khasi Hills,0,Rainfall,1
1183.2137451171875,31.505783081054688,260.5211181640625,-0.0016098973574116826,10,25.354644,91.973237,East Khasi Hills,0,Rainfall,1
1073.9591064453125,29.125457763671875,205.42355346679688,-0.009179781191051006,10,25.350166,91.972582,East Khasi Hills,0,Rainfall,1
1198.814697265625,26.353179931640625,267.4039001464844,-0.003980944864451885,10,25.362972,91.976278,East Khasi Hills,0,Rainfall,1
1193.707275390625,27.41499900817871,269.3035888671875,-0.0019760997965931892,10,25.360351,91.974979,East Khasi Hills,0,Rainfall,1
1169.2685546875,30.539823532104492,301.312255859375,0.007219146005809307,10,25.359331,91.974469,East Khasi Hills,0,Rainfall,1
1177.1357421875,30.226634979248047,338.308837890625,0.0010637223022058606,10,25.358977,91.973477,East Khasi Hills,0,,1
1363.7435302734375,14.581884384155273,196.6474151611328,-0.011834174394607544,10,25.385535,91.988473,East Khasi Hills,0,,1
1358.4537353515625,31.809947967529297,255.93063354492188,-0.0010086710099130869,10,25.38707,91.988294,East Khasi Hills,0,Rainfall,1
1438.704833984375,35.43368911743164,72.59744262695312,-0.006291674450039864,10,25.372139,91.879889,East Khasi Hills,0,,1
1488.3406982421875,22.852252960205078,57.3763313293457,-0.01045960932970047,30,25.375917,91.876,East Khasi Hills,0,Rainfall,1
1502.927978515625,28.47083854675293,168.2084503173828,0.0022609394509345293,50,25.3763,91.874028,East Khasi Hills,0,Rainfall,1
1407.668212890625,40.03145980834961,52.167842864990234,0.0076527344062924385,10,25.376083,91.876944,East Khasi Hills,0,,1
1532.1011962890625,28.394805908203125,265.8763732910156,-0.008914796635508537,30,25.383298,91.87473,East Khasi Hills,0,Rainfall,1
1511.4520263671875,37.20937728881836,280.2347412109375,-0.0034747414756566286,10,25.382428,91.874568,East Khasi Hills,0,Rainfall,1
1523.4200439453125,36.63560104370117,269.703125,-0.0007430969271808863,10,25.386191,91.874586,East Khasi Hills,0,Rainfall,1
1532.1043701171875,33.81216812133789,261.5411376953125,-0.0031723121646791697,30,25.386583,91.874694,East Khasi Hills,0,,1
1437.5401611328125,35.74067687988281,107.67933654785156,0.0032406598329544067,30,25.387781,91.877117,East Khasi Hills,0,Rainfall,1
1449.696044921875,36.051795959472656,113.08085632324219,0.000522581220138818,30,25.388039,91.8773,East Khasi Hills,0,Rainfall,1
1375.3564453125,37.31840133666992,103.44294738769531,-0.005776790902018547,10,25.382694,91.877528,East Khasi Hills,0,,1
1248.4935302734375,34.230621337890625,138.4571533203125,-0.006630143150687218,30,25.390444,91.883806,East Khasi Hills,0,Rainfall,1
1267.6689453125,29.019620895385742,97.0100326538086,-0.008834890089929104,10,25.391265,91.884164,East Khasi Hills,0,Rainfall,1
1409.256103515625,31.713823318481445,8.83395004272461,0.01877770945429802,30,25.389028,91.874917,East Khasi Hills,0,,1
1394.4483642578125,48.91477584838867,96.59922790527344,0.007579759228974581,10,25.391944,91.875028,East Khasi Hills,0,,1
1574.664306640625,34.38825607299805,98.92242431640625,-0.008889165706932545,10,25.394983,91.872484,East Khasi Hills,0,Rainfall,1
1583.6513671875,26.676498413085938,113.24578094482422,-0.009559711441397667,10,25.393914,91.872066,East Khasi Hills,0,Rainfall,1
1567.228271484375,30.49384307861328,264.2641906738281,-0.006166082341223955,10,25.390145,91.87196,East Khasi Hills,0,Rainfall,1
1587.985107421875,29.129125595092773,270.2965087890625,-0.009196379221975803,30,25.391723,91.871851,East Khasi Hills,0,Rainfall,1
1434.5157470703125,38.120826721191406,82.69912719726562,-0.0008456272189505398,10,25.364889,91.881,East Khasi Hills,0,,1
1351.827880859375,47.40742111206055,127.76692199707031,-0.0038175988011062145,30,25.36925,91.879611,East Khasi Hills,0,,1
1505.5172119140625,29.86960792541504,199.67684936523438,-0.007354659028351307,60,25.360132,91.882043,East Khasi Hills,0,Rainfall,1
1515.314453125,34.97644805908203,187.0696563720703,-0.006905188784003258,30,25.359985,91.882639,East Khasi Hills,0,Rainfall,1
1520.2530517578125,32.77302932739258,181.6857147216797,-0.008729303255677223,30,25.359922,91.882943,East Khasi Hills,0,Rainfall,1
1520.2530517578125,32.77302932739258,181.6857147216797,-0.008729303255677223,30,25.359923,91.883122,East Khasi Hills,0,Rainfall,1
1516.0721435546875,26.24529457092285,169.72691345214844,-0.01194826140999794,30,25.360004,91.8838,East Khasi Hills,0,Rainfall,1
1472.177734375,33.914424896240234,190.25479125976562,-0.007283787243068218,30,25.359306,91.885111,East Khasi Hills,0,,1
1560.483642578125,35.40861129760742,327.4811096191406,-0.011687004938721657,10,25.359611,91.889417,East Khasi Hills,0,,1
1557.1689453125,16.243244171142578,252.66903686523438,-0.0009421987924724817,50,25.351304,91.89353,East Khasi Hills,0,Rainfall,1
1526.701171875,28.919137954711914,306.8659973144531,0.00030977692222222686,50,25.34555,91.891461,East Khasi Hills,0,Rainfall,1
1518.75927734375,29.41823387145996,297.46539306640625,0.0006841616705060005,10,25.346641,91.891987,East Khasi Hills,0,Rainfall,1
1543.692626953125,21.624704360961914,291.76495361328125,-0.0048874071799218655,30,25.349742,91.893423,East Khasi Hills,0,Rainfall,1
1519.5003662109375,20.48674774169922,270.6831970214844,-0.00039114555693231523,10,25.34815,91.892506,East Khasi Hills,0,Rainfall,1
1569.242919921875,2.9874298572540283,150.03636169433594,0.0006188130937516689,30,25.345611,91.895,East Khasi Hills,0,,1
1443.9483642578125,14.829683303833008,280.98443603515625,0.0014916617656126618,50,25.32765,91.893414,East Khasi Hills,0,Rainfall,1
1753.16162109375,39.683963775634766,120.92021179199219,-0.006543007213622332,10,25.415438,91.867487,East Khasi Hills,0,Rainfall,1
1642.0821533203125,45.98161697387695,21.106277465820312,0.006833115592598915,10,25.413306,91.871139,East Khasi Hills,0,,1
1577.839599609375,15.330259323120117,46.280479431152344,-0.008780967444181442,10,25.397287,91.872324,East Khasi Hills,0,Rainfall,1
1661.1942138671875,44.78040313720703,170.00587463378906,0.006673112511634827,10,25.438495,91.862917,East Khasi Hills,0,Rainfall,1
1671.4068603515625,24.04627799987793,22.47418212890625,-0.011048565618693829,10,25.422194,91.869222,East Khasi Hills,0,,1
1570.4393310546875,30.297231674194336,39.54972839355469,0.003110041143372655,10,25.425944,91.866,East Khasi Hills,0,,1
1743.3076171875,26.77142333984375,124.48137664794922,0.0021046334877610207,30,25.423839,91.862729,East Khasi Hills,0,Rainfall,1
1601.114990234375,30.753324508666992,70.53952026367188,0.0018993956036865711,10,25.430167,91.866528,East Khasi Hills,0,,1
1629.2911376953125,27.193838119506836,73.19033813476562,0.0047933729365468025,10,25.43561,91.862056,Jaintial hills,0,,1
1808.664306640625,26.34931182861328,2.5566306114196777,-0.0024834992364048958,50,25.437036,91.857168,East Khasi Hills,0,Rainfall,1
1719.5831298828125,14.305615425109863,220.35826110839844,0.00470430962741375,30,25.461894,91.830791,East Khasi Hills,0,Rainfall,1
1767.5028076171875,14.95690631866455,308.7390441894531,0.0016669470351189375,50,25.452164,91.819054,East Khasi Hills,0,Rainfall,1
1781.279296875,12.973350524902344,11.674477577209473,0.003607595106586814,10,25.449349,91.817118,East Khasi Hills,0,Rainfall,1
1781.132080078125,18.41041374206543,99.17877197265625,0.0029861838556826115,30,25.450628,91.817767,East Khasi Hills,0,Rainfall,1
1703.4970703125,23.016923904418945,312.8631896972656,0.0020602159202098846,30,25.49137,91.821688,East Khasi Hills,0,Rainfall,1
1282.336669921875,28.38702392578125,290.92315673828125,-0.01094035990536213,30,25.571256,91.825464,East Khasi Hills,0,Rainfall,1
1282.548583984375,34.2017822265625,334.43414306640625,-0.00589201133698225,10,25.571555,91.826228,East Khasi Hills,0,Rainfall,1
1371.9097900390625,34.860374450683594,312.63623046875,-0.006839374545961618,30,25.573653,91.831023,East Khasi Hills,0,Rainfall,1
1367.6434326171875,32.9306755065918,331.2344970703125,-0.006288344040513039,10,25.57428,91.831851,East Khasi Hills,0,Rainfall,1
1464.219970703125,20.493154525756836,64.60092163085938,0.00916666816920042,30,25.568837,91.833286,East Khasi Hills,0,Rainfall,1
1443.149169921875,20.66114616394043,86.31192779541016,-0.006934066768735647,30,25.571299,91.833183,East Khasi Hills,0,Rainfall,1
1336.3707275390625,37.208683013916016,337.7361145019531,-0.0047662160359323025,10,25.57255,91.828833,East Khasi Hills,0,Rainfall,1
1311.1197509765625,34.216068267822266,318.75567626953125,0.004911959171295166,10,25.571747,91.827526,East Khasi Hills,0,Rainfall,1
1334.302734375,37.09015655517578,313.7988586425781,-0.004283558577299118,10,25.572312,91.828292,East Khasi Hills,0,Rainfall,1
1447.53271484375,7.779297351837158,295.6661071777344,0.005492049269378185,10,25.57822,91.86545,East Khasi Hills,0,,1
1834.1285400390625,17.823490142822266,59.02446365356445,-0.0021470235660672188,30,25.522768,91.892701,East Khasi Hills,0,Rainfall,1
1748.5186767578125,15.243753433227539,25.46849250793457,-0.003674797946587205,10,25.529056,91.923722,East Khasi Hills,0,,1
1770.6251220703125,17.901994705200195,112.53424835205078,-0.004157707095146179,10,25.5275,91.918861,East Khasi Hills,0,,1
1540.052001953125,5.4303364753723145,323.61260986328125,-0.0008021826506592333,50,25.56667,91.90194,East Khasi Hills,0,,1
1491.270263671875,11.763472557067871,19.694133758544922,0.00639818562194705,10,25.59578,91.917379,East Khasi Hills,0,Rainfall,1
1641.7705078125,6.3384785652160645,27.013551712036133,-0.0005745596718043089,40,25.536972,91.973639,East Khasi Hills,0,,1
1432.1114501953125,39.91707992553711,285.42596435546875,-0.0021570445969700813,10,25.39897,91.993367,East Khasi Hills,0,,1
1508.8787841796875,12.583181381225586,248.53826904296875,0.007523890119045973,10,25.407917,91.998889,East Khasi Hills,0,Rainfall,1
1221.956787109375,47.48493576049805,298.7614440917969,-0.010121436789631844,10,25.400194,92.015731,West Jaintia Hills,0,Rainfall,1
1460.8438720703125,12.720683097839355,36.35741424560547,0.0024702902883291245,10,25.463778,92.04425,West Jaintia Hills,0,Rainfall,1
1223.822021484375,21.279659271240234,327.4014587402344,0.0028766863979399204,30,25.490961,92.070397,West Jaintia Hills,0,Rainfall,1
1242.6842041015625,17.40959930419922,321.9721984863281,0.0005391137092374265,30,25.489833,92.069033,East Khasi Hills,0,Rainfall,1
1222.0633544921875,18.819337844848633,333.1277160644531,-0.0007009896216914058,30,25.490472,92.069472,West Jaintia Hills,0,Rainfall,1
1218.7926025390625,17.992733001708984,329.1858825683594,-0.0016676945379003882,30,25.490475,92.069278,West Jaintia Hills,0,Rainfall,1
1412.463623046875,23.79916000366211,97.082763671875,0.0009548871894367039,10,25.541611,92.0125,East Khasi Hills,0,Rainfall,1
1535.03271484375,23.498977661132812,315.9734802246094,-0.0012150934198871255,50,25.539611,92.001556,East Khasi Hills,0,Rainfall,1
985.3244018554688,39.23724365234375,138.42495727539062,0.003277271520346403,30,25.592972,92.055139,East Khasi Hills,0,Rainfall,1
1161.8828125,13.354619026184082,138.5657501220703,-0.001138394931331277,50,25.582167,92.058333,East Khasi Hills,0,Rainfall,1
1163.47119140625,8.780401229858398,70.27098846435547,-0.0054688360542058945,10,25.576203,92.057722,East Khasi Hills,0,Rainfall,1
1178.86474609375,18.708593368530273,339.99560546875,0.00287591852247715,50,25.57395,92.058583,East Khasi Hills,0,Rainfall,1
1232.1668701171875,9.284339904785156,226.9670867919922,0.006235240027308464,10,25.53458,92.11539,Jaintial hills,0,,1
1131.4117431640625,13.920459747314453,92.26832580566406,0.000820221146568656,10,25.54261,92.10867,East Khasi Hills,0,,1
1283.1336669921875,18.92794418334961,23.22782325744629,-0.004580484703183174,50,25.545083,92.103175,East Khasi Hills,0,Rainfall,1
1248.9549560546875,24.837087631225586,348.8719787597656,-0.0003050022351089865,50,25.545139,92.104778,East Khasi Hills,0,Rainfall,1
1269.8665771484375,29.830535888671875,139.47836303710938,-0.004447924438863993,10,25.54328,92.10478,East Khasi Hills,0,,1
1284.0887451171875,24.014516830444336,342.4941711425781,0.0033401018008589745,10,25.544506,92.102033,East Khasi Hills,0,Rainfall,1
1331.9547119140625,8.773449897766113,113.55257415771484,-0.006761355325579643,10,25.54264,92.10214,East Khasi Hills,0,,1
1333.2667236328125,18.98261833190918,323.4271545410156,-0.003931259736418724,10,25.54231,92.1,East Khasi Hills,0,,1
1301.543212890625,22.539520263671875,331.4873046875,0.002209298312664032,50,25.542806,92.096972,East Khasi Hills,0,Rainfall,1
1293.97900390625,24.271228790283203,359.839111328125,0.0046178908087313175,50,25.542694,92.096472,East Khasi Hills,0,Rainfall,1
1316.311279296875,10.11523151397705,34.32655334472656,-0.0015704362886026502,30,25.54261,92.09842,Jaintial hills,0,,1
1079.26220703125,14.682696342468262,258.8005676269531,-0.006131721194833517,10,25.450464,92.095806,West Jaintia Hills,0,Rainfall,1
1140.2144775390625,10.597203254699707,282.9884948730469,0.0005534145166166127,10,25.312667,92.130417,West Jaintia Hills,0,Rainfall,1
973.5841674804688,38.73868179321289,207.56497192382812,0.0036402393598109484,10,25.358972,92.003131,West Jaintia Hills,0,Rainfall,1
907.5286865234375,35.85833740234375,196.06405639648438,-0.0025114009622484446,10,25.356361,92.004972,West Jaintia Hills,0,Rainfall,1
911.9069213867188,37.166969299316406,197.9970703125,0.007337750401347876,10,25.356461,92.006278,West Jaintia Hills,0,Rainfall,1
1105.075439453125,44.870540618896484,238.26559448242188,0.006893902085721493,10,25.347353,92.010558,West Jaintia Hills,0,Rainfall,1
1011.38134765625,34.10261154174805,223.34072875976562,-0.0036772857420146465,30,25.347444,92.007917,West Jaintia Hills,0,Rainfall,1
980.3167114257812,36.714637756347656,213.2834014892578,0.00011962748249061406,10,25.346972,92.008278,West Jaintia Hills,0,Rainfall,1
846.64404296875,38.000999450683594,211.41937255859375,0.004337572492659092,30,25.346111,92.00675,West Jaintia Hills,0,Rainfall,1
1043.35205078125,30.57578468322754,212.40521240234375,0.002339406870305538,10,25.341306,92.009611,West Jaintia Hills,0,Rainfall,1
1232.71533203125,18.025070190429688,47.35519790649414,0.008627131581306458,10,25.343028,92.0625,West Jaintia Hills,0,Rainfall,1
1225.1268310546875,12.058650970458984,25.630613327026367,-5.4581963922828436e-05,10,25.343528,92.069028,West Jaintia Hills,0,Rainfall,1
573.04443359375,12.39345645904541,179.80982971191406,0.002021418185904622,10,25.21225,92.047306,West Jaintia Hills,2016,Rainfall,1
588.4806518554688,14.629227638244629,218.01199340820312,-0.0014560254057869315,10,25.214153,92.045428,West Jaintia Hills,2016,Rainfall,1
683.2260131835938,10.720158576965332,169.0703125,-0.0033777044154703617,10,25.215583,92.077639,West Jaintia Hills,0,Rainfall,1
682.199462890625,15.793462753295898,187.44740295410156,-0.0033934805542230606,10,25.215611,92.077361,West Jaintia Hills,0,Rainfall,1
668.3378295898438,19.461387634277344,172.7650604248047,0.0009685993427410722,10,25.214944,92.073917,West Jaintia Hills,2016,Rainfall,1
668.6262817382812,15.655743598937988,187.87066650390625,-0.001438862644135952,10,25.215028,92.075167,West Jaintia Hills,0,Rainfall,1
624.3072509765625,25.146310806274414,172.81838989257812,-0.00028630183078348637,10,25.211814,92.065517,West Jaintia Hills,0,Rainfall,1
609.8051147460938,25.800392150878906,163.8824920654297,0.0019794779364019632,10,25.211722,92.065389,West Jaintia Hills,2016,Rainfall,1
801.3463134765625,13.68185043334961,178.42660522460938,0.0007642597192898393,10,25.236428,92.096172,West Jaintia Hills,2015,Rainfall,1
806.8598022460938,13.898641586303711,134.71517944335938,0.0009849558118730783,10,25.237361,92.096992,West Jaintia Hills,2015,Rainfall,1
790.3275756835938,8.999324798583984,111.81682586669922,0.001097835716791451,30,25.234922,92.095531,West Jaintia Hills,2015,Rainfall,1
765.7354736328125,18.814542770385742,132.3695526123047,0.0010979622602462769,10,25.226806,92.090611,West Jaintia Hills,2015,Rainfall,1
879.81494140625,11.213386535644531,62.96034622192383,-0.0027817226946353912,10,25.247014,92.096144,West Jaintia Hills,0,Rainfall,1
535.5482788085938,15.101439476013184,191.72137451171875,0.00030102545861154795,10,25.191611,92.155361,West Jaintia Hills,2016,Rainfall,1
38.33323287963867,17.272613525390625,38.07039260864258,-0.003196949139237404,10,25.156419,92.141353,West Jaintia Hills,2016,Rainfall,1
37.82273483276367,25.42527961730957,1.400801658630371,-0.0001334525877609849,10,25.143375,92.141861,West Jaintia Hills,2010,Rainfall,1
97.38469696044922,41.64197540283203,340.6319885253906,0.001352469320409,10,25.189106,92.079564,West Jaintia Hills,2010,Rainfall,1
63.19550323486328,24.68890953063965,143.44361877441406,0.0004214444197714329,10,25.188444,92.074139,West Jaintia Hills,0,Rainfall,1
32.30810546875,15.651015281677246,222.36856079101562,0.00015605942462570965,10,25.184381,92.029531,East Khasi Hills,2005,Rainfall,1
170.35800170898438,10.818635940551758,146.87835693359375,3.554124850779772e-05,10,25.191111,92.003389,East Khasi Hills,2016,,1
165.14920043945312,29.132417678833008,2.253100633621216,0.005074571818113327,10,25.148158,92.177172,West Jaintia Hills,2016,Rainfall,1
163.63819885253906,29.180864334106445,23.725786209106445,0.004622200503945351,10,25.148303,92.176236,West Jaintia Hills,2016,Rainfall,1
143.2187042236328,26.810747146606445,329.9649353027344,0.004852196201682091,10,25.148747,92.175119,West Jaintia Hills,2016,Rainfall,1
158.7769012451172,30.52351951599121,359.2652587890625,0.0057248566299676895,10,25.148019,92.178114,West Jaintia Hills,2016,Rainfall,1
163.83865356445312,32.32268524169922,327.56982421875,-0.001496029319241643,10,25.148083,92.180639,West Jaintia Hills,2016,Rainfall,1
155.37405395507812,29.016359329223633,35.41999053955078,0.0004631174961104989,10,25.147942,92.181586,West Jaintia Hills,2016,Rainfall,1
141.3481903076172,13.214838981628418,207.43731689453125,0.0034344270825386047,10,25.152367,92.195708,West Jaintia Hills,2016,Rainfall,1
160.22779846191406,28.701160430908203,336.3106689453125,0.00435103103518486,10,25.151189,92.191308,West Jaintia Hills,0,Rainfall,1
81.13247680664062,30.650680541992188,173.47213745117188,0.004924148321151733,10,25.159367,92.202078,West Jaintia Hills,2016,Rainfall,1
60.181861877441406,15.002979278564453,28.859060287475586,-0.0019215631764382124,10,25.156889,92.198194,West Jaintia Hills,0,Rainfall,1
59.84312057495117,19.45152473449707,26.216590881347656,0.0016544621903449297,10,25.156542,92.198469,West Jaintia Hills,2016,Rainfall,1
78.79927062988281,29.685161590576172,63.132118225097656,0.005461202934384346,10,25.153272,92.206058,West Jaintia Hills,2016,Rainfall,1
48.10209655761719,17.795940399169922,168.31373596191406,-0.0009300058009102941,10,25.150286,92.213508,West Jaintia Hills,2016,Rainfall,1
66.23914337158203,35.10611343383789,298.25189208984375,0.0018330984748899937,10,25.14965,92.214519,East Jaintia Hills,2016,Rainfall,1
109.54411315917969,30.414493560791016,344.65533447265625,0.002202077303081751,10,25.143969,92.217497,East Jaintia Hills,2016,Rainfall,1
95.67261505126953,19.434587478637695,18.844877243041992,-0.0016540266806259751,10,25.157592,92.239928,East Jaintia Hills,2016,Rainfall,1
149.2628173828125,37.69328689575195,288.7494812011719,0.006055653560906649,10,25.136047,92.222064,East Jaintia Hills,2016,Rainfall,1
134.08905029296875,33.793724060058594,228.0006561279297,0.00046820775605738163,10,25.133289,92.225272,East Jaintia Hills,2015,Rainfall,1
169.22898864746094,26.677520751953125,198.8605194091797,-0.011389218270778656,10,25.133911,92.222392,East Jaintia Hills,2015,Rainfall,1
129.38174438476562,24.10392189025879,355.5020446777344,0.0004307979252189398,10,25.122381,92.243069,East Jaintia Hills,2016,Rainfall,1
92.22272491455078,26.286949157714844,93.90513610839844,0.004298831336200237,10,25.114997,92.358378,East Jaintia Hills,2014,Rainfall,1
181.67135620117188,31.601104736328125,106.68936920166016,-0.006858339533209801,10,25.117453,92.35705,East Jaintia Hills,2015,Rainfall,1
168.10311889648438,23.710111618041992,125.4263916015625,0.013566583395004272,10,25.093078,92.348025,East Jaintia Hills,2016,Rainfall,1
247.1236572265625,27.87947654724121,88.8947982788086,0.0053870100528001785,10,25.113475,92.350506,East Jaintia Hills,2013,Rainfall,1
232.41380310058594,32.889556884765625,114.96118927001953,0.012326696887612343,10,25.112806,92.350194,East Jaintia Hills,2016,Rainfall,1
263.0880126953125,41.14282989501953,48.828800201416016,-0.0004724044119939208,10,25.111331,92.351128,East Jaintia Hills,0,Rainfall,1
107.40693664550781,36.244449615478516,323.402099609375,0.0032227595802396536,10,25.097997,92.355972,East Jaintia Hills,2015,Rainfall,1
145.04312133789062,35.471282958984375,83.85674285888672,-0.010685661807656288,10,25.096592,92.351017,East Jaintia Hills,2016,Rainfall,1
124.52194213867188,46.75627899169922,286.84771728515625,-0.004721646662801504,10,25.092981,92.353708,East Jaintia Hills,2015,Rainfall,1
161.07740783691406,37.48749542236328,96.03894805908203,-0.002243442926555872,10,25.095131,92.350111,East Jaintia Hills,2014,Rainfall,1
134.6744384765625,31.268829345703125,253.06869506835938,-0.008143355138599873,10,25.092178,92.353564,East Jaintia Hills,2014,Rainfall,1
152.607666015625,36.0748291015625,228.75047302246094,0.005223547108471394,10,25.09178,92.35469,East Jaintia Hills,2018,Incessant rainfall prior to the failure reported (as per local media),1
192.4365997314453,24.62376594543457,183.9984893798828,0.0042291139252483845,10,25.092083,92.35925,East Jaintia Hills,2016,Rainfall,1
181.79515075683594,37.21367645263672,174.79469299316406,0.0015167827950790524,10,25.091361,92.356889,East Jaintia Hills,2016,Rainfall,1
226.83164978027344,35.7901496887207,307.1083679199219,0.003843083744868636,10,25.087917,92.357906,East Jaintia Hills,2014,Rainfall,1
354.5598449707031,9.24758243560791,174.48236083984375,-0.005855158902704716,10,25.08586,92.35869,Jaintial hills,0,,1
235.59326171875,41.251182556152344,110.5397720336914,-0.006012254860252142,10,25.079722,92.359361,East Jaintia Hills,2013,Rainfall,1
234.14956665039062,38.00830078125,120.67852020263672,-0.0073331668972969055,10,25.079028,92.359111,East Jaintia Hills,2014,Rainfall,1
133.76010131835938,21.75473403930664,178.72279357910156,0.011011626571416855,10,25.084611,92.335667,East Jaintia Hills,2016,Rainfall,1
307.8324890136719,30.129783630371094,122.05865478515625,-0.0047404831275343895,10,25.038186,92.440725,East Jaintia Hills,2014,Rainfall,1
307.6812438964844,30.443052291870117,147.81918334960938,-0.0036835605278611183,10,25.037833,92.440417,East Jaintia Hills,2014,Rainfall,1
332.633056640625,30.89659881591797,159.46676635742188,0.0017814480233937502,10,25.037722,92.439556,East Jaintia Hills,2016,Rainfall,1
319.0567932128906,25.3105411529541,244.5708770751953,-0.0002439454838167876,50,25.038361,92.43675,East Jaintia Hills,2016,Rainfall,1
371.2134704589844,25.485315322875977,242.8271026611328,-0.0106740053743124,50,25.034289,92.435222,East Jaintia Hills,2015,Rainfall,1
364.4747009277344,21.69705581665039,217.98316955566406,-0.007106543518602848,10,25.033514,92.435539,East Jaintia Hills,2016,Rainfall,1
338.8247375488281,33.97047424316406,111.05878448486328,-0.006238630972802639,10,25.033628,92.439331,East Jaintia Hills,2016,Rainfall,1
78.20349884033203,28.32095718383789,217.27976989746094,0.004483114928007126,10,25.045389,92.410444,East Jaintia Hills,2014,Rainfall,1
81.59207153320312,28.16405487060547,210.17100524902344,0.0005627742502838373,10,25.046181,92.408878,East Jaintia Hills,2016,Rainfall,1
61.00989532470703,26.40481948852539,351.33905029296875,0.010442577302455902,10,25.047444,92.409156,East Jaintia Hills,0,Rainfall,1
166.0175323486328,33.52355194091797,198.73828125,0.013043496757745743,10,25.045386,92.420764,East Jaintia Hills,2016,Rainfall,1
164.1908416748047,35.78569793701172,203.55177307128906,0.0037905063945800066,10,25.045111,92.4215,East Jaintia Hills,2016,Rainfall,1
161.7945556640625,21.146902084350586,108.61520385742188,0.011037042364478111,10,25.044947,92.420261,East Jaintia Hills,0,Rainfall,1
159.63050842285156,27.518964767456055,221.29029846191406,0.0058492012321949005,10,25.044056,92.418778,East Jaintia Hills,2015,Rainfall,1
204.31932067871094,34.73311233520508,253.30157470703125,-0.002810522448271513,50,25.043914,92.423556,East Jaintia Hills,2015,Rainfall,1
213.55023193359375,32.661224365234375,283.6003723144531,-0.006420955993235111,10,25.044733,92.423675,East Jaintia Hills,2015,Rainfall,1
231.91317749023438,29.759611129760742,276.961181640625,-0.0108364038169384,10,25.044417,92.423908,East Jaintia Hills,2016,Rainfall,1
206.6108856201172,34.300838470458984,159.60787963867188,-0.0003535191935952753,10,25.043667,92.425444,East Jaintia Hills,2016,Rainfall,1
226.4727325439453,14.999471664428711,173.1093292236328,0.002445073099806905,10,25.044442,92.427761,East Jaintia Hills,2016,Rainfall,1
271.5523376464844,36.84226989746094,208.59446716308594,0.009019332937896252,10,25.042778,92.432472,East Jaintia Hills,2015,Rainfall,1
291.00006103515625,42.17794418334961,172.72921752929688,0.002714060479775071,10,25.042408,92.434525,East Jaintia Hills,2015,Rainfall,1
258.9646301269531,43.3489875793457,255.4053955078125,0.0025005084462463856,10,25.044136,92.430244,East Jaintia Hills,2016,Rainfall,1
268.1365966796875,41.21016311645508,264.83642578125,0.005244682542979717,10,25.044778,92.430333,East Jaintia Hills,2015,Rainfall,1
233.08987426757812,22.32087516784668,170.88853454589844,0.00686025433242321,10,25.044833,92.429333,East Jaintia Hills,2015,Rainfall,1
286.5806884765625,39.29591751098633,184.50393676757812,0.0075337509624660015,10,25.042556,92.435028,East Jaintia Hills,2016,Rainfall,1
315.4613037109375,30.658231735229492,333.1548767089844,0.0006038795690983534,10,25.039097,92.436869,East Jaintia Hills,0,Rainfall,1
279.3470153808594,28.224729537963867,201.47325134277344,0.002336836187168956,10,25.042189,92.441964,East Jaintia Hills,2015,Rainfall,1
309.2480773925781,28.102933883666992,249.41836547851562,-0.004279769957065582,10,25.040511,92.446119,East Jaintia Hills,2015,Rainfall,1
60.39137268066406,10.353431701660156,188.54116821289062,0.0051714167930185795,10,25.052236,92.399047,East Jaintia Hills,2016,Rainfall,1
72.09217834472656,9.857726097106934,217.36839294433594,0.00020316090376581997,10,25.049744,92.400678,East Jaintia Hills,2016,Rainfall,1
83.77098846435547,8.75688362121582,222.2586669921875,-0.005584273487329483,10,25.047194,92.404806,East Jaintia Hills,2016,Rainfall,1
84.94139862060547,13.364350318908691,60.62491226196289,-0.006454864051192999,10,25.047906,92.404822,East Jaintia Hills,0,Rainfall,1
74.03426361083984,23.452842712402344,37.38182830810547,-0.006100299768149853,10,25.047556,92.405806,East Jaintia Hills,2015,Rainfall,1
82.25994873046875,10.609725952148438,203.38201904296875,-0.0008983601583167911,10,25.056022,92.394119,East Jaintia Hills,2016,Rainfall,1
48.3607177734375,18.090373992919922,338.36944580078125,-0.003846152685582638,10,25.062025,92.386975,East Jaintia Hills,2013,Rainfall,1
165.81741333007812,25.87000846862793,161.65921020507812,0.0012708499561995268,10,25.075567,92.363317,East Jaintia Hills,2014,Rainfall,1
134.79428100585938,29.388431549072266,100.24486541748047,0.004143940284848213,10,25.075167,92.370953,East Jaintia Hills,2014,Rainfall,1
82.30931854248047,29.35101890563965,143.24295043945312,0.00847475416958332,10,25.073731,92.370786,East Jaintia Hills,2015,Rainfall,1
121.34263610839844,18.451635360717773,217.6630859375,-0.005212831310927868,50,25.073,92.368778,East Jaintia Hills,2015,Rainfall,1
67.92515563964844,18.139047622680664,55.83721160888672,-0.008150921203196049,10,25.068158,92.380058,East Jaintia Hills,2016,Rainfall,1
79.25020599365234,23.52998924255371,171.23214721679688,-0.0016339601716026664,10,25.073217,92.372161,East Jaintia Hills,2014,Rainfall,1
125.09391021728516,25.526960372924805,114.47493743896484,-0.000279031228274107,10,25.074439,92.371186,East Jaintia Hills,0,Rainfall,1
187.87017822265625,28.482297897338867,264.73187255859375,-0.0027555895503610373,10,25.079,92.361667,East Jaintia Hills,2015,Rainfall,1
212.1465606689453,22.950889587402344,81.32022857666016,0.0003282501420471817,10,25.081381,92.359972,East Jaintia Hills,2014,Rainfall,1
223.6521759033203,28.2556209564209,100.49331665039062,0.0026844972744584084,10,25.083061,92.360322,East Jaintia Hills,2015,Rainfall,1
201.08250427246094,14.448759078979492,255.22732543945312,0.016049731522798538,10,25.083361,92.361083,East Jaintia Hills,2016,Rainfall,1
326.2752685546875,40.68799591064453,300.1880798339844,0.009125805459916592,10,25.104417,92.365028,East Jaintia Hills,1989,Rainfall,1
90.24060821533203,26.0269832611084,144.88467407226562,0.000636078417301178,10,25.113586,92.370594,East Jaintia Hills,2014,Rainfall,1
29.468242645263672,23.158166885375977,142.96978759765625,0.006176925729960203,10,25.11303,92.37394,East Jaintia Hills,0,Heavy rainfall,1
107.13436126708984,30.77978515625,129.700439453125,-0.008336600847542286,10,25.126972,92.388083,East Jaintia Hills,2016,Rainfall,1
119.63995361328125,30.73341178894043,313.7134704589844,-0.006154927890747786,10,25.12186,92.388583,Jaintial hills,0,,1
135.7313995361328,41.04691696166992,71.18135070800781,-0.006545389071106911,10,25.129169,92.388306,East Jaintia Hills,2016,Rainfall,1
165.2327117919922,21.335363388061523,20.955446243286133,0.006660439074039459,10,25.134194,92.383528,Jaintial hills,0,,1
240.74295043945312,35.64228057861328,24.14990234375,-0.005333694629371166,10,25.134293,92.38155,East Jaintia Hills,2010,Rainfall,1
199.92092895507812,39.009727478027344,58.78479766845703,0.004491202998906374,10,25.134972,92.380278,East Jaintia Hills,2014,Rainfall,1
287.6004638671875,20.93761444091797,23.803245544433594,0.009381070733070374,10,25.149603,92.367964,East Jaintia Hills,0,Rainfall,1
262.1527404785156,14.318511962890625,131.93678283691406,-0.0012570149265229702,10,25.14775,92.375528,East Jaintia Hills,2016,Rainfall,1
421.0826416015625,34.361637115478516,146.2298583984375,-0.0030996580608189106,10,25.165222,92.388389,East Jaintia Hills,2016,Rainfall,1
410.17926025390625,33.5048828125,150.63880920410156,-0.0038466528058052063,10,25.165028,92.388056,East Jaintia Hills,2016,Rainfall,1
349.6092529296875,10.138422012329102,172.2087860107422,-0.005630874540656805,10,25.164133,92.417747,East Jaintia Hills,2016,Rainfall,1
1134.285400390625,11.865473747253418,25.649032592773438,-0.0046044010668993,30,25.333758,92.589778,East Jaintia Hills,0,Rainfall & anthropogenic,1
1091.23583984375,21.922077178955078,311.71722412109375,-0.0003253944159951061,10,25.343939,92.5849,East Jaintia Hills,0,Rainfall & anthropogenic,1
1084.0155029296875,22.43012046813965,314.4501953125,0.0035257190465927124,10,25.343111,92.584269,East Jaintia Hills,0,Rainfall & anthropogenic,1
1104.5557861328125,16.061086654663086,228.3938446044922,0.0006856612744741142,30,25.339339,92.584781,East Jaintia Hills,0,Rainfall & anthropogenic,1
1069.384765625,17.56464195251465,326.1912536621094,-0.0010669524781405926,10,25.342269,92.58225,East Jaintia Hills,0,Rainfall & anthropogenic,1
998.1915893554688,14.57516860961914,170.30287170410156,-0.0006379997357726097,30,25.35465,92.5735,East Jaintia Hills,0,Rainfall,1
988.341064453125,12.388218879699707,166.4529266357422,-0.001411012257449329,30,25.354239,92.572861,East Jaintia Hills,0,Rainfall & anthropogenic,1
1046.509765625,8.54135799407959,53.18667984008789,-0.0026842071674764156,10,25.375806,92.609725,East Jaintia Hills,0,Anthropogenic,1
1037.159423828125,15.079872131347656,59.77540969848633,-0.0024702579248696566,30,25.375719,92.610181,East Jaintia Hills,0,Anthropogenic,1
1066.44921875,8.397493362426758,76.3584213256836,-0.0022363970056176186,10,25.363156,92.618839,East Jaintia Hills,0,Anthropogenic,1
1151.0487060546875,14.685528755187988,100.59422302246094,0.0020875269547104836,30,25.309969,92.69525,East Jaintia Hills,0,Rainfall & anthropogenic,1
942.6187133789062,30.351877212524414,321.4429931640625,0.004376211203634739,10,25.316519,92.692311,East Jaintia Hills,0,Rainfall & anthropogenic,1
932.5476684570312,30.780235290527344,336.4881591796875,0.005126025527715683,10,25.316519,92.692,East Jaintia Hills,0,Rainfall & anthropogenic,1
917.4197387695312,22.077682495117188,323.82281494140625,0.0011745301308110356,10,25.316589,92.687186,East Jaintia Hills,0,Rainfall & anthropogenic,1
903.9017333984375,20.46624755859375,136.2998504638672,0.005274267867207527,10,25.318161,92.687219,East Jaintia Hills,0,Rainfall & anthropogenic,1
904.77392578125,15.018290519714355,104.76912689208984,0.008348151110112667,30,25.316069,92.685461,East Jaintia Hills,0,Rainfall & anthropogenic,1
832.5223999023438,15.125882148742676,307.7973937988281,-0.0050613004714250565,10,25.571,92.55128,West Jaintia Hills,0,Heavy rainfall,1
1168.464599609375,4.997605323791504,359.9469909667969,-0.00036943540908396244,10,25.529408,92.455339,West Jaintia hills,0,Anthropogenic,1
1243.7596435546875,16.51907730102539,330.29351806640625,-0.00487517798319459,10,25.527489,92.415139,West Jaintia hills,0,Rainfall & anthropogenic,1
1118.6190185546875,6.174161434173584,231.36871337890625,-0.0015048893401399255,10,25.484178,92.510928,East Jaintia Hills,0,Slope cutting,1
1018.2808837890625,14.251399993896484,148.75927734375,0.0016075531020760536,30,25.36565,92.5314,East Jaintia Hills,0,Rainfall & anthropogenic,1
1172.78955078125,8.091361999511719,322.17425537109375,-0.0032811679411679506,30,25.35093,92.51236,East Jaintia Hills,0,Rainfall,1
1155.2060546875,16.12513542175293,317.31536865234375,-0.0010951701551675797,30,25.352431,92.513478,East Jaintia Hills,0,Rainfall & anthropogenic,1
1139.3890380859375,17.014774322509766,97.18358612060547,-0.0017820586217567325,10,25.321975,92.504228,East Jaintia Hills,0,Rainfall & anthropogenic,1
644.5436401367188,24.967628479003906,138.08660888671875,0.00011839158833026886,10,25.192422,92.37705,East Jaintia Hills,2016,Rainfall,1
884.0173950195312,21.583263397216797,43.846046447753906,-0.0006743307458236814,10,25.264575,92.381497,East Jaintia Hills,2016,Rainfall,1
830.1764526367188,10.044466972351074,288.6810302734375,0.0010461527854204178,50,25.258603,92.38555,East Jaintia Hills,2016,Rainfall,1
837.7393798828125,17.893625259399414,69.76380920410156,0.0006163498037494719,10,25.261117,92.385231,East Jaintia Hills,2016,Rainfall,1
848.3239135742188,23.1334228515625,66.66741180419922,-0.0021424232982099056,30,25.2625,92.384639,East Jaintia Hills,2016,Rainfall,1
908.23046875,19.964967727661133,297.1116027832031,0.0015139097813516855,30,25.280528,92.380042,East Jaintia Hills,2014,Rainfall,1
864.747802734375,10.013934135437012,259.1729736328125,0.003633076325058937,10,25.274,92.373944,East Jaintia Hills,2016,Rainfall,1
912.0930786132812,19.95216178894043,241.93077087402344,-0.0010379675077274442,50,25.297628,92.387525,East Jaintia Hills,2016,Rainfall,1
944.1246337890625,16.654163360595703,215.13766479492188,-0.0008635638514533639,30,25.282267,92.341433,East Jaintia Hills,2016,Rainfall,1
854.5231323242188,28.9805965423584,90.58305358886719,-0.004489020444452763,30,25.281122,92.345397,East Jaintia Hills,2016,Rainfall,1
564.0171508789062,9.44321346282959,144.1071014404297,0.00012433086521923542,10,25.197283,92.2225,West Jaintia Hills,2016,Rainfall,1
456.81640625,29.058731079101562,43.80324172973633,-0.006758526898920536,10,25.229167,92.2235,West Jaintia Hills,2016,Rainfall,1
409.16375732421875,30.31918716430664,3.366143226623535,-0.003620780073106289,10,25.229972,92.223278,West Jaintia Hills,2016,Rainfall,1
422.5379943847656,24.704505920410156,24.9564151763916,0.004216611385345459,10,25.230047,92.221119,West Jaintia Hills,2016,Rainfall,1
396.86932373046875,23.33080291748047,123.7862319946289,0.005406923592090607,10,25.231383,92.2215,West Jaintia Hills,2016,Rainfall,1
662.4202880859375,17.4268856048584,225.3966522216797,-0.003429724834859371,10,25.233583,92.209583,West Jaintia Hills,2015,Rainfall,1
612.5703125,19.401273727416992,262.4927673339844,-0.0020388970151543617,10,25.197283,92.1991,West Jaintia Hills,2016,Rainfall,1
631.8499145507812,21.69579315185547,268.15777587890625,-0.0019426296930760145,10,25.200333,92.200472,West Jaintia Hills,2016,Rainfall,1
644.1536865234375,13.512354850769043,295.5152587890625,-0.0026623569428920746,10,25.202886,92.201147,West Jaintia Hills,2016,Rainfall,1
680.9143676757812,9.227522850036621,319.45458984375,-0.0043610162101686,10,25.206972,92.208028,West Jaintia Hills,2016,Rainfall,1
741.2230224609375,8.968454360961914,135.96876525878906,0.0031103678047657013,10,25.228472,92.187806,West Jaintia Hills,2016,Rainfall,1
787.7659912109375,11.483295440673828,320.4588928222656,0.0005013837944716215,30,25.232417,92.178881,West Jaintia Hills,2016,Rainfall,1
715.2608642578125,29.596233367919922,299.3734130859375,-0.0021257963962852955,10,25.266067,92.204897,West Jaintia Hills,0,Rainfall,1
665.4812622070312,27.297958374023438,230.87252807617188,0.0020899418741464615,10,25.262931,92.203628,West Jaintia Hills,0,Rainfall,1
674.7262573242188,27.425756454467773,230.20777893066406,-0.0019709307234734297,10,25.263806,92.203,West Jaintia Hills,0,Rainfall,1
680.4165649414062,27.788415908813477,237.2618408203125,-0.004661724902689457,10,25.265158,92.202239,West Jaintia Hills,0,Rainfall,1
684.5589599609375,20.850021362304688,2.930711507797241,-0.007038222625851631,10,25.266222,92.202528,West Jaintia Hills,0,Rainfall,1
1296.4393310546875,21.704618453979492,124.13282012939453,0.00031560345087200403,30,25.430111,92.182167,West Jaintia Hills,0,Rainfall,1
1350.6383056640625,17.241893768310547,357.9862060546875,-0.00834715273231268,30,25.426306,92.181278,West Jaintia Hills,0,,1
1355.1756591796875,17.942476272583008,348.4137268066406,-0.0033780985977500677,10,25.426194,92.180472,West Jaintia Hills,0,Rainfall,1
1255.11279296875,22.10134506225586,136.93309020996094,-0.0013458509929478168,30,25.435167,92.185006,West Jaintia Hills,0,Rainfall,1
1262.262939453125,27.123598098754883,142.73118591308594,0.0022762033622711897,30,25.434972,92.18425,West Jaintia Hills,0,Rainfall,1
1312.57080078125,31.802595138549805,86.56261444091797,-0.012351789511740208,10,25.439889,92.181083,West Jaintia Hills,0,Rainfall,1
1284.8197021484375,32.17741012573242,95.00883483886719,-0.005250280722975731,30,25.439833,92.181333,West Jaintia Hills,0,Rainfall,1
1325.845703125,23.33516502380371,293.17657470703125,0.0076193842105567455,10,25.44889,92.19417,Jaintial hills,0,,1
1324.0147705078125,9.252592086791992,132.60386657714844,0.003136992920190096,30,25.42142,92.28894,Jaintial hills,0,,1
1055.7589111328125,25.961177825927734,335.7947692871094,0.003766202600672841,30,25.561281,92.330142,West Jaintia hills,0,Anthropogenic,1
1023.5858154296875,27.40024185180664,164.0742645263672,0.0013487255200743675,30,25.563472,92.329689,East Jaintia Hills,0,Slope cutting,1
1180.9415283203125,22.61186408996582,175.74832153320312,0.0007121717790141702,10,25.551667,92.331806,West Jaintia hills,0,Slope cutting,1
1243.5950927734375,13.558854103088379,37.32026290893555,0.003086772281676531,10,25.578206,92.266856,West Jaintia hills,0,Anthropogenic,1
1194.2750244140625,18.06144142150879,308.62567138671875,0.0022605513222515583,10,25.576806,92.242444,East Khasi Hills,0,Rainfall,1
1266.82470703125,13.045506477355957,169.54586791992188,0.003357022302225232,10,25.559778,92.226278,East Khasi Hills,0,Rainfall,1
1232.1820068359375,22.181245803833008,357.4637756347656,0.0034218812361359596,10,25.569278,92.2025,East Khasi Hills,0,Rainfall,1
1224.022705078125,18.236936569213867,0.23310567438602448,0.002494316315278411,10,25.569333,92.202139,East Khasi Hills,0,Rainfall,1
996.6209716796875,16.923810958862305,302.9898986816406,-0.005550585687160492,10,25.611931,92.452931,West Jaintia hills,0,Anthropogenic,1
67.77153015136719,14.787715911865234,322.9991149902344,0.006212601438164711,10,26.0591,92.236,Ri-Bhoi,0,Anthropogenic activity and Incessant rainfall,1
68.63933563232422,17.92499351501465,323.91455078125,0.0028020653408020735,10,26.061,92.241,Ri-Bhoi,0,Anthropogenic activity and Incessant rainfall,1
