date,rainfall_mean_mm,rainfall_max_mm,rainfall_1d,rainfall_3d,rainfall_7d,rainfall_15d,rainfall_30d,year
2015-01-01,0.24155287,2.4544382,0.24155287,,,,,2015
2015-01-02,0.0,0.0,0.0,,,,,2015
2015-01-03,1.9714295,8.636189,1.9714295,2.212982341647148,,,,2015
2015-01-04,5.2243023,25.017937,5.2243023,7.19573175907135,,,,2015
2015-01-05,5.071248,13.689847,5.071248,12.266979813575745,,,,2015
2015-01-06,0.5539324,6.227503,0.5539324,10.849482774734497,,,,2015
2015-01-07,0.0,0.0,0.0,5.62518048286438,13.062465116381645,,,2015
2015-01-08,0.22617023,1.913447,0.22617023,0.7801026552915573,13.047082468867302,,,2015
2015-01-09,3.710469,14.703582,3.710469,3.9366392344236374,16.757551476359367,,,2015
2015-01-10,0.2627486,2.0599017,0.2627486,4.199387833476067,15.048870608210564,,,2015
2015-01-11,0.0,0.0,0.0,3.9732176065444946,9.824568316340446,,,2015
2015-01-12,0.0,0.0,0.0,0.2627485990524292,4.753320261836052,,,2015
2015-01-13,0.0,0.0,0.0,0.0,4.199387833476067,,,2015
2015-01-14,0.0,0.0,0.0,0.0,4.199387833476067,,,2015
2015-01-15,0.0,0.0,0.0,0.0,3.9732176065444946,17.261852949857712,,2015
2015-01-16,0.0,0.0,0.0,0.0,0.2627485990524292,17.020300075411797,,2015
2015-01-17,0.0,0.0,0.0,0.0,0.0,17.020300075411797,,2015
2015-01-18,1.7590697,14.749036,1.7590697,1.7590696811676025,1.7590696811676025,16.807940289378166,,2015
2015-01-19,0.0,0.0,0.0,1.7590696811676025,1.7590696811676025,11.583637997508049,,2015
2015-01-20,0.41772252,4.6111107,0.41772252,2.1767922043800354,2.1767922043800354,6.930112466216087,,2015
2015-01-21,0.0,0.0,0.0,0.41772252321243286,2.1767922043800354,6.376180037856102,,2015
2015-01-22,0.0,0.0,0.0,0.41772252321243286,2.1767922043800354,6.376180037856102,,2015
2015-01-23,0.0,0.0,0.0,0.0,2.1767922043800354,6.15000981092453,,2015
2015-01-24,0.0,0.0,0.0,0.0,2.1767922043800354,2.4395408034324646,,2015
2015-01-25,0.0,0.0,0.0,0.0,0.41772252321243286,2.1767922043800354,,2015
2015-01-26,0.0,0.0,0.0,0.0,0.41772252321243286,2.1767922043800354,,2015
2015-01-27,0.0,0.0,0.0,0.0,0.0,2.1767922043800354,,2015
2015-01-28,0.0,0.0,0.0,0.0,0.0,2.1767922043800354,,2015
2015-01-29,0.0,0.0,0.0,0.0,0.0,2.1767922043800354,,2015
2015-01-30,0.8452206,4.4422145,0.8452206,0.8452206254005432,0.8452206254005432,3.0220128297805786,20.28386577963829,2015
2015-01-31,0.0,0.0,0.0,0.8452206254005432,0.8452206254005432,3.0220128297805786,20.042312905192375,2015
2015-02-01,0.0,0.0,0.0,0.8452206254005432,0.8452206254005432,3.0220128297805786,20.042312905192375,2015
2015-02-02,0.0,0.0,0.0,0.0,0.8452206254005432,1.262943148612976,18.070883437991142,2015
2015-02-03,0.0,0.0,0.0,0.0,0.8452206254005432,1.262943148612976,12.846581146121025,2015
2015-02-04,0.0,0.0,0.0,0.0,0.8452206254005432,0.8452206254005432,7.7753330916166306,2015
2015-02-05,0.0,0.0,0.0,0.0,0.8452206254005432,0.8452206254005432,7.221400663256645,2015
2015-02-06,0.0,0.0,0.0,0.0,0.0,0.8452206254005432,7.221400663256645,2015
2015-02-07,0.0,0.0,0.0,0.0,0.0,0.8452206254005432,6.995230436325073,2015
2015-02-08,0.0,0.0,0.0,0.0,0.0,0.8452206254005432,3.284761428833008,2015
2015-02-09,0.0,0.0,0.0,0.0,0.0,0.8452206254005432,3.0220128297805786,2015
2015-02-10,0.0,0.0,0.0,0.0,0.0,0.8452206254005432,3.0220128297805786,2015
2015-02-11,0.0,0.0,0.0,0.0,0.0,0.8452206254005432,3.0220128297805786,2015
2015-02-12,0.0,0.0,0.0,0.0,0.0,0.8452206254005432,3.0220128297805786,2015
2015-02-13,0.0684481,1.3697733,0.0684481,0.06844809651374817,0.06844809651374817,0.9136687219142914,3.090460926294327,2015
2015-02-14,0.28069934,1.6822624,0.28069934,0.3491474390029907,0.3491474390029907,0.3491474390029907,3.3711602687835693,2015
2015-02-15,0.013134221,0.2414218,0.013134221,0.36228165961802006,0.36228165961802006,0.36228165961802006,3.3842944893985987,2015
2015-02-16,0.41189164,5.282761,0.41189164,0.7057252023369074,0.7741732988506556,0.7741732988506556,3.796186128631234,2015
2015-02-17,0.0,0.0,0.0,0.42502585984766483,0.7741732988506556,0.7741732988506556,2.0371164474636316,2015
2015-02-18,0.0,0.0,0.0,0.4118916392326355,0.7741732988506556,0.7741732988506556,2.0371164474636316,2015
2015-02-19,1.9948504,10.348991,1.9948504,1.9948503971099854,2.769023695960641,2.769023695960641,3.614244321361184,2015
2015-02-20,1.0454066,6.4142685,1.0454066,3.040256977081299,3.745982179418206,3.8144302759319544,4.659650901332498,2015
2015-02-21,0.0,0.0,0.0,3.040256977081299,3.4652828369289637,3.8144302759319544,4.659650901332498,2015
2015-02-22,1.2964544,9.507486,1.2964544,2.3418610095977783,4.748603045940399,5.110884705558419,5.956105330958962,2015
2015-02-23,0.0,0.0,0.0,1.2964544296264648,4.336711406707764,5.110884705558419,5.956105330958962,2015
2015-02-24,0.00768833,0.17165847,0.00768833,1.3041427596472204,4.344399736728519,5.118573035579175,5.963793660979718,2015
2015-02-25,0.0,0.0,0.0,0.007688330020755529,4.344399736728519,5.118573035579175,5.963793660979718,2015
2015-02-26,0.2823507,3.312318,0.2823507,0.2900390191935003,2.6319000287912786,5.4009237247519195,6.246144350152463,2015
2015-02-27,10.750697,20.43135,10.750697,11.033047825098038,12.337190584745258,16.151620860677212,16.996841486077756,2015
2015-02-28,0.0,0.0,0.0,11.033047825098038,12.337190584745258,16.083172764163464,16.996841486077756,2015
2015-03-01,0.18357594,2.491789,0.18357594,10.934273079037666,11.224312098231167,15.986049364786595,16.335196803789586,2015
2015-03-02,0.0,0.0,0.0,0.18357594311237335,11.224312098231167,15.972915144171566,16.335196803789586,2015
2015-03-03,0.16522433,1.2675642,0.16522433,0.34880027174949646,11.381848096847534,15.726247833576053,16.50042113242671,2015
2015-03-04,0.96211797,7.702725,0.96211797,1.1273422986268997,12.34396606683731,16.68836580356583,17.462539102416486,2015
2015-03-05,0.61981905,2.7758904,0.61981905,1.7471613436937332,12.6814344227314,17.308184848632663,18.08235814748332,2015
2015-03-06,0.0,0.0,0.0,1.58193701505661,1.9307372868061066,15.313334451522678,18.08235814748332,2015
2015-03-07,0.0,0.0,0.0,0.6198190450668335,1.9307372868061066,14.267927871551365,18.08235814748332,2015
2015-03-08,0.0,0.0,0.0,0.0,1.7471613436937332,14.267927871551365,18.08235814748332,2015
2015-03-09,0.0,0.0,0.0,0.0,1.7471613436937332,12.9714734419249,18.08235814748332,2015
2015-03-10,0.0,0.0,0.0,0.0,1.58193701505661,12.9714734419249,18.08235814748332,2015
2015-03-11,0.0,0.0,0.0,0.0,0.6198190450668335,12.963785111904144,18.08235814748332,2015
2015-03-12,0.0,0.0,0.0,0.0,0.0,12.963785111904144,18.08235814748332,2015
2015-03-13,0.0,0.0,0.0,0.0,0.0,12.6814344227314,18.08235814748332,2015
2015-03-14,0.0,0.0,0.0,0.0,0.0,1.9307372868061066,18.08235814748332,2015
2015-03-15,0.0,0.0,0.0,0.0,0.0,1.9307372868061066,18.01391005096957,2015
2015-03-16,0.0,0.0,0.0,0.0,0.0,1.7471613436937332,17.73321070848033,2015
2015-03-17,0.046996824,0.30547014,0.046996824,0.0469968244433403,0.0469968244433403,1.7941581681370735,17.76707331230864,2015
2015-03-18,0.0,0.0,0.0,0.0469968244433403,0.0469968244433403,1.6289338394999504,17.355181673076004,2015
2015-03-19,0.015250481,0.43537194,0.015250481,0.06224730517715216,0.06224730517715216,0.6820663502439857,17.370432153809816,2015
2015-03-20,0.0,0.0,0.0,0.015250480733811855,0.06224730517715216,0.06224730517715216,17.370432153809816,2015
2015-03-21,0.0,0.0,0.0,0.015250480733811855,0.06224730517715216,0.06224730517715216,15.37558175669983,2015
2015-03-22,0.0,0.0,0.0,0.0,0.06224730517715216,0.06224730517715216,14.330175176728517,2015
2015-03-23,0.0,0.0,0.0,0.0,0.06224730517715216,0.06224730517715216,14.330175176728517,2015
2015-03-24,0.0046169357,0.24469759,0.0046169357,0.004616935737431049,0.019867416471242905,0.0668642409145832,13.038337682839483,2015
2015-03-25,1.5233127,15.981493,1.5233127,1.5279296236112714,1.5431801043450832,1.5901769287884235,14.561650370713323,2015
2015-03-26,2.1945736,21.255882,2.1945736,3.7225032644346356,3.7225032644346356,3.784750569611788,16.748535681515932,2015
2015-03-27,3.8433464,28.46729,3.8433464,7.561232686042786,7.565849621780217,7.628096926957369,20.591882038861513,2015
2015-03-28,12.397274,42.449356,12.397274,18.43519401550293,19.9631236391142,20.025370944291353,32.70680536702275,2015
2015-03-29,7.738406,47.952183,7.738406,23.979026556015015,27.70152982044965,27.763777125626802,29.69451441243291,2015
2015-03-30,2.4430246,19.20468,2.4430246,22.578704833984375,30.14455445576459,30.206801760941744,32.13753904774785,2015
2015-03-31,8.795464,26.76751,8.795464,18.97689437866211,38.93540108203888,39.00226532295346,40.749426666647196,2015
2015-04-01,2.177705,14.105358,2.177705,13.41619324684143,39.58979344367981,41.13297354802489,42.927131716161966,2015
2015-04-02,4.438817,18.588451,4.438817,15.411985635757446,41.8340368270874,45.57179057225585,47.2007244117558,2015
2015-04-03,8.793149,38.742004,8.793149,15.409671068191528,46.78383946418762,54.34968908596784,55.031755436211824,2015
2015-04-04,13.817521,54.928177,13.817521,27.049487113952637,48.20408654212952,68.16721018124372,68.22945748642087,2015
2015-04-05,14.892909,38.00445,14.892909,37.50357913970947,55.35858941078186,83.06011923123151,83.12236653640866,2015
2015-04-06,15.628477,37.510136,15.628477,44.33890724182129,68.54404187202454,98.68859632778913,98.75084363296628,2015
2015-04-07,0.44147068,12.122214,0.44147068,30.962856829166412,60.19004899263382,99.13006701041013,99.19231431558728,2015
2015-04-08,4.735116,18.57846,4.735116,20.805063784122467,62.7474599480629,103.86056607961655,103.92743032053113,2015
2015-04-09,1.6910044,13.061093,1.6910044,6.867591083049774,59.999647319316864,104.02825778722763,105.61843471601605,2015
2015-04-10,4.5486875,21.744736,4.5486875,10.974807858467102,55.75518578290939,106.3823716044426,110.16712217405438,2015
2015-04-11,0.21918538,4.677572,0.21918538,6.458877235651016,42.156850069761276,102.75821062922478,110.38630755618215,2015
2015-04-12,0.059349712,2.3771963,0.059349712,4.827222552150488,27.32329073175788,90.42028632387519,110.44565726816654,2015
2015-04-13,1.4789236,9.518686,1.4789236,1.7574586533010006,13.173737194389105,84.16080370172858,111.92458082735538,2015
2015-04-14,0.015250481,0.43537194,0.015250481,1.5535237519070506,12.747516992501915,81.73302954714745,111.9398313080892,2015
2015-04-15,0.6230679,6.7290497,0.6230679,2.1172419553622603,8.635468902997673,73.56063390057534,112.5628992235288,2015
2015-04-16,0.0,0.0,0.0,0.6383183961734176,6.944464507512748,71.38292885106057,112.51590239908546,2015
2015-04-17,2.544402,25.233936,2.544402,3.167469799518585,4.940178933553398,69.48851371090859,115.06030428316444,2015
2015-04-18,24.549065,58.87822,24.549065,27.09346652030945,29.270058187656105,85.24442935269326,139.5941184386611,2015
2015-04-19,26.632639,67.95754,26.632639,53.72610545158386,55.84334740694612,98.0595471886918,166.2267573699355,2015
2015-04-20,2.9128113,19.831171,2.9128113,54.09451484680176,57.277235127054155,86.07944941800088,169.1395686492324,2015
2015-04-21,15.519088,35.709625,15.519088,45.06453800201416,72.78107243776321,85.97006011288613,184.65865644067526,2015
2015-04-22,21.752949,53.930046,21.752949,40.184847831726074,93.91095328330994,107.28153819125146,206.4116052016616,2015
2015-04-23,11.178796,60.110855,11.178796,48.45083236694336,105.0897490978241,113.72521800082177,217.58578408043832,2015
2015-04-24,19.338333,46.04321,19.338333,52.2700777053833,121.88368034362793,131.37254673521966,235.4008045224473,2015
2015-04-25,17.07298,36.455276,17.07298,47.59010982513428,114.40759658813477,143.89684015791863,250.27921176236123,2015
2015-04-26,4.788294,23.981691,4.788294,41.199607849121094,92.56325149536133,148.46594861429185,251.22415924351662,2015
2015-04-27,0.6804904,4.684175,0.6804904,22.541765093803406,90.33093059062958,149.08708927687258,239.50737560074776,2015
2015-04-28,3.3981304,18.112757,3.3981304,8.866914629936218,78.20997321605682,151.00629613455385,235.16709983628243,2015
2015-04-29,22.212013,61.37371,22.212013,26.290634036064148,78.6690376996994,173.20305889844894,254.9360884455964,2015
2015-04-30,10.197288,32.2827,10.197288,35.8074312210083,77.68752944469452,182.77727854251862,256.33791244309396,2015
2015-05-01,3.0099304,15.2138815,3.0099304,35.41923117637634,61.359126687049866,185.78720891475677,257.17013776581734,2015
2015-05-02,19.657978,53.524532,19.657978,32.865195989608765,63.94412386417389,202.90078508853912,272.3892987994477,2015
2015-05-03,21.552092,74.22941,21.552092,44.22000002861023,80.70792162418365,199.9038120508194,285.14824140351266,2015
2015-05-04,12.334918,33.769737,12.334918,53.54498767852783,92.36234927177429,185.60609114170074,283.66563833039254,2015
2015-05-05,2.37231,21.74601,2.37231,36.2593195438385,91.33652877807617,185.06558978557587,271.14503920357674,2015
2015-05-06,4.82594,12.465095,4.82594,19.533168077468872,73.95045566558838,174.3724421262741,260.34250223916024,2015
2015-05-07,1.6856979,8.509864,1.6856979,8.883947968482971,65.43886601924896,154.30519127845764,261.5867294697091,2015
2015-05-08,11.906618,19.981833,11.906618,18.418256163597107,74.33555376529694,155.03301358222961,268.7582315830514,2015
2015-05-09,0.15182398,0.9701599,0.15182398,13.744140014052391,54.829399690032005,135.8465044349432,267.21905117016286,2015
2015-05-10,3.2335284,26.871588,3.2335284,15.29197047650814,36.51083646714687,122.0070519298315,265.90389208775014,2015
2015-05-11,0.7804076,2.7072504,0.7804076,4.165759965777397,24.9563260525465,117.99916569888592,266.46511431317776,2015
2015-05-12,1.2356457,3.6944993,1.2356457,5.2495816349983215,23.819661781191826,118.55432097613811,267.6414102530107,2015
2015-05-13,7.9623346,26.770157,7.9623346,9.978387892246246,26.956056281924248,123.11852519214153,274.1248213266954,2015
2015-05-14,22.021221,60.374817,22.021221,31.21920144557953,47.29157952964306,122.9277331084013,296.13079200685024,2015
2015-05-15,19.866604,61.25255,19.866604,49.850159645080566,55.251565262675285,132.59704940021038,315.374327942729,2015
2015-05-16,7.2052217,42.148125,7.2052217,49.09304666519165,62.30496293306351,136.79234068095684,322.5795495957136,2015
2015-05-17,17.871897,49.13357,17.871897,44.94372224807739,76.94333130121231,135.00625936686993,337.90704445540905,2015
2015-05-18,3.5817344,15.873091,3.5817344,28.65885281562805,79.74465811252594,117.0359021872282,316.9397142380476,2015
2015-05-19,6.2153482,29.615492,6.2153482,27.66897940635681,84.724360704422,110.91633240878582,296.52242355048656,2015
2015-05-20,3.4758422,17.858467,3.4758422,13.272924900054932,80.237868309021,112.01986472308636,297.0854545086622,2015
2015-05-21,6.3440304,31.184376,6.3440304,16.035220861434937,64.56067752838135,113.53795497119427,287.9103970974684,2015
2015-05-22,13.66075,62.96124,13.66075,23.48062300682068,58.35482406616211,125.51300744712353,279.81819872558117,2015
2015-05-23,8.159125,18.242891,8.159125,28.16390609741211,59.308727741241455,121.76551465690136,276.798528239131,2015
2015-05-24,29.726698,124.19851,29.726698,51.546573638916016,71.16352891921997,151.3403885960579,287.1868930310011,2015
2015-05-25,10.463817,26.77907,10.463817,48.349639892578125,78.04561114311218,158.5706768631935,280.577728793025,2015
2015-05-26,37.004215,127.78274,37.004215,77.19472980499268,108.83447813987732,194.79448449611664,312.79365019500256,2015
2015-05-27,22.55664,71.194885,22.55664,70.02467250823975,127.91527652740479,216.11547946929932,334.66980044543743,2015
2015-05-28,13.079015,44.26838,13.079015,72.63987064361572,134.65026092529297,221.232159614563,344.3506848067045,2015
2015-05-29,37.25739,167.58902,37.25739,72.89304447174072,158.24689960479736,236.46832752227783,359.39606063067913,2015
2015-05-30,36.98797,98.830284,36.98797,87.32437229156494,187.07574272155762,253.5896921157837,386.1867415159941,2015
2015-05-31,46.077744,121.2745,46.077744,120.32310104370117,203.42678833007812,292.4622139930725,429.25455467402935,2015
2015-06-01,104.07338,473.4322,104.07338,187.13909149169922,297.03635120391846,378.66369676589966,513.6699561327696,2015
2015-06-02,28.42448,135.7412,28.42448,178.57560348510742,288.45661640167236,403.50644278526306,520.5423449724913,2015
2015-06-03,11.519714,40.867123,11.519714,144.01757431030273,277.4196901321411,408.81080889701843,519.7271413058043,2015
2015-06-04,8.152586,56.981228,8.152586,48.09678077697754,272.4932613372803,413.48755264282227,525.5074173659086,2015
2015-06-05,4.2925425,13.858871,4.2925425,23.964842796325684,239.52841472625732,411.4360647201538,524.9740196913481,2015
2015-06-06,96.49658,465.34933,96.49658,108.94171047210693,299.0370283126831,494.2718963623047,619.7849038094282,2015
2015-06-07,76.548676,368.58203,76.548676,177.33780002593994,329.50796031951904,562.6614465713501,684.4269612282515,2015
2015-06-08,109.95484,600.5465,109.95484,283.0000991821289,335.389422416687,642.8895902633667,794.2299788594246,2015
2015-06-09,90.8833,407.0118,90.8833,277.3868179321289,397.8482427597046,723.3090744018555,881.879751265049,2015
2015-06-10,109.71742,474.5743,109.71742,310.5555648803711,496.0459508895874,796.0222816467285,990.8167661428452,2015
2015-06-11,46.78545,137.21109,46.78545,247.38617324829102,534.6788148880005,820.251091003418,1036.3665704727173,2015
2015-06-12,24.734707,46.440075,24.734707,181.23757934570312,555.120979309082,831.9067831039429,1053.1389427185059,2015
2015-06-13,55.63749,188.83395,55.63749,127.15764617919922,514.2618865966797,850.286883354187,1086.7552108764648,2015
2015-06-14,27.189583,157.55415,27.189583,107.5617790222168,464.90279388427734,840.4884977340698,1094.0781898498535,2015
2015-06-15,32.789867,90.31641,32.789867,115.61693954467773,387.73781967163086,827.2006216049194,1119.662835597992,2015
2015-06-16,36.32725,157.84393,36.32725,96.30670166015625,333.18177032470703,759.454493522644,1138.1181902885437,2015
2015-06-17,27.097097,123.94262,27.097097,96.2142162322998,250.56144523620605,758.1271104812622,1161.6335532665253,2015
2015-06-18,7.574432,41.06055,7.574432,70.99878072738647,211.35042715072632,754.1818280220032,1162.9926369190216,2015
2015-06-19,2.4046416,14.205611,2.4046416,37.076170921325684,189.0203619003296,748.4338836669922,1161.9214363098145,2015
2015-06-20,3.3188674,26.067904,3.3188674,13.297940969467163,136.701740026474,747.4602086544037,1158.8962733745575,2015
2015-06-21,5.8662577,25.162806,5.8662577,11.58976674079895,115.37841486930847,656.8298842906952,1151.1017806529999,2015
2015-06-22,15.885406,57.40578,15.885406,25.070530652999878,98.47395300865173,596.1666142940521,1158.8280608654022,2015
2015-06-23,38.62585,148.34619,38.62585,60.37751388549805,100.7725522518158,524.8376233577728,1167.7272136211395,2015
2015-06-24,48.98593,218.07782,48.98593,103.49718761444092,122.66138625144958,482.9402539730072,1206.2493283748627,2015
2015-06-25,12.523048,40.411503,12.523048,100.13483047485352,127.61000275611877,385.74587988853455,1181.768161535263,2015
2015-06-26,14.434045,30.000284,14.434045,75.94302463531494,139.63940596580505,353.39447474479675,1173.6455657482147,2015
2015-06-27,21.225576,76.078064,21.225576,48.1826696395874,157.54611492156982,349.8853442668915,1181.7921273708344,2015
2015-06-28,12.736705,38.549114,12.736705,48.39632606506348,164.4165620803833,306.9845597743988,1157.2714431285858,2015
2015-06-29,15.330633,64.44512,15.330633,49.292914390563965,163.86178970336914,295.1256101131439,1135.6141078472137,2015
2015-06-30,13.130846,81.39118,13.130846,41.1981840133667,138.36678504943848,275.46658873558044,1102.6672103404999,2015
2015-07-01,4.129535,17.171825,4.129535,32.59101438522339,93.51038885116577,243.26887249946594,1002.72336602211,2015
2015-07-02,15.390349,90.53537,15.390349,32.6507306098938,96.37768983840942,231.56212449073792,989.6892349720001,2015
2015-07-03,11.407941,43.492474,11.407941,30.927825450897217,93.35158586502075,235.3956334590912,989.5774614810944,2015
2015-07-04,43.038948,212.4741,43.038948,69.83723831176758,115.16495752334595,276.02993988990784,1024.4638235569,2015
2015-07-05,29.081244,119.01941,29.081244,83.52813243865967,131.50949621200562,301.7923159599304,1049.252524614334,2015
2015-07-06,2.835759,11.886746,2.835759,74.95595049858093,119.01462197303772,298.76181721687317,955.5917015075684,2015
2015-07-07,1.5144458,8.386987,1.5144458,33.431448221206665,107.39822173118591,284.3908574581146,880.5574717521667,2015
2015-07-08,9.341494,43.115494,9.341494,13.6916983127594,112.61018013954163,255.10650038719177,779.9441237449646,2015
2015-07-09,17.984062,95.51811,17.984062,28.840001583099365,115.20389294624329,224.10463118553162,707.0448851585388,2015
2015-07-10,8.587337,34.135975,8.587337,35.91289234161377,112.38328862190247,220.16891932487488,605.9147992134094,2015
2015-07-11,7.602304,23.478188,7.602304,34.17370271682739,76.94664454460144,213.33717846870422,566.731653213501,2015
2015-07-12,6.840155,83.11769,6.840155,23.02979564666748,54.7055561542511,198.9517571926117,548.8371014595032,2015
2015-07-13,3.1546197,24.111095,3.1546197,17.597078800201416,55.02441692352295,189.36967206001282,496.3542318344116,2015
2015-07-14,5.2023253,24.69107,5.2023253,15.197100162506104,58.71229648590088,179.24136424064636,474.3669743537903,2015
2015-07-15,50.423855,162.74518,50.423855,58.780799865722656,99.79465770721436,216.53437304496765,492.0009617805481,2015
2015-07-16,21.760616,54.980114,21.760616,77.38679647445679,103.57121181488037,234.16545414924622,477.43432664871216,2015
2015-07-17,7.655033,32.08988,7.655033,79.83950424194336,102.63890838623047,226.43013787269592,457.99226236343384,2015
2015-07-18,3.3381639,23.659855,3.3381639,32.75381326675415,98.37476825714111,218.36036086082458,453.75599431991577,2015
2015-07-19,7.1005836,45.218273,7.1005836,18.093780517578125,98.63519668579102,182.42199635505676,458.4519362449646,2015
2015-07-20,10.364474,36.69247,10.364474,20.803221702575684,105.84505128860474,163.70522713661194,465.49754309654236,2015
2015-07-21,15.064992,34.461647,15.064992,32.5300498008728,115.70771789550781,175.93446016311646,474.6962773799896,2015
2015-07-22,23.98987,74.12239,23.98987,49.41933631896973,89.27373313903809,198.40988445281982,482.80074191093445,2015
2015-07-23,16.938625,66.77135,16.938625,55.99348735809326,84.45174217224121,206.0070161819458,461.1135165691376,2015
2015-07-24,54.16433,240.85129,54.16433,95.09282493591309,130.96103858947754,242.18728351593018,466.2919147014618,2015
2015-07-25,26.742699,83.76748,26.742699,97.84565353393555,154.36557340621948,260.3426456451416,480.5115649700165,2015
2015-07-26,0.33227086,1.821775,0.33227086,81.23929905891418,147.59726071357727,253.0726125240326,466.4097909927368,2015
2015-07-27,0.13061526,0.6934856,0.13061526,27.205584794282913,137.36340168118477,246.3630726635456,445.3148298561573,2015
2015-07-28,0.0,0.0,0.0,0.46288612484931946,122.298409730196,243.2084529697895,432.5781250298023,2015
2015-07-29,0.2749412,4.353719,0.2749412,0.40555647015571594,98.58348086476326,238.2810688316822,417.52243307232857,2015
2015-07-30,0.2307747,1.6643655,0.2307747,0.5057159066200256,81.87563022971153,188.08798870444298,404.62236174941063,2015
2015-07-31,6.8552074,25.93233,6.8552074,7.36092334985733,34.56650814414024,173.18257984519005,407.34803399443626,2015
2015-08-01,25.223675,102.14591,25.223675,32.30965691804886,33.04748424887657,190.7512215077877,417.1813593804836,2015
2015-08-02,6.035953,32.51625,6.035953,38.114835262298584,38.75116643309593,193.4490106999874,411.809371560812,2015
2015-08-03,0.7737982,5.7288938,0.7737982,32.03342604637146,39.39434939622879,187.12222537398338,369.54422172904015,2015
2015-08-04,3.3902209,16.420586,3.3902209,10.199972152709961,42.78457027673721,180.14797195792198,343.8531990945339,2015
2015-08-05,12.192281,46.111366,12.192281,16.356299877166748,54.701909840106964,177.27526077628136,353.2097209393978,2015
2015-08-06,7.422644,29.231195,7.422644,23.00514578819275,61.893779277801514,160.7080348432064,359.11791929602623,2015
2015-08-07,8.670333,61.895313,8.670333,28.285257816314697,63.70890474319458,152.43974241614342,358.4467585980892,2015
2015-08-08,20.607492,58.826237,20.607492,36.70046949386597,59.09272241592407,118.88290533423424,361.0701888501644,2015
2015-08-09,2.5021229,16.918367,2.5021229,31.779948234558105,55.558892250061035,94.64232954382896,354.98497518897057,2015
2015-08-10,11.310865,52.049057,11.310865,34.420480728149414,66.09595942497253,105.62092408537865,358.69353660941124,2015
2015-08-11,6.2199965,19.263607,6.2199965,20.032984733581543,68.92573499679565,111.71030527353287,358.0733779370785,2015
2015-08-12,6.602185,31.256128,6.602185,24.133046627044678,63.335638999938965,118.31249004602432,361.5209430158138,2015
2015-08-13,5.563495,21.170515,5.563495,18.385676383972168,61.47649002075195,123.6010439991951,361.8821128308773,2015
2015-08-14,19.278757,91.1773,19.278757,31.44443702697754,72.0849142074585,142.64902639389038,330.73701509833336,2015
2015-08-15,35.705193,191.77223,35.705193,60.54744482040405,87.18261432647705,171.49901151657104,344.6815913617611,2015
2015-08-16,62.4934,353.78854,62.4934,117.47735023498535,147.1738920211792,208.7687373161316,399.5199588239193,2015
2015-08-17,37.143322,187.50723,37.143322,135.34191513061523,173.00634860992432,239.87610626220703,433.32511696219444,2015
2015-08-18,103.80643,471.8529,103.80643,203.4431495666504,270.5927791595459,342.90873503685,530.0309604108334,2015
2015-08-19,142.57185,679.2213,142.57185,283.52160263061523,406.56244802474976,482.09036779403687,662.2383397519588,2015
2015-08-20,94.97784,329.961,94.97784,341.35611724853516,495.9767894744873,564.8759236335754,742.1511844098568,2015
2015-08-21,102.09455,290.39084,102.09455,339.6442413330078,578.7925834655762,659.547830581665,820.2558654248714,2015
2015-08-22,10.857879,31.708473,10.857879,207.93026638031006,553.9452695846558,661.7353763580322,814.1751187741756,2015
2015-08-23,25.157911,83.8499,25.157911,138.11034107208252,516.6097803115845,666.285795211792,785.1687005460262,2015
2015-08-24,8.020174,46.348236,8.020174,44.035964012145996,487.48663234710693,671.8038463592529,766.4461759030819,2015
2015-08-25,5.9053707,18.631788,5.9053707,39.08345603942871,389.5855760574341,666.3983516693115,772.0192757546902,2015
2015-08-26,4.097172,22.136292,4.097172,18.022716522216797,251.11089420318604,664.2755270004272,775.9858322739601,2015
2015-08-27,10.185054,83.03486,10.185054,20.187596321105957,166.31811141967773,667.8583960533142,786.1708860993385,2015
2015-08-28,19.732412,82.978485,19.732412,34.01463794708252,83.95597267150879,682.0273132324219,805.628357231617,2015
2015-08-29,22.828268,124.84939,22.828268,52.745734214782715,95.92636203765869,685.5768241882324,828.2258505821228,2015
2015-08-30,45.309635,220.69145,45.309635,87.87031555175781,116.07808589935303,695.181266784668,866.680278301239,2015
2015-08-31,85.9613,361.49,85.9613,154.09920692443848,194.01921558380127,718.649169921875,927.4179072380066,2015
2015-09-01,37.798214,145.97838,37.798214,169.06915283203125,225.91205883026123,719.3040618896484,959.1801681518555,2015
2015-09-02,24.043036,77.89965,24.043036,147.80255317687988,245.8579225540161,639.5406703948975,982.4494054317474,2015
2015-09-03,18.274387,44.542984,18.274387,80.11563682556152,253.94725608825684,515.2432041168213,997.3335719108582,2015
2015-09-04,30.157204,96.32115,30.157204,72.4746265411377,264.3720474243164,450.422571182251,1015.2984948158264,2015
2015-09-05,3.8450058,12.384042,3.8450058,52.276596784591675,245.38878512382507,352.1730258464813,1011.7208564281464,2015
2015-09-06,3.8126278,12.194257,3.8126278,37.81483721733093,203.89177775382996,345.12777495384216,1006.8631513118744,2015
2015-09-07,2.7661908,12.178219,2.7661908,10.423824310302734,120.69666481018066,322.7360544204712,989.0218496322632,2015
2015-09-08,0.70364773,5.673153,0.70364773,7.282466292381287,83.60209858417511,315.4195281267166,987.2233744859695,2015
2015-09-09,0.16393079,1.2481939,0.16393079,3.6337692886590958,59.72299386560917,309.67808820307255,976.0764398723841,2015
2015-09-10,3.3519695,21.897032,3.3519695,4.219548001885414,44.800575986504555,308.9328859001398,973.208412900567,2015
2015-09-11,17.328918,94.13663,17.328918,20.844818726181984,31.9722907692194,316.07675053179264,983.9351465851068,2015
2015-09-12,8.910224,52.226707,8.910224,29.59111189842224,37.037508979439735,305.25456215441227,987.2818753868341,2015
2015-09-13,3.553722,28.50544,3.553722,29.792864322662354,36.778603091835976,285.98001600801945,971.5568401962519,2015
2015-09-14,2.551112,19.872747,2.551112,15.015057802200317,36.56352426111698,243.22149278223515,938.4027595669031,2015
2015-09-15,15.736576,63.587395,15.736576,21.841409921646118,51.59645260870457,172.9967651516199,891.6459350734949,2015
2015-09-16,0.3634229,2.4130814,0.3634229,18.651110917329788,51.79594472050667,135.56197409331799,854.8660359829664,2015
2015-09-17,7.121397,64.01039,7.121397,23.22139599919319,55.56537225842476,118.64033560454845,758.1810059994459,2015
2015-09-18,0.31820863,3.3763971,0.31820863,7.803028553724289,38.55466243624687,100.68415687978268,615.927360996604,2015
2015-09-19,1.2751983,6.0119786,1.2751983,8.714803993701935,30.91963681578636,71.80215154588223,522.2247227281332,2015
2015-09-20,38.93291,201.37546,38.93291,40.52631789445877,66.29882583022118,106.89005671441555,459.0630825608969,2015
2015-09-21,27.36482,109.20273,27.36482,67.57292973995209,91.11253437399864,130.44224940240383,475.570024356246,2015
2015-09-22,43.47535,187.10013,43.47535,109.77308082580566,118.85130771994591,171.15140806138515,493.88746248185635,2015
2015-09-23,104.727104,396.706,104.727104,175.56727409362793,223.21498900651932,275.1748645156622,590.5943926423788,2015
2015-09-24,57.316296,190.26537,57.316296,205.51874923706055,273.409887611866,332.3272293508053,642.0053175538778,2015
2015-09-25,15.379795,43.401436,15.379795,177.4231948852539,288.4714740514755,344.35505494475365,653.2879408448935,2015
2015-09-26,0.36005077,2.9488769,0.36005077,73.05614146590233,287.5563264787197,327.38618725538254,643.4629377871752,2015
2015-09-27,0.0,0.0,0.0,15.739845842123032,248.62341555953026,318.4759632945061,623.7305254489183,2015
2015-09-28,0.0,0.0,0.0,0.360050767660141,221.25859507918358,314.92224138975143,600.9022573977709,2015
2015-09-29,0.0,0.0,0.0,0.0,177.78324565291405,312.3711294531822,555.5926222354174,2015
2015-09-30,0.0046218596,0.13843274,0.0046218596,0.004621859639883041,73.06076332554221,296.63917523249984,469.63594038411975,2015
2015-10-01,1.3898103,10.093575,1.3898103,1.394432183355093,17.134278025478125,297.66556265577674,433.2275367490947,2015
2015-10-02,1.7953981,31.528252,1.7953981,3.1898302994668484,3.5498810671269894,292.3395637534559,410.97989935800433,2015
2015-10-03,3.5419934,21.869411,3.5419934,6.727201819419861,6.731823679059744,295.5633484981954,396.2475053779781,2015
2015-10-04,1.3429908,12.794342,1.3429908,6.680382251739502,8.074814435094595,295.6311409138143,367.43329245969653,2015
2015-10-05,0.0,0.0,0.0,4.884984135627747,8.074814435094595,256.69822999462485,363.5882867090404,2015
2015-10-06,4.543884,20.147797,4.543884,5.886874556541443,12.618698235601187,233.87729331478477,364.3195427171886,2015
2015-10-07,2.9506035,22.820627,2.9506035,7.494487285614014,15.564679861068726,193.35254737362266,364.5039554350078,2015
2015-10-08,12.8068905,48.700176,12.8068905,20.301377773284912,26.981760025024414,101.43233367428184,376.60719818994403,2015
2015-10-09,5.5312657,22.087175,5.5312657,21.28875970840454,30.71762764453888,49.64730378612876,381.97453313693404,2015
2015-10-10,3.6935942,48.505196,3.6935942,22.031750440597534,30.8692284822464,37.961102928966284,382.31615787371993,2015
2015-10-11,3.955508,28.913021,3.955508,13.180367946624756,33.48174571990967,41.55656015500426,368.9427474103868,2015
2015-10-12,1.8681002,21.477919,1.8681002,9.517202377319336,35.34984588623047,43.424660321325064,361.90062361583114,2015
2015-10-13,0.2828537,4.294223,0.2828537,6.106461852788925,31.08881577849388,43.70751401409507,358.6297554038465,2015
2015-10-14,2.852729,14.223865,2.852729,5.003682941198349,30.990941375494003,46.56024309620261,358.93137254938483,2015
2015-10-15,1.3451369,14.459199,1.3451369,4.480719655752182,19.52918776869774,47.90075811743736,344.5399333499372,2015
2015-10-16,1.0742985,7.76618,1.0742985,5.272164463996887,15.072220534086227,47.58524629473686,345.2508089505136,2015
2015-10-17,2.5813048,11.649836,2.5813048,5.000740170478821,13.95993110537529,48.371152967214584,340.71071672067046,2015
2015-10-18,0.7981626,6.791654,0.7981626,4.453765869140625,10.802585691213608,45.62732216715813,341.19067066535354,2015
2015-10-19,3.578493,26.464134,3.578493,6.957960486412048,12.51297864317894,47.86282452940941,343.4939654432237,2015
2015-10-20,0.07696069,0.8411312,0.07696069,4.453616388142109,12.307085640728474,47.93978521972895,304.6380152143538,2015
2015-10-21,0.32970324,4.4298477,0.32970324,3.985157050192356,9.784059800207615,43.72560466080904,277.6028979755938,2015
2015-10-22,0.06918473,1.3865894,0.06918473,0.47584865987300873,8.508107647299767,40.844185903668404,234.19673327729106,2015
2015-10-23,2.1036587,18.376188,2.1036587,2.5025466457009315,9.537467822432518,30.140954092144966,131.5732877664268,2015
2015-10-24,0.9473845,4.6622686,0.9473845,3.1202278807759285,7.903547510504723,25.557072833180428,75.20437661930919,2015
2015-10-25,0.0,0.0,0.0,3.051043152809143,7.105384930968285,21.863478615880013,59.824581544846296,2015
2015-10-26,0.27955028,2.9788759,0.27955028,1.2269347608089447,3.8064420968294144,18.187520906329155,59.74408106133342,2015
2015-10-27,0.0,0.0,0.0,0.2795502841472626,3.7294814065098763,16.319420740008354,59.74408106133342,2015
2015-10-28,0.32727838,3.4874647,0.32727838,0.6068286597728729,3.7270565405488014,16.36384542286396,60.07135943695903,2015
2015-10-29,0.0,0.0,0.0,0.32727837562561035,3.657871812582016,13.511116340756416,60.07135943695903,2015
2015-10-30,0.0,0.0,0.0,0.32727837562561035,1.554213136434555,12.165979459881783,60.066737577319145,2015
2015-10-31,2.025963,16.559126,2.025963,2.025963068008423,2.6327917277812958,13.117644026875496,60.70289032161236,2015
2015-11-01,3.0378819,16.636534,3.0378819,5.063844919204712,5.670673578977585,13.574221089482307,61.94537405669689,2015
2015-11-02,1.1028056,5.719199,1.1028056,6.1666505336761475,6.493928909301758,13.878864124417305,59.50618629157543,2015
2015-11-03,1.6877302,13.103822,1.6877302,5.828417658805847,8.18165910243988,11.988101199269295,59.8509257286787,2015
2015-11-04,4.0048594,24.384016,4.0048594,6.795395255088806,11.859240174293518,15.915999956429005,63.85578517615795,2015
2015-11-05,4.147434,21.25677,4.147434,9.840023875236511,16.00667440891266,19.73373094946146,63.4593356102705,2015
2015-11-06,0.039758764,1.0162945,0.039758764,8.192052446305752,16.046433173120022,19.704304985702038,60.54849088937044,2015
2015-11-07,0.5201378,5.513823,0.5201378,4.707330785691738,14.540607891976833,18.12078409641981,48.26173818856478,2015
2015-11-08,0.0,0.0,0.0,0.5598965510725975,11.502726040780544,17.17339961975813,42.73047245293856,2015
2015-11-09,0.0,0.0,0.0,0.5201377868652344,10.399920426309109,17.17339961975813,39.03687823563814,2015
2015-11-10,0.0,0.0,0.0,0.0,8.712190233170986,16.893849335610867,35.08137024194002,2015
2015-11-11,0.0,0.0,0.0,0.0,4.707330785691738,16.893849335610867,33.21327007561922,2015
2015-11-12,0.0,0.0,0.0,0.0,0.5598965510725975,16.566570959985256,32.93041638284922,2015
2015-11-13,0.0,0.0,0.0,0.0,0.5201377868652344,16.566570959985256,30.077687300741673,2015
2015-11-14,0.0,0.0,0.0,0.0,0.0,16.566570959985256,28.73255041986704,2015
2015-11-15,0.0,0.0,0.0,0.0,0.0,14.540607891976833,27.65825191885233,2015
2015-11-16,0.046996824,0.30547014,0.046996824,0.0469968244433403,0.0469968244433403,11.549722865223885,25.123943954706192,2015
2015-11-17,0.18728764,2.2197924,0.18728764,0.23428446799516678,0.23428446799516678,10.634204894304276,24.51306901872158,2015
2015-11-18,0.0,0.0,0.0,0.23428446799516678,0.23428446799516678,8.946474701166153,20.934575900435448,2015
2015-11-19,0.0,0.0,0.0,0.18728764355182648,0.23428446799516678,4.941615253686905,20.85761521011591,2015
2015-11-20,0.0,0.0,0.0,0.0,0.23428446799516678,0.7941810190677643,20.527911968529224,2015
2015-11-21,0.0,0.0,0.0,0.0,0.23428446799516678,0.7544222548604012,20.45872724056244,2015
2015-11-22,0.0,0.0,0.0,0.0,0.23428446799516678,0.23428446799516678,18.355068564414978,2015
2015-11-23,0.0,0.0,0.0,0.0,0.18728764355182648,0.23428446799516678,17.407684087753296,2015
2015-11-24,0.0,0.0,0.0,0.0,0.0,0.23428446799516678,17.407684087753296,2015
2015-11-25,0.0,0.0,0.0,0.0,0.0,0.23428446799516678,17.128133803606033,2015
2015-11-26,0.0,0.0,0.0,0.0,0.0,0.23428446799516678,17.128133803606033,2015
2015-11-27,0.0,0.0,0.0,0.0,0.0,0.23428446799516678,16.800855427980423,2015
2015-11-28,0.0,0.0,0.0,0.0,0.0,0.23428446799516678,16.800855427980423,2015
2015-11-29,0.0,0.0,0.0,0.0,0.0,0.23428446799516678,16.800855427980423,2015
2015-11-30,0.0,0.0,0.0,0.0,0.0,0.23428446799516678,14.774892359972,2015
2015-12-01,0.0,0.0,0.0,0.0,0.0,0.18728764355182648,11.737010508775711,2015
2015-12-02,0.0,0.0,0.0,0.0,0.0,0.0,10.634204894304276,2015
2015-12-03,0.42882934,2.443761,0.42882934,0.4288293421268463,0.4288293421268463,0.4288293421268463,9.375304043293,2015
2015-12-04,5.7053533,18.038076,5.7053533,6.1341826021671295,6.1341826021671295,6.1341826021671295,11.075797855854034,2015
2015-12-05,0.0,0.0,0.0,6.1341826021671295,6.1341826021671295,6.1341826021671295,6.928363621234894,2015
2015-12-06,0.0,0.0,0.0,5.705353260040283,6.1341826021671295,6.1341826021671295,6.888604857027531,2015
2015-12-07,0.0,0.0,0.0,0.0,6.1341826021671295,6.1341826021671295,6.368467070162296,2015
2015-12-08,0.23095062,3.6571243,0.23095062,0.23095062375068665,6.365133225917816,6.365133225917816,6.599417693912983,2015
2015-12-09,0.47048602,1.8698211,0.47048602,0.7014366388320923,6.835619240999222,6.835619240999222,7.069903708994389,2015
2015-12-10,0.0,0.0,0.0,0.7014366388320923,6.4067898988723755,6.835619240999222,7.069903708994389,2015
2015-12-11,0.003491609,0.18505527,0.003491609,0.4739776239730418,0.7049282477237284,6.839110849890858,7.073395317886025,2015
2015-12-12,0.058523055,0.8822832,0.058523055,0.06201466405764222,0.7634513028897345,6.897633905056864,7.131918373052031,2015
2015-12-13,1.0276017,5.711817,1.0276017,1.0896163829602301,1.7910530217923224,7.925235623959452,8.159520091954619,2015
2015-12-14,0.17164706,1.668059,0.17164706,1.2577718310058117,1.96270007872954,8.09688268089667,8.331167148891836,2015
2015-12-15,0.13048357,3.094141,0.13048357,1.3297323435544968,1.8622330226935446,8.22736624861136,8.461650716606528,2015
2015-12-16,0.0,0.0,0.0,0.3021306246519089,1.391747007612139,8.22736624861136,8.414653892163187,2015
2015-12-17,0.0,0.0,0.0,0.13048356771469116,1.391747007612139,8.22736624861136,8.22736624861136,2015
2015-12-18,0.0,0.0,0.0,0.0,1.3882553987205029,7.7985369064845145,8.22736624861136,2015
2015-12-19,0.055253617,1.1227504,0.055253617,0.05525361746549606,1.3849859610199928,2.1484372639097273,8.282619866076857,2015
2015-12-20,0.0,0.0,0.0,0.05525361746549606,0.35738424211740494,2.1484372639097273,8.282619866076857,2015
2015-12-21,0.0,0.0,0.0,0.05525361746549606,0.18573718518018723,2.1484372639097273,8.282619866076857,2015
2015-12-22,0.0,0.0,0.0,0.0,0.05525361746549606,2.1484372639097273,8.282619866076857,2015
2015-12-23,0.0,0.0,0.0,0.0,0.05525361746549606,1.9174866401590407,8.282619866076857,2015
2015-12-24,0.0,0.0,0.0,0.0,0.05525361746549606,1.447000625077635,8.282619866076857,2015
2015-12-25,0.0,0.0,0.0,0.0,0.05525361746549606,1.447000625077635,8.282619866076857,2015
2015-12-26,0.0,0.0,0.0,0.0,0.0,1.443509016185999,8.282619866076857,2015
2015-12-27,0.0,0.0,0.0,0.0,0.0,1.3849859610199928,8.282619866076857,2015
2015-12-28,0.0,0.0,0.0,0.0,0.0,0.35738424211740494,8.282619866076857,2015
2015-12-29,0.0,0.0,0.0,0.0,0.0,0.18573718518018723,8.282619866076857,2015
2015-12-30,0.0,0.0,0.0,0.0,0.0,0.05525361746549606,8.282619866076857,2015
2015-12-31,0.0,0.0,0.0,0.0,0.0,0.05525361746549606,8.282619866076857,2015
2016-01-01,0.0,0.0,0.0,0.0,0.0,0.05525361746549606,8.282619866076857,2016
2016-01-02,0.0,0.0,0.0,0.0,0.0,0.05525361746549606,7.8537905239500105,2016
2016-01-03,0.0,0.0,0.0,0.0,0.0,0.0,2.1484372639097273,2016
2016-01-04,0.0,0.0,0.0,0.0,0.0,0.0,2.1484372639097273,2016
2016-01-05,0.0,0.0,0.0,0.0,0.0,0.0,2.1484372639097273,2016
2016-01-06,0.0,0.0,0.0,0.0,0.0,0.0,2.1484372639097273,2016
2016-01-07,0.08210517,1.0448927,0.08210517,0.08210516721010208,0.08210516721010208,0.08210516721010208,1.9995918073691428,2016
2016-01-08,0.0,0.0,0.0,0.08210516721010208,0.08210516721010208,0.08210516721010208,1.5291057922877371,2016
2016-01-09,1.435106,11.733291,1.435106,1.5172112062573433,1.5172112062573433,1.5172112062573433,2.9642118313349783,2016
2016-01-10,1.5265473,13.141065,1.5265473,2.9616533517837524,3.0437585189938545,3.0437585189938545,4.487267535179853,2016
2016-01-11,0.0,0.0,0.0,2.9616533517837524,3.0437585189938545,3.0437585189938545,4.428744480013847,2016
2016-01-12,0.0,0.0,0.0,1.5265473127365112,3.0437585189938545,3.0437585189938545,3.4011427611112595,2016
2016-01-13,0.0,0.0,0.0,0.0,3.0437585189938545,3.0437585189938545,3.2294957041740417,2016
2016-01-14,0.0,0.0,0.0,0.0,2.9616533517837524,3.0437585189938545,3.0990121364593506,2016
2016-01-15,0.0,0.0,0.0,0.0,2.9616533517837524,3.0437585189938545,3.0990121364593506,2016
2016-01-16,0.0,0.0,0.0,0.0,1.5265473127365112,3.0437585189938545,3.0990121364593506,2016
2016-01-17,0.0,0.0,0.0,0.0,0.0,3.0437585189938545,3.0990121364593506,2016
2016-01-18,0.0,0.0,0.0,0.0,0.0,3.0437585189938545,3.0437585189938545,2016
2016-01-19,0.0,0.0,0.0,0.0,0.0,3.0437585189938545,3.0437585189938545,2016
2016-01-20,5.421311,15.557706,5.421311,5.421310901641846,5.421310901641846,8.4650694206357,8.4650694206357,2016
2016-01-21,5.2243376,20.088982,5.2243376,10.64564847946167,10.64564847946167,13.689406998455524,13.689406998455524,2016
2016-01-22,0.62894946,7.374376,0.62894946,11.274597942829132,11.274597942829132,14.236251294612885,14.318356461822987,2016
2016-01-23,0.0,0.0,0.0,5.853287041187286,11.274597942829132,14.236251294612885,14.318356461822987,2016
2016-01-24,0.0,0.0,0.0,0.6289494633674622,11.274597942829132,12.801145255565643,14.318356461822987,2016
2016-01-25,0.0,0.0,0.0,0.0,11.274597942829132,11.274597942829132,14.318356461822987,2016
2016-01-26,0.0,0.0,0.0,0.0,11.274597942829132,11.274597942829132,14.318356461822987,2016
2016-01-27,0.4671455,4.5482316,0.4671455,0.46714550256729126,6.320432543754578,11.741743445396423,14.785501964390278,2016
2016-01-28,0.877404,4.0001717,0.877404,1.3445494771003723,1.9734989404678345,12.619147419929504,15.662905938923359,2016
2016-01-29,0.0,0.0,0.0,1.3445494771003723,1.3445494771003723,12.619147419929504,15.662905938923359,2016
2016-01-30,0.060801685,0.6710272,0.060801685,0.9382056593894958,1.405351161956787,12.67994910478592,15.723707623779774,2016
2016-01-31,0.0,0.0,0.0,0.060801684856414795,1.405351161956787,12.67994910478592,15.723707623779774,2016
2016-02-01,0.0,0.0,0.0,0.060801684856414795,1.405351161956787,12.67994910478592,15.723707623779774,2016
2016-02-02,0.002083312,0.11041553,0.002083312,0.0020833120215684175,1.4074344739783555,12.682032416807488,15.725790935801342,2016
2016-02-03,0.0,0.0,0.0,0.0020833120215684175,0.9402889714110643,12.682032416807488,15.725790935801342,2016
2016-02-04,0.0,0.0,0.0,0.0020833120215684175,0.06288499687798321,7.260721515165642,15.725790935801342,2016
2016-02-05,0.0,0.0,0.0,0.0,0.06288499687798321,2.0363839373458177,15.725790935801342,2016
2016-02-06,0.0,0.0,0.0,0.0,0.0020833120215684175,1.4074344739783555,15.64368576859124,2016
2016-02-07,0.0,0.0,0.0,0.0,0.0020833120215684175,1.4074344739783555,15.64368576859124,2016
2016-02-08,0.0,0.0,0.0,0.0,0.0020833120215684175,1.4074344739783555,14.208579729543999,2016
2016-02-09,0.14279264,1.6044062,0.14279264,0.14279264211654663,0.14279264211654663,1.5502271160949022,12.824825058924034,2016
2016-02-10,2.6560562,9.890914,2.6560562,2.798848807811737,2.798848807811737,4.206283281790093,15.480881224619225,2016
2016-02-11,0.19294818,2.172056,0.19294818,2.991796985268593,2.991796985268593,3.932085956679657,15.67382940207608,2016
2016-02-12,0.6345527,4.83672,0.6345527,3.4835570603609085,3.626349702477455,3.6892346993554384,16.308382119284943,2016
2016-02-13,0.0,0.0,0.0,0.8275008946657181,3.626349702477455,3.6892346993554384,16.308382119284943,2016
2016-02-14,0.0,0.0,0.0,0.6345527172088623,3.626349702477455,3.6284330144990236,16.308382119284943,2016
2016-02-15,0.0,0.0,0.0,0.0,3.626349702477455,3.6284330144990236,16.308382119284943,2016
2016-02-16,0.0,0.0,0.0,0.0,3.4835570603609085,3.6284330144990236,16.308382119284943,2016
2016-02-17,0.0,0.0,0.0,0.0,0.8275008946657181,3.626349702477455,16.308382119284943,2016
2016-02-18,0.0,0.0,0.0,0.0,0.6345527172088623,3.626349702477455,16.308382119284943,2016
2016-02-19,0.0,0.0,0.0,0.0,0.0,3.626349702477455,10.887071217643097,2016
2016-02-20,0.0,0.0,0.0,0.0,0.0,3.626349702477455,5.662733639823273,2016
2016-02-21,0.0,0.0,0.0,0.0,0.0,3.626349702477455,5.033784176455811,2016
2016-02-22,3.0081196,26.43567,3.0081196,3.008119583129883,3.008119583129883,6.634469285607338,8.041903759585693,2016
2016-02-23,0.0,0.0,0.0,3.008119583129883,3.008119583129883,6.634469285607338,8.041903759585693,2016
2016-02-24,0.7026843,6.7560186,0.7026843,3.7108038663864136,3.7108038663864136,7.194360926747322,8.744588042842224,2016
2016-02-25,3.5831268,41.906925,3.5831268,4.285811066627502,7.293930649757385,8.121431544423103,12.327714826213196,2016
2016-02-26,0.0724526,1.1041553,0.0724526,4.358263663947582,7.366383247077465,8.000935964286327,11.933021920965984,2016
2016-02-27,0.04289791,0.5032704,0.04289791,3.698477290570736,7.4092811569571495,7.4092811569571495,11.098515856312588,2016
2016-02-28,0.32317495,3.355136,0.32317495,0.4385254606604576,7.732456110417843,7.732456110417843,11.421690809773281,2016
2016-02-29,0.5332387,5.535974,0.5332387,0.8993115723133087,5.257575236260891,8.265694819390774,11.894127833889797,2016
2016-03-01,0.45122182,2.6909206,0.45122182,1.307635486125946,5.708797059953213,8.716916643083096,12.345349657582119,2016
2016-03-02,0.0032858262,0.17414878,0.0032858262,0.9877463588491082,5.0093986028805375,8.720202469266951,12.348635483765975,2016
2016-03-03,0.074709624,0.6554835,0.074709624,0.529217273928225,1.5009814435616136,8.794912093318999,12.421261795796454,2016
2016-03-04,0.7671333,5.618724,0.7671333,0.8451287457719445,2.195662141777575,9.56204538885504,13.188395091332495,2016
2016-03-05,0.57336235,9.123977,0.57336235,1.4152052700519562,2.7261265823617578,10.135407739318907,13.761757441796362,2016
2016-03-06,0.0,0.0,0.0,1.3404956459999084,2.4029516289010644,10.135407739318907,13.761757441796362,2016
2016-03-07,0.10942606,0.694336,0.10942606,0.6827884092926979,1.9791389787569642,10.244833798147738,13.871183500625193,2016
2016-03-08,0.0,0.0,0.0,0.10942605882883072,1.5279171550646424,7.236714215017855,13.871183500625193,2016
2016-03-09,0.9465508,14.285843,0.9465508,1.0559768453240395,2.4711821153759956,8.183265001513064,14.817734287120402,2016
2016-03-10,0.58321476,6.9137287,0.58321476,1.529765546321869,2.979687251150608,8.063795478083193,15.258156404830515,2016
2016-03-11,0.17847557,2.5574074,0.17847557,1.708241119980812,2.39102952927351,4.659144268371165,12.780575812794268,2016
2016-03-12,0.3638878,4.0676966,0.3638878,1.1255781203508377,2.181554965674877,4.950579457916319,12.951515422202647,2016
2016-03-13,0.0,0.0,0.0,0.5423633605241776,2.181554965674877,4.907681548036635,12.316962704993784,2016
2016-03-14,0.4025955,7.2787747,0.4025955,0.7664832770824432,2.4747243970632553,4.98710208479315,12.719558195210993,2016
2016-03-15,0.0,0.0,0.0,0.40259549021720886,2.4747243970632553,4.4538633758202195,12.719558195210993,2016
2016-03-16,0.0,0.0,0.0,0.40259549021720886,1.5281736105680466,4.002641552127898,12.719558195210993,2016
2016-03-17,0.0,0.0,0.0,0.0,0.9449588507413864,3.999355725944042,12.719558195210993,2016
2016-03-18,0.0,0.0,0.0,0.0,0.7664832770824432,3.9246461018919945,12.719558195210993,2016
2016-03-19,0.0,0.0,0.0,0.0,0.40259549021720886,3.157512806355953,12.719558195210993,2016
2016-03-20,3.7687604,16.036106,3.7687604,3.7687604427337646,4.1713559329509735,6.352910898625851,16.488318637944758,2016
2016-03-21,9.665421,29.24208,9.665421,13.434180974960327,13.434180974960327,16.018331430852413,26.15373917017132,2016
2016-03-22,1.6732935,9.827084,1.6732935,15.107474446296692,15.107474446296692,17.582198843359947,27.827032641507685,2016
2016-03-23,0.31228447,2.8489475,0.31228447,11.65099847316742,15.419758915901184,17.89448331296444,25.131197527982295,2016
2016-03-24,0.012839772,0.6805079,0.012839772,1.9984177127480507,15.432598687708378,16.960772298276424,25.14403729978949,2016
2016-03-25,0.0,0.0,0.0,0.32512424141168594,15.432598687708378,16.377557538449764,24.441353016532958,2016
2016-03-26,0.0,0.0,0.0,0.012839771807193756,15.432598687708378,16.19908196479082,20.858226233161986,2016
2016-03-27,0.09111087,1.3225801,0.09111087,0.09111087024211884,11.754949115216732,15.926305048167706,20.876884506084025,2016
2016-03-28,16.765968,43.744347,16.765968,16.857079192996025,18.855496905744076,32.69227337092161,37.59995491895825,2016
2016-03-29,14.813921,35.181847,14.813921,31.67100016772747,31.996124409139156,47.10359885543585,52.090700940229,2016
2016-03-30,1.9850067,14.663009,1.9850067,33.56489598751068,33.668846629559994,49.08860554546118,53.5424689212814,2016
2016-03-31,4.1291203,12.9882,4.1291203,20.928048014640808,37.78512720763683,53.21772589534521,57.22036744747311,2016
2016-04-01,20.887218,57.809345,20.887218,27.00134551525116,58.67234568297863,74.10494437068701,78.10430009663105,2016
2016-04-02,0.76547486,3.4079466,0.76547486,25.78181368112564,59.43782053887844,74.87041922658682,78.79506532847881,2016
2016-04-03,2.077963,5.7170315,2.077963,23.730656445026398,61.42467278242111,76.94838234037161,80.10589514672756,2016
2016-04-04,5.172166,60.027035,5.172166,8.015603840351105,49.83087033033371,78.35178776830435,84.7046986669302,2016
2016-04-05,12.004405,80.012825,12.004405,19.254534006118774,47.021354377269745,80.69077225774527,96.70910368859768,2016
2016-04-06,27.474167,130.42706,27.474167,44.65073776245117,72.5105145573616,106.49164565652609,124.07384449988604,2016
2016-04-07,5.276047,35.48554,5.276047,44.754619121551514,73.65744143724442,111.45540841668844,129.34989172965288,2016
2016-04-08,32.063038,179.97078,32.063038,64.81325197219849,84.83326083421707,143.5056065171957,160.46637881547213,2016
2016-04-09,7.9451494,48.91281,7.9451494,45.28423452377319,92.01293540000916,151.4507559388876,167.82831347733736,2016
2016-04-10,1.7867465,9.782612,1.7867465,41.794933795928955,91.72171878814697,153.2375024408102,169.43658440560102,2016
2016-04-11,0.46029773,5.5385103,0.46029773,10.192193657159805,87.00985065102577,153.6066893041134,169.5329943522811,2016
2016-04-12,5.983303,34.389507,5.983303,8.23034730553627,80.98874869942665,142.82402405142784,175.51629742234945,2016
2016-04-13,8.615369,54.168976,8.615369,15.058969646692276,62.12995067238808,136.625471919775,183.72907077521086,2016
2016-04-14,24.818014,171.30649,24.818014,39.416686058044434,81.67191758751869,159.45847937464714,208.54708492010832,2016
2016-04-15,17.501175,66.41451,17.501175,50.93455791473389,67.11005464196205,172.83053395152092,226.04825984686613,2016
2016-04-16,14.96953,66.50136,14.96953,57.288719177246094,74.13443532586098,166.91284558176994,241.01778995245695,2016
2016-04-17,42.777096,119.83804,42.777096,75.24780082702637,115.1247846186161,208.92446652054787,283.7948857471347,2016
2016-04-18,21.122671,46.86632,21.122671,78.86929702758789,135.78715801239014,227.9691745340824,304.917556874454,2016
2016-04-19,39.568737,167.96172,39.568737,103.46850395202637,169.37259197235107,262.3657456934452,340.71753346174955,2016
2016-04-20,17.879229,84.09305,17.879229,78.57063674926758,178.6364517211914,268.24056926369667,348.93134152144194,2016
2016-04-21,14.276138,51.40982,14.276138,71.7241039276123,168.094575881958,255.04254069924355,361.53418635576963,2016
2016-04-22,19.553911,74.40729,19.553911,51.70927810668945,170.14731216430664,269.32040467858315,380.7758130952716,2016
2016-04-23,20.279915,102.469894,20.279915,54.10996437072754,175.45769691467285,257.5372816622257,401.0428881794214,2016
2016-04-24,70.45148,373.88596,70.45148,110.28530311584473,203.13207817077637,320.0436092913151,471.4943652302027,2016
2016-04-25,24.458267,118.027916,24.458267,115.18965911865234,206.4676742553711,342.71513000130653,495.95263244211674,2016
2016-04-26,2.911234,32.3834,2.911234,97.82097816467285,169.81017112731934,345.16606616973877,498.77275547385216,2016
2016-04-27,9.901706,28.03219,9.901706,37.271206855773926,161.83264827728271,349.08446884155273,491.9084928929806,2016
2016-04-28,4.6078696,30.98443,4.6078696,17.420809268951416,152.1643795967102,345.0769696235657,481.7024415433407,2016
2016-04-29,18.5477,42.145725,18.5477,33.057276248931885,151.15816926956177,338.8066563606262,498.26513573527336,2016
2016-04-30,4.38871,17.007858,4.38871,27.544280529022217,135.2669644355774,325.69419145584106,498.524725407362,2016
2016-05-01,17.361431,59.91698,17.361431,40.297842025756836,82.17691850662231,328.0860924720764,494.99893805384636,2016
2016-05-02,11.844943,31.341246,11.844943,33.59508419036865,69.56359434127808,297.1539397239685,506.0784062445164,2016
2016-05-03,1.1826794,6.3929267,1.1826794,30.38905358314514,67.83503985404968,277.2139480113983,505.1831225454807,2016
2016-05-04,7.996879,25.199083,7.996879,21.02450156211853,65.93021321296692,245.64209008216858,508.0078357756138,2016
2016-05-05,10.881758,32.841793,10.881758,20.06131625175476,72.20410132408142,238.6446192264557,506.88518849015236,2016
2016-05-06,13.121422,55.897102,13.121422,32.00005865097046,66.77782225608826,237.48990273475647,492.532443434,2016
2016-05-07,12.131623,35.454224,12.131623,36.13480281829834,74.52073550224304,230.06761479377747,499.3880194723606,2016
2016-05-08,8.074154,37.730846,8.074154,33.32719898223877,65.23345828056335,217.86185383796692,475.39913550019264,2016
2016-05-09,0.0069488455,0.26122317,0.0069488455,20.212726013734937,53.39546407945454,147.41732563264668,467.46093492396176,2016
2016-05-10,4.3639855,32.099735,4.3639855,12.445088284090161,56.57677020318806,127.32304395921528,470.0381739605218,2016
2016-05-11,0.11816043,1.3146917,0.11816043,4.489094810560346,48.69805152900517,124.52997048385441,469.6960366535932,2016
2016-05-12,2.808502,15.044517,2.808502,7.290647923946381,40.62479575164616,117.43676670081913,466.52123554237187,2016
2016-05-13,9.60254,40.725292,9.60254,12.529202401638031,37.105913953855634,122.4314370919019,467.5084067154676,2016
2016-05-14,11.85124,38.227886,11.85124,24.262282133102417,36.82553084380925,115.73497636802495,454.54163272865117,2016
2016-05-15,28.817968,59.352863,28.817968,50.271748542785645,57.569345312193036,140.16423471458256,465.8584261704236,2016
2016-05-16,40.80578,150.87308,40.80578,81.4749870300293,98.36817497015,163.60858209617436,491.6946745682508,2016
2016-05-17,74.31102,286.9883,74.31102,143.93476676940918,168.31520932912827,226.07465894706547,523.228598671034,2016
2016-05-18,81.38924,245.53896,81.38924,196.50603485107422,249.5862853527069,306.28121598251164,583.49516399391,2016
2016-05-19,25.094875,95.65442,25.094875,180.7951316833496,271.8726587295532,323.37921221740544,569.021302299574,2016
2016-05-20,1.6880451,6.321783,1.6880451,108.17215692996979,263.95816385746,314.1854996252805,552.8301188517362,2016
2016-05-21,18.0905,64.05721,18.0905,44.87342035770416,270.19742357730865,319.15457768924534,556.6444804240018,2016
2016-05-22,33.115536,154.9573,33.115536,52.89408075809479,274.49499094486237,340.1384901572019,570.2061049509794,2016
2016-05-23,6.391329,37.759907,6.391329,57.59736442565918,240.0805412530899,338.4556650687009,556.3175189066678,2016
2016-05-24,3.099181,35.090977,3.099181,42.60604548454285,168.86870229244232,341.54789716005325,488.96522279269993,2016
2016-05-25,6.0956564,25.337376,6.0956564,15.586166143417358,93.5751222372055,343.2795680165291,470.60261197574437,2016
2016-05-26,9.504621,21.852617,9.504621,18.69945788383484,77.98486745357513,352.6660281419754,477.1959986258298,2016
2016-05-27,13.200828,29.354752,13.200828,28.80110454559326,89.4976499080658,363.05835378170013,480.49512048251927,2016
2016-05-28,14.780685,71.98598,14.780685,37.48613357543945,86.1878354549408,368.2364991903305,490.6679362822324,2016
2016-05-29,9.372732,28.815586,9.372732,37.35424518585205,62.4450318813324,365.75799119472504,481.49296756275,2016
2016-05-30,3.666824,11.727859,3.666824,27.820241689682007,59.72052717208862,340.6068469285965,480.77108164317906,2016
2016-05-31,56.215538,258.62814,56.215538,69.25509428977966,112.83688426017761,356.0166064500809,519.6251885462552,2016
2016-06-01,11.741056,48.71028,11.741056,71.62341856956482,118.48228430747986,293.4466429948807,519.5213019419461,2016
2016-06-02,3.2235868,19.796602,3.2235868,71.18018126487732,112.2012505531311,215.2809933423996,521.5622093249112,2016
2016-06-03,2.5306108,30.91141,2.5306108,17.495254039764404,101.53103375434875,192.71672880649567,516.0959410239011,2016
2016-06-04,0.75784045,4.766861,0.75784045,6.512038052082062,87.50818878412247,191.78652411699295,505.97202374227345,2016
2016-06-05,4.1108313,19.778194,4.1108313,7.399282515048981,82.24628788232803,177.80685549974442,496.96143318898976,2016
2016-06-06,10.190723,31.245296,10.190723,15.059395134449005,88.77018719911575,154.88204318284988,495.02053334005177,2016
2016-06-07,18.52185,68.29995,18.52185,32.823405265808105,51.07649976015091,167.01256495714188,505.4682300258428,2016
2016-06-08,7.9390297,41.119675,7.9390297,36.65160369873047,47.27447301149368,171.85241371393204,513.4003108739853,2016
2016-06-09,20.370298,95.989586,20.370298,46.83117866516113,64.42118459939957,186.12705570459366,529.4066237211227,2016
2016-06-10,6.260646,22.214115,6.260646,34.569973945617676,68.15121966600418,182.8830810189247,535.5491091609001,2016
2016-06-11,3.760361,21.843632,3.760361,30.391305208206177,71.1537401676178,173.44261437654495,536.5009681582451,2016
2016-06-12,4.1858997,47.471455,4.1858997,14.20690655708313,71.22880864143372,162.84782868623734,531.0843278765678,2016
2016-06-13,9.3116665,40.138905,9.3116665,17.257927179336548,70.34975171089172,162.7867630124092,528.5447542071342,2016
2016-06-14,12.935395,41.90745,12.935395,26.432961463928223,64.76329636573792,172.05533415079117,512.6621810793877,2016
2016-06-15,30.32068,136.67094,30.32068,52.567742347717285,87.14494729042053,146.16047674417496,502.17708319425583,2016
2016-06-16,5.1230664,45.397453,5.1230664,48.37914228439331,71.8977153301239,139.5424867272377,432.9891297221184,2016
2016-06-17,9.296245,64.822754,9.296245,44.739991664886475,74.93331408500671,145.61514455080032,360.8961378931999,2016
2016-06-18,20.429825,83.55865,20.429825,34.849135875701904,91.60277795791626,163.51435858011246,356.2310873866081,2016
2016-06-19,16.359777,69.564964,16.359777,46.08584690093994,103.77665567398071,179.11629557609558,370.90281969308853,2016
2016-06-20,17.537924,86.01531,17.537924,54.3275260925293,112.00291299819946,192.54338812828064,370.35024362802505,2016
2016-06-21,27.071331,143.6297,27.071331,60.969032287597656,126.1388487815857,209.4239957332611,364.306038916111,2016
2016-06-22,54.098347,157.7773,54.098347,98.70760154724121,149.91651487350464,245.0004918575287,412.01305681467056,2016
2016-06-23,27.013664,65.245804,27.013664,108.18334197998047,171.80711269378662,264.07512640953064,435.9275401234627,2016
2016-06-24,56.318657,227.104,56.318657,137.43066787719727,218.82952499389648,300.02348494529724,486.1505406498909,2016
2016-06-25,9.843607,40.108246,9.843607,93.17592811584473,208.24330711364746,303.60644602775574,486.48952704668045,2016
2016-06-26,9.077619,51.149536,9.077619,75.23988246917725,200.96114826202393,308.9237036705017,482.36631804704666,2016
2016-06-27,23.063599,105.710075,23.063599,41.98482418060303,206.48682308197021,327.80140256881714,490.6492312550545,2016
2016-06-28,8.072398,25.819302,8.072398,40.21361541748047,187.48789024353027,326.56213426589966,489.34889727830887,2016
2016-06-29,3.5688138,49.48306,3.5688138,34.70481061935425,136.95835733413696,317.19555282592773,489.2508869767189,2016
2016-06-30,5.676666,26.161955,5.676666,17.317877769470215,115.62135887145996,292.55153799057007,438.712014734745,2016
2016-07-01,7.37497,31.008621,7.37497,16.620449542999268,66.67767190933228,294.8034415245056,434.3459282517433,2016
2016-07-02,40.392796,114.37872,40.392796,53.44443130493164,97.22686052322388,325.8999924659729,471.5151370167732,2016
2016-07-03,32.37698,93.95079,32.37698,80.14474534988403,120.52622175216675,337.8471474647522,501.36150604486465,2016
2016-07-04,44.074524,167.50943,44.074524,116.84429931640625,141.5371470451355,365.5618939399719,544.6781895160675,2016
2016-07-05,41.39228,139.85495,41.39228,117.84378433227539,174.8570294380188,389.416250705719,581.9596388339996,2016
2016-07-06,23.432226,95.60485,23.432226,108.8990306854248,194.7204418182373,385.77714586257935,595.2011415958405,2016
2016-07-07,15.678638,45.84897,15.678638,80.50314521789551,204.7224144935608,347.3574376106262,592.3579294681549,2016
2016-07-08,3.247485,10.141778,3.247485,42.358349561691284,200.59492945671082,323.5912582874298,587.6663846969604,2016
2016-07-09,6.968982,28.708963,6.968982,25.895105600357056,167.17111611366272,274.24158358573914,574.2650685310364,2016
2016-07-10,18.970108,56.205914,18.970108,29.186575174331665,153.76424431800842,283.36808466911316,586.9745306968689,2016
2016-07-11,10.016392,35.263306,10.016392,35.955482006073,119.70611214637756,284.30685782432556,593.2305614948273,2016
2016-07-12,12.408263,38.9891,12.408263,41.39476299285889,90.72209477424622,273.651522397995,601.4529249668121,2016
2016-07-13,13.30222,56.396027,13.30222,35.72687530517578,80.5920889377594,278.8813445568085,605.4434788227081,2016
2016-07-14,22.935888,77.80867,22.935888,48.646371841430664,87.84933876991272,298.248419046402,615.4439718723297,2016
2016-07-15,9.6319475,64.1528,9.6319475,45.87005615234375,94.23380136489868,302.20370078086853,594.7552387714386,2016
2016-07-16,26.877838,104.22947,26.877838,59.44567394256592,114.14265727996826,321.7065689563751,616.5100104808807,2016
2016-07-17,65.881935,240.27965,65.881935,102.39172077178955,161.0544843673706,347.1957085132599,673.0957009792328,2016
2016-07-18,49.501026,231.0534,49.501026,142.26079940795898,200.53911876678467,364.3197548389435,702.1669023036957,2016
2016-07-19,74.65831,410.50092,74.65831,190.0412712097168,262.7891654968262,394.90354084968567,760.4654347896576,2016
2016-07-20,58.924694,286.15308,58.924694,183.0840301513672,308.411639213562,412.4359543323517,801.8522050380707,2016
2016-07-21,60.460293,211.9745,60.460293,194.04329681396484,345.93604373931885,449.4640209674835,835.2411668300629,2016
2016-07-22,29.505623,92.66845,29.505623,148.89060974121094,365.80971908569336,463.2910053730011,810.6484429836273,2016
2016-07-23,50.647366,244.36646,50.647366,140.61328125,389.5792465209961,510.6908860206604,834.2821443080902,2016
2016-07-24,59.959236,369.47952,59.959236,140.11222457885742,383.6565475463867,563.6811399459839,837.922723531723,2016
2016-07-25,40.50187,233.9287,40.50187,151.10847091674805,374.6573905944824,585.2129011154175,868.5809857845306,2016
2016-07-26,49.844265,156.56735,49.844265,150.30537033081055,349.84334564208984,625.040774345398,909.3476321697235,2016
2016-07-27,4.349961,28.169601,4.349961,94.69609498977661,295.26861238479614,616.9824719429016,890.6339943408966,2016
2016-07-28,6.574959,27.214405,6.574959,60.769184589385986,241.38327836990356,610.2552103996277,889.1365549564362,2016
2016-07-29,10.545567,46.80126,10.545567,21.470486164093018,222.42322206497192,597.8648886680603,896.1133077144623,2016
2016-07-30,12.662924,37.465576,12.662924,29.783449172973633,184.43878030776978,600.8958649635315,903.0995657444,2016
2016-07-31,1.3448043,14.980866,1.3448043,24.55329465866089,125.82434844970703,575.3628311157227,897.0694000720978,2016
2016-08-01,4.9215035,26.281029,4.9215035,18.929231643676758,90.24398279190063,514.4023995399475,861.5981080532074,2016
2016-08-02,7.2859383,94.79522,7.2859383,13.55224609375,47.68565607070923,472.1873116493225,836.507066488266,2016
2016-08-03,1.2440007,7.820341,1.2440007,13.45144248008728,44.5796959400177,398.77300238609314,793.6765432357788,2016
2016-08-04,4.6522408,21.393406,4.6522408,13.182179689407349,42.656977891922,344.50054907798767,756.9365034103394,2016
2016-08-05,7.66078,24.106615,7.66078,13.557021379470825,39.772191286087036,291.7010362148285,741.165057182312,2016
2016-08-06,9.546485,48.829014,9.546485,21.859505653381348,36.655752420425415,271.74189829826355,735.0329036712646,2016
2016-08-07,5.6053805,18.779217,5.6053805,22.812645435333252,40.91632866859436,226.69991326332092,737.3907992839813,2016
2016-08-08,2.453886,8.416312,2.453886,17.605751514434814,38.44871115684509,169.19456315040588,732.8757030963898,2016
2016-08-09,12.644981,41.34289,12.644981,20.70424795150757,43.80775427818298,141.33767533302307,726.5505764484406,2016
2016-08-10,6.257418,89.67557,6.257418,21.356285572052002,48.82117176055908,97.75082850456238,722.7916028499603,2016
2016-08-11,2.544915,15.251598,2.544915,21.447314500808716,46.71384596824646,95.94578266143799,712.9282546043396,2016
2016-08-12,9.02079,55.370907,9.02079,17.82312321662903,48.07385611534119,98.39161396026611,708.6468243598938,2016
2016-08-13,19.54118,143.98225,19.54118,31.106884717941284,58.06855082511902,107.38722705841064,705.252115726471,2016
2016-08-14,4.73799,22.84108,4.73799,33.299959659576416,57.201160192489624,99.46229314804077,700.3581581115723,2016
2016-08-15,4.441439,22.230597,4.441439,28.720608711242676,59.18871331214905,102.5589280128479,677.9217591285706,2016
2016-08-16,7.853243,22.699493,7.853243,17.03267192840576,54.39697480201721,105.49066734313965,619.8930668830872,2016
2016-08-17,0.21080886,1.3250425,0.21080886,12.505490884184837,48.35036550462246,98.41553793847561,570.6028495877981,2016
2016-08-18,8.422365,76.606575,8.422365,16.486416921019554,54.227815732359886,105.59390245378017,504.3669048398733,2016
2016-08-19,1.5285327,5.3375726,1.5285327,10.161706790328026,46.73555837571621,102.47019444406033,446.970743522048,2016
2016-08-20,1.5817533,8.63114,1.5817533,11.53265118598938,28.776131972670555,96.39116774499416,388.09220395982265,2016
2016-08-21,2.5005252,8.122471,2.5005252,5.610811233520508,26.538667306303978,89.34520803391933,361.0871063321829,2016
2016-08-22,8.62023,35.62939,8.62023,12.702508211135864,30.717457875609398,92.36005721986294,319.05997048318386,2016
2016-08-23,0.34368563,2.8565168,0.34368563,11.46444058418274,23.207900628447533,90.24985681474209,259.444419965148,2016
2016-08-24,1.0645043,6.8219295,1.0645043,10.028419613838196,24.061596035957336,78.66937969624996,220.00705502927303,2016
2016-08-25,0.44235432,5.1741595,0.44235432,1.8505442142486572,16.0815851688385,72.8543158620596,170.60514436662197,2016
2016-08-26,6.3910503,21.697947,6.3910503,7.897908926010132,20.94410276412964,76.7004512399435,172.6462339013815,2016
2016-08-27,1.9103929,15.625436,1.9103929,8.743797540664673,21.27274239063263,69.5900540202856,167.98166798055172,2016
2016-08-28,3.13094,36.19913,3.13094,11.432383179664612,21.903157114982605,53.17981432378292,160.56704138219357,2016
2016-08-29,0.39976108,3.17235,0.39976108,5.441093921661377,13.682688474655151,48.841585502028465,148.30387865006924,2016
2016-08-30,8.66802,60.57221,8.66802,12.198721289634705,22.007023096084595,53.068166598677635,155.62709461152554,2016
2016-08-31,17.302864,68.20833,17.302864,26.370645403862,38.24538290500641,62.51778779923916,168.0084551423788,2016
2016-09-01,18.486158,70.71429,18.486158,44.4570426940918,56.28918695449829,80.79313731193542,179.20867525041103,2016
2016-09-02,56.957115,281.17252,56.957115,92.74613761901855,106.85525178909302,129.32788729667664,234.9217897504568,2016
2016-09-03,33.684387,169.64563,33.684387,109.12766075134277,138.6292461156845,161.4837417602539,263.95393620431423,2016
2016-09-04,18.126993,42.93991,18.126993,108.76849555969238,153.62529933452606,178.02898168563843,274.4201494306326,2016
2016-09-05,9.16295,31.111721,9.16295,60.97432994842529,162.38848781585693,184.69140601158142,274.03661404550076,2016
2016-09-06,8.185117,63.2412,8.185117,35.475059509277344,161.90558433532715,184.25629305839539,276.6163502782583,2016
2016-09-07,12.698027,53.778297,12.698027,30.046092987060547,157.3007469177246,196.61063408851624,286.8604909032583,2016
2016-09-08,4.2582884,38.35095,4.2582884,25.14143180847168,143.07287693023682,199.8044182062149,278.47379790246487,2016
2016-09-09,2.0816777,8.720606,2.0816777,19.03799271583557,88.19743943214417,201.4437415599823,274.2980574220419,2016
2016-09-10,10.490933,40.472633,10.490933,16.830899477005005,65.00398564338684,205.5436246395111,282.2440758794546,2016
2016-09-11,9.53178,45.33078,9.53178,22.10439133644104,56.408772706985474,213.16501200199127,282.7550660222769,2016
2016-09-12,6.9413347,20.469273,6.9413347,26.964048385620117,54.18715786933899,216.9754067659378,270.1552210897207,2016
2016-09-13,7.0627923,53.55627,7.0627923,23.53590726852417,53.06483340263367,223.6384379863739,272.48002348840237,2016
2016-09-14,5.1767473,28.25065,5.1767473,19.180874347686768,45.543554067611694,220.14716506004333,273.21533165872097,2016
2016-09-15,1.4210554,19.921385,1.4210554,13.660595059394836,42.706321120262146,204.26535642147064,266.7831442207098,2016
2016-09-16,3.9330213,10.313077,3.9330213,10.530824065208435,44.55766475200653,189.71221935749054,270.50535666942596,2016
2016-09-17,5.8176126,23.16189,5.8176126,11.17168939113617,39.88434398174286,138.57271683216095,267.9006041288376,2016
2016-09-18,8.273641,40.216175,8.273641,18.024274587631226,38.62620437145233,113.1619702577591,274.645712018013,2016
2016-09-19,13.051692,36.552105,13.051692,27.142945289611816,44.73656165599823,108.08666908740997,286.1156507730484,2016
2016-09-20,7.264231,32.90001,7.264231,28.589563846588135,44.938000559806824,106.18795073032379,290.8793567419052,2016
2016-09-21,13.493762,48.820847,13.493762,33.80968523025513,53.25501525402069,111.49659597873688,295.75288903713226,2016
2016-09-22,18.716461,56.420326,18.716461,39.474454402923584,70.55042099952698,117.51503050327301,314.12566459178925,2016
2016-09-23,11.056536,33.914547,11.056536,43.26675891876221,77.6739354133606,124.31327784061432,324.1176960468292,2016
2016-09-24,7.033961,26.348894,7.033961,36.806957721710205,78.89028358459473,129.2655609846115,330.7093025445938,2016
2016-09-25,5.262097,16.43749,5.262097,23.352593421936035,75.87873983383179,124.03672444820404,329.58034908771515,2016
2016-09-26,13.105563,57.233692,13.105563,25.401620864868164,75.93261098861694,127.61050736904144,340.7755193710327,2016
2016-09-27,3.4064484,30.986542,3.4064484,21.774108409881592,72.07482814788818,124.07562100887299,341.0510277748108,2016
2016-09-28,0.27546555,3.1475785,0.27546555,16.78747707605362,58.85653167963028,117.28829425573349,340.9267322421074,2016
2016-09-29,6.558224,51.235065,6.558224,10.240138113498688,46.69829469919205,118.66977113485336,338.8169361948967,2016
2016-09-30,2.5805376,14.070491,2.5805376,9.414227306842804,38.22229653596878,119.82925325632095,324.0946096777916,2016
2016-10-01,4.6296473,26.331955,4.6296473,13.768409013748169,35.81798297166824,120.52587920427322,310.23809856176376,2016
2016-10-02,0.006677792,0.21142145,0.006677792,7.216862604487687,30.5625638817437,114.71494434820488,253.28766118036583,2016
2016-10-03,1.7587537,12.733925,1.7587537,6.395078704226762,19.21575437532738,108.20005737291649,221.36202763067558,2016
2016-10-04,3.110757,15.541168,3.110757,4.876188561785966,18.920063123572618,98.25912247644737,206.34579156385735,2016
2016-10-05,0.6421007,7.0762615,0.6421007,5.511611461639404,19.286698267329484,91.63699196325615,197.82494269357994,2016
2016-10-06,5.6025357,27.5876,5.6025357,9.355393528938293,18.331009790766984,83.74576567159966,195.24236165033653,2016
2016-10-07,0.19349915,2.2515953,0.19349915,6.43813556432724,15.943971381057054,65.22280363785103,182.73783414112404,2016
2016-10-08,3.5600145,22.764456,3.5600145,9.356049358844757,14.874338612426072,57.7262824033387,182.03956024395302,2016
2016-10-09,27.918295,130.07181,27.918295,31.671808540821075,42.78595572710037,78.61061649071053,207.87617747532204,2016
2016-10-10,14.449639,33.09468,14.449639,45.92794871330261,55.476841390132904,87.7981589292176,211.83488337742165,2016
2016-10-11,44.254665,143.97568,44.254665,86.6225996017456,96.62074965238571,118.94726114021614,246.55776850925758,2016
2016-10-12,12.196146,41.475758,12.196146,70.90045070648193,108.1747949719429,127.73695878731087,251.81257979618385,2016
2016-10-13,39.681255,211.94121,39.681255,96.13206672668457,142.25351458787918,167.14274857984856,284.43104283558205,2016
2016-10-14,2.0794704,20.028551,2.0794704,53.95687174797058,144.13948583602905,162.66399477468804,281.3337659095414,2016
2016-10-15,0.0,0.0,0.0,41.76072573661804,140.5794713497162,160.0834572170861,279.91271047340706,2016
2016-10-16,1.6713283,14.270741,1.6713283,3.7507987022399902,114.3325047492981,157.12513826834038,277.6510174726136,2016
2016-10-17,0.0,0.0,0.0,1.6713283061981201,99.88286542892456,157.11846047639847,271.83340482460335,2016
2016-10-18,0.0,0.0,0.0,1.6713283061981201,55.6282000541687,155.35970681905746,263.55976419197395,2016
2016-10-19,0.0,0.0,0.0,0.0,43.43205404281616,152.2489497065544,250.5080721830018,2016
2016-10-20,0.0,0.0,0.0,0.0,3.7507987022399902,151.60684901475906,243.2438409780152,2016
2016-10-21,0.0,0.0,0.0,0.0,1.6713283061981201,146.00431329011917,229.75007896171883,2016
2016-10-22,0.0,0.0,0.0,0.0,1.6713283061981201,145.81081414222717,211.0336177800782,2016
2016-10-23,0.0,0.0,0.0,0.0,0.0,142.2507996559143,199.977082059253,2016
2016-10-24,0.0,0.0,0.0,0.0,0.0,114.3325047492981,192.94312124000862,2016
2016-10-25,0.19869174,2.21363,0.19869174,0.1986917406320572,0.1986917406320572,100.08155716955662,187.87971609877422,2016
2016-10-26,0.73012745,6.472176,0.73012745,0.9288191944360733,0.9288191944360733,56.557019248604774,175.50428038882092,2016
2016-10-27,1.7720349,6.4191847,1.7720349,2.700854077935219,2.700854077935219,46.13290812075138,173.86986690806225,2016
2016-10-28,20.735044,78.91821,20.735044,23.23720681667328,23.435898557305336,27.186697259545326,194.32944583939388,2016
2016-10-29,0.5365078,11.498715,0.5365078,23.043587148189545,23.972406342625618,25.643734648823738,188.30772942351177,2016
2016-10-30,0.052965924,2.5819116,0.052965924,21.32451818883419,24.02537226676941,25.69670057296753,185.78015779005364,2016
2016-10-31,0.08210517,1.0448927,0.08210517,0.6715788766741753,24.10747743397951,24.10747743397951,181.2326157023199,2016
2016-11-01,0.0,0.0,0.0,0.13507109135389328,23.908785693347454,24.10747743397951,181.22593791037798,2016
2016-11-02,0.08825811,0.5973944,0.08825811,0.17036327719688416,23.26691634953022,24.195735543966293,179.55544236302376,2016
2016-11-03,0.07929437,1.1574515,0.07929437,0.16755247861146927,21.57417583465576,24.27502991259098,176.5239796191454,2016
2016-11-04,0.94538635,6.246125,0.94538635,1.112938828766346,1.7845177054405212,25.220416262745857,176.82726527750492,2016
2016-11-05,3.0599618,45.020042,3.0599618,4.084642514586449,4.307971715927124,28.280378058552742,174.2846913486719,2016
2016-11-06,16.3257,56.725567,16.3257,20.331048905849457,20.580706551671028,44.60607881844044,190.4168929606676,2016
2016-11-07,17.37916,81.839226,17.37916,36.764822483062744,37.87776131182909,61.9852387458086,204.2360384017229,2016
2016-11-08,3.1090682,16.396105,3.1090682,36.813928842544556,40.986829467117786,65.0943069010973,179.4268116503954,2016
2016-11-09,0.0,0.0,0.0,20.48822808265686,40.898571357131004,64.89561516046524,164.97717233002186,2016
2016-11-10,0.0,0.0,0.0,3.1090681552886963,40.81927698850632,64.16548770666122,120.722506955266,2016
2016-11-11,0.075337574,3.9928913,0.075337574,0.07533757388591766,39.94922821223736,62.468790397048,108.60169851779938,2016
2016-11-12,0.0,0.0,0.0,0.07533757388591766,36.88926641643047,41.73374591767788,68.9204431772232,2016
2016-11-13,0.0,0.0,0.0,0.07533757388591766,20.563565656542778,41.1972381323576,66.84097278118134,2016
2016-11-14,0.0,0.0,0.0,0.0,3.184405729174614,41.144272208213806,66.84097278118134,2016
2016-11-15,0.0,0.0,0.0,0.0,0.07533757388591766,41.062167041003704,65.16964447498322,2016
2016-11-16,0.0,0.0,0.0,0.0,0.07533757388591766,41.062167041003704,65.16964447498322,2016
2016-11-17,0.0,0.0,0.0,0.0,0.07533757388591766,40.97390893101692,65.16964447498322,2016
2016-11-18,0.0,0.0,0.0,0.0,0.0,40.894614562392235,65.16964447498322,2016
2016-11-19,0.0,0.0,0.0,0.0,0.0,39.94922821223736,65.16964447498322,2016
2016-11-20,0.0,0.0,0.0,0.0,0.0,36.88926641643047,65.16964447498322,2016
2016-11-21,0.0,0.0,0.0,0.0,0.0,20.563565656542778,65.16964447498322,2016
2016-11-22,0.0,0.0,0.0,0.0,0.0,3.184405729174614,65.16964447498322,2016
2016-11-23,0.0,0.0,0.0,0.0,0.0,0.07533757388591766,65.16964447498322,2016
2016-11-24,0.0,0.0,0.0,0.0,0.0,0.07533757388591766,64.97095273435116,2016
2016-11-25,0.0,0.0,0.0,0.0,0.0,0.07533757388591766,64.24082528054714,2016
2016-11-26,0.029496841,0.43537194,0.029496841,0.02949684113264084,0.02949684113264084,0.02949684113264084,62.49828723818064,2016
2016-11-27,0.0,0.0,0.0,0.02949684113264084,0.02949684113264084,0.02949684113264084,41.76324275881052,2016
2016-11-28,0.16285296,2.002711,0.16285296,0.19234979897737503,0.19234979897737503,0.19234979897737503,41.38958793133497,2016
2016-11-29,0.0,0.0,0.0,0.1628529578447342,0.19234979897737503,0.19234979897737503,41.33662200719118,2016
2016-11-30,0.039674584,0.52244633,0.039674584,0.20252754166722298,0.23202438279986382,0.23202438279986382,41.29419142380357,2016
2016-12-01,0.0,0.0,0.0,0.039674583822488785,0.23202438279986382,0.23202438279986382,41.29419142380357,2016
2016-12-02,0.0,0.0,0.0,0.039674583822488785,0.23202438279986382,0.23202438279986382,41.205933313816786,2016
2016-12-03,0.0,0.0,0.0,0.0,0.20252754166722298,0.23202438279986382,41.1266389451921,2016
2016-12-04,0.0,0.0,0.0,0.0,0.20252754166722298,0.23202438279986382,40.18125259503722,2016
2016-12-05,0.0,0.0,0.0,0.0,0.039674583822488785,0.23202438279986382,37.12129079923034,2016
2016-12-06,0.0,0.0,0.0,0.0,0.039674583822488785,0.23202438279986382,20.795590039342642,2016
2016-12-07,0.0,0.0,0.0,0.0,0.0,0.23202438279986382,3.4164301119744778,2016
2016-12-08,0.0,0.0,0.0,0.0,0.0,0.23202438279986382,0.3073619566857815,2016
2016-12-09,0.0,0.0,0.0,0.0,0.0,0.23202438279986382,0.3073619566857815,2016
2016-12-10,0.0,0.0,0.0,0.0,0.0,0.23202438279986382,0.3073619566857815,2016
2016-12-11,0.0,0.0,0.0,0.0,0.0,0.20252754166722298,0.23202438279986382,2016
2016-12-12,0.0,0.0,0.0,0.0,0.0,0.20252754166722298,0.23202438279986382,2016
2016-12-13,0.0,0.0,0.0,0.0,0.0,0.039674583822488785,0.23202438279986382,2016
2016-12-14,0.0,0.0,0.0,0.0,0.0,0.039674583822488785,0.23202438279986382,2016
2016-12-15,0.0,0.0,0.0,0.0,0.0,0.0,0.23202438279986382,2016
2016-12-16,0.0,0.0,0.0,0.0,0.0,0.0,0.23202438279986382,2016
2016-12-17,0.0,0.0,0.0,0.0,0.0,0.0,0.23202438279986382,2016
2016-12-18,0.0,0.0,0.0,0.0,0.0,0.0,0.23202438279986382,2016
2016-12-19,0.0,0.0,0.0,0.0,0.0,0.0,0.23202438279986382,2016
2016-12-20,0.0,0.0,0.0,0.0,0.0,0.0,0.23202438279986382,2016
2016-12-21,0.18279177,1.4886475,0.18279177,0.18279176950454712,0.18279176950454712,0.18279176950454712,0.41481615230441093,2016
2016-12-22,0.0,0.0,0.0,0.18279176950454712,0.18279176950454712,0.18279176950454712,0.41481615230441093,2016
2016-12-23,0.0,0.0,0.0,0.18279176950454712,0.18279176950454712,0.18279176950454712,0.41481615230441093,2016
2016-12-24,0.039674584,0.52244633,0.039674584,0.039674583822488785,0.2224663533270359,0.2224663533270359,0.4544907361268997,2016
2016-12-25,0.017801872,0.27444965,0.017801872,0.057476455345749855,0.24026822485029697,0.24026822485029697,0.4722926076501608,2016
2016-12-26,0.022393147,0.63020915,0.022393147,0.0798696018755436,0.2626613713800907,0.2626613713800907,0.4651889130473137,2016
2016-12-27,6.8818245,19.285122,6.8818245,6.922019511461258,7.144485864788294,7.144485864788294,7.347013406455517,2016
2016-12-28,0.0,0.0,0.0,6.904217639937997,6.961694095283747,7.144485864788294,7.184160448610783,2016
2016-12-29,0.0,0.0,0.0,6.881824493408203,6.961694095283747,7.144485864788294,7.184160448610783,2016
2016-12-30,0.0,0.0,0.0,0.0,6.961694095283747,7.144485864788294,7.144485864788294,2016
2016-12-31,0.0,0.0,0.0,0.0,6.922019511461258,7.144485864788294,7.144485864788294,2016
2017-01-01,0.0,0.0,0.0,0.0,6.904217639937997,7.144485864788294,7.144485864788294,2017
2017-01-02,0.0,0.0,0.0,0.0,6.881824493408203,7.144485864788294,7.144485864788294,2017
2017-01-03,0.0,0.0,0.0,0.0,0.0,7.144485864788294,7.144485864788294,2017
2017-01-04,0.12019665,1.0960943,0.12019665,0.12019664794206619,0.12019664794206619,7.26468251273036,7.26468251273036,2017
2017-01-05,1.1198509,9.788977,1.1198509,1.2400475218892097,1.2400475218892097,8.201741617172956,8.384533386677504,2017
2017-01-06,0.18393067,1.4899756,0.18393067,1.4239781871438026,1.4239781871438026,8.38567228242755,8.568464051932096,2017
2017-01-07,0.0,0.0,0.0,1.3037815392017365,1.4239781871438026,8.38567228242755,8.568464051932096,2017
2017-01-08,0.0,0.0,0.0,0.1839306652545929,1.4239781871438026,8.34599769860506,8.568464051932096,2017
2017-01-09,0.0,0.0,0.0,0.0,1.4239781871438026,8.3281958270818,8.568464051932096,2017
2017-01-10,0.0,0.0,0.0,0.0,1.4239781871438026,8.305802680552006,8.568464051932096,2017
2017-01-11,0.11039922,1.1687373,0.11039922,0.11039921641349792,1.4141807556152344,1.5343774035573006,8.678863268345594,2017
2017-01-12,0.0,0.0,0.0,0.11039921641349792,0.2943298816680908,1.5343774035573006,8.678863268345594,2017
2017-01-13,0.029505353,0.31316984,0.029505353,0.13990456983447075,0.13990456983447075,1.5638827569782734,8.708368621766567,2017
2017-01-14,0.0,0.0,0.0,0.029505353420972824,0.13990456983447075,1.5638827569782734,8.708368621766567,2017
2017-01-15,0.0,0.0,0.0,0.029505353420972824,0.13990456983447075,1.5638827569782734,8.708368621766567,2017
2017-01-16,0.0,0.0,0.0,0.0,0.13990456983447075,1.5638827569782734,8.708368621766567,2017
2017-01-17,0.0,0.0,0.0,0.0,0.13990456983447075,1.5638827569782734,8.708368621766567,2017
2017-01-18,0.0,0.0,0.0,0.0,0.029505353420972824,1.5638827569782734,8.708368621766567,2017
2017-01-19,0.0,0.0,0.0,0.0,0.029505353420972824,1.4436861090362072,8.708368621766567,2017
2017-01-20,0.0,0.0,0.0,0.0,0.0,0.32383523508906364,8.52557685226202,2017
2017-01-21,0.0,0.0,0.0,0.0,0.0,0.13990456983447075,8.52557685226202,2017
2017-01-22,0.0,0.0,0.0,0.0,0.0,0.13990456983447075,8.52557685226202,2017
2017-01-23,0.0,0.0,0.0,0.0,0.0,0.13990456983447075,8.485902268439531,2017
2017-01-24,0.0,0.0,0.0,0.0,0.0,0.13990456983447075,8.46810039691627,2017
2017-01-25,0.0,0.0,0.0,0.0,0.0,0.13990456983447075,8.445707250386477,2017
2017-01-26,0.0,0.0,0.0,0.0,0.0,0.029505353420972824,1.5638827569782734,2017
2017-01-27,0.0,0.0,0.0,0.0,0.0,0.029505353420972824,1.5638827569782734,2017
2017-01-28,0.17335404,2.63542,0.17335404,0.17335404455661774,0.17335404455661774,0.17335404455661774,1.7372368015348911,2017
2017-01-29,0.081813596,0.40345293,0.081813596,0.2551676407456398,0.2551676407456398,0.2551676407456398,1.8190503977239132,2017
2017-01-30,0.0,0.0,0.0,0.2551676407456398,0.2551676407456398,0.2551676407456398,1.8190503977239132,2017
2017-01-31,0.0,0.0,0.0,0.08181359618902206,0.2551676407456398,0.2551676407456398,1.8190503977239132,2017
2017-02-01,0.0,0.0,0.0,0.0,0.2551676407456398,0.2551676407456398,1.8190503977239132,2017
2017-02-02,0.0,0.0,0.0,0.0,0.2551676407456398,0.2551676407456398,1.8190503977239132,2017
2017-02-03,0.42770886,5.2244635,0.42770886,0.42770886421203613,0.6828765049576759,0.6828765049576759,2.126562613993883,2017
2017-02-04,0.0,0.0,0.0,0.42770886421203613,0.5095224604010582,0.6828765049576759,1.0067117400467396,2017
2017-02-05,0.0,0.0,0.0,0.42770886421203613,0.42770886421203613,0.6828765049576759,0.8227810747921467,2017
2017-02-06,0.0,0.0,0.0,0.0,0.42770886421203613,0.6828765049576759,0.8227810747921467,2017
2017-02-07,0.0,0.0,0.0,0.0,0.42770886421203613,0.6828765049576759,0.8227810747921467,2017
2017-02-08,0.0,0.0,0.0,0.0,0.42770886421203613,0.6828765049576759,0.8227810747921467,2017
2017-02-09,0.0,0.0,0.0,0.0,0.42770886421203613,0.6828765049576759,0.8227810747921467,2017
2017-02-10,0.0,0.0,0.0,0.0,0.0,0.6828765049576759,0.7123818583786488,2017
2017-02-11,0.0,0.0,0.0,0.0,0.0,0.6828765049576759,0.7123818583786488,2017
2017-02-12,0.0,0.0,0.0,0.0,0.0,0.5095224604010582,0.6828765049576759,2017
2017-02-13,0.0,0.0,0.0,0.0,0.0,0.42770886421203613,0.6828765049576759,2017
2017-02-14,0.0,0.0,0.0,0.0,0.0,0.42770886421203613,0.6828765049576759,2017
2017-02-15,0.0,0.0,0.0,0.0,0.0,0.42770886421203613,0.6828765049576759,2017
2017-02-16,0.0,0.0,0.0,0.0,0.0,0.42770886421203613,0.6828765049576759,2017
2017-02-17,0.0,0.0,0.0,0.0,0.0,0.42770886421203613,0.6828765049576759,2017
2017-02-18,0.0,0.0,0.0,0.0,0.0,0.0,0.6828765049576759,2017
2017-02-19,0.0,0.0,0.0,0.0,0.0,0.0,0.6828765049576759,2017
2017-02-20,0.0,0.0,0.0,0.0,0.0,0.0,0.6828765049576759,2017
2017-02-21,8.954888,39.940506,8.954888,8.954888343811035,8.954888343811035,8.954888343811035,9.637764848768711,2017
2017-02-22,28.198587,177.64296,28.198587,37.153475761413574,37.153475761413574,37.153475761413574,37.83635226637125,2017
2017-02-23,32.382637,201.6884,32.382637,69.53611278533936,69.53611278533936,69.53611278533936,70.21898929029703,2017
2017-02-24,0.0,0.0,0.0,60.58122444152832,69.53611278533936,69.53611278533936,70.21898929029703,2017
2017-02-25,0.0,0.0,0.0,32.38263702392578,69.53611278533936,69.53611278533936,70.21898929029703,2017
2017-02-26,0.0,0.0,0.0,0.0,69.53611278533936,69.53611278533936,70.21898929029703,2017
2017-02-27,0.0,0.0,0.0,0.0,69.53611278533936,69.53611278533936,70.04563524574041,2017
2017-02-28,0.0,0.0,0.0,0.0,60.58122444152832,69.53611278533936,69.96382164955139,2017
2017-03-01,0.0,0.0,0.0,0.0,32.38263702392578,69.53611278533936,69.96382164955139,2017
2017-03-02,0.0,0.0,0.0,0.0,0.0,69.53611278533936,69.96382164955139,2017
2017-03-03,0.0,0.0,0.0,0.0,0.0,69.53611278533936,69.96382164955139,2017
2017-03-04,0.0,0.0,0.0,0.0,0.0,69.53611278533936,69.96382164955139,2017
2017-03-05,0.8880044,7.082051,0.8880044,0.8880044221878052,0.8880044221878052,70.42411720752716,70.42411720752716,2017
2017-03-06,1.2545431,8.044174,1.2545431,2.1425474882125854,2.1425474882125854,71.67866027355194,71.67866027355194,2017
2017-03-07,0.0,0.0,0.0,2.1425474882125854,2.1425474882125854,71.67866027355194,71.67866027355194,2017
2017-03-08,0.0,0.0,0.0,1.2545430660247803,2.1425474882125854,62.723771929740906,71.67866027355194,2017
2017-03-09,7.612607,31.362286,7.612607,7.612607002258301,9.755154490470886,42.13779151439667,79.29126727581024,2017
2017-03-10,0.44838333,4.7552147,0.44838333,8.060990333557129,10.203537821769714,10.203537821769714,79.73965060710907,2017
2017-03-11,7.8825397,18.89777,7.8825397,15.943530082702637,18.086077570915222,18.086077570915222,87.62219035625458,2017
2017-03-12,6.3356886,21.310783,6.3356886,14.666611671447754,23.533761739730835,24.42176616191864,93.957878947258,2017
2017-03-13,0.8155725,6.295157,0.8155725,15.033800840377808,23.094791173934937,25.237338662147522,94.77345144748688,2017
2017-03-14,0.0,0.0,0.0,7.1512610912323,23.094791173934937,25.237338662147522,94.77345144748688,2017
2017-03-15,0.0,0.0,0.0,0.8155725002288818,23.094791173934937,25.237338662147522,94.77345144748688,2017
2017-03-16,0.0,0.0,0.0,0.0,15.482184171676636,25.237338662147522,94.77345144748688,2017
2017-03-17,0.91950965,5.2504034,0.91950965,0.9195096492767334,15.953310489654541,26.156848311424255,95.69296109676361,2017
2017-03-18,2.8667867,9.8102045,2.8667867,3.7862963676452637,10.937557458877563,29.023635029792786,98.55974781513214,2017
2017-03-19,12.984595,30.96407,12.984595,16.770891666412354,17.586464166641235,42.008230328559875,111.54434311389923,2017
2017-03-20,0.73977244,1.7530397,0.73977244,16.59115445613861,17.510664105415344,41.85999834537506,112.28411555290222,2017
2017-03-21,3.580976,19.182716,3.580976,17.305343747138977,21.09164011478424,44.18643128871918,115.86509156227112,2017
2017-03-22,0.0,0.0,0.0,4.320748448371887,21.09164011478424,44.18643128871918,115.86509156227112,2017
2017-03-23,0.0,0.0,0.0,3.5809760093688965,21.09164011478424,44.18643128871918,106.91020321846008,2017
2017-03-24,0.05832779,0.4676845,0.05832779,0.05832779034972191,20.23045825585723,36.6321520768106,78.76994359120727,2017
2017-03-25,7.426693,37.098743,7.426693,7.485020752996206,24.790364500135183,43.610461708158255,53.81399952992797,2017
2017-03-26,3.522756,10.735447,3.522756,11.007776852697134,15.328525301069021,39.250678058713675,57.3367556296289,2017
2017-03-27,1.3323246,9.288172,1.3323246,12.281773686408997,15.921077486127615,34.24731409177184,58.66908025369048,2017
2017-03-28,9.052271,58.33484,9.052271,13.907351613044739,21.392372366040945,42.484012480825186,67.72135114297271,2017
2017-03-29,7.5634785,50.059628,7.5634785,17.948073983192444,28.955850835889578,50.04749095067382,75.28482961282134,2017
2017-03-30,39.8293,128.45258,39.8293,56.44504928588867,68.78515076264739,89.87679087743163,115.11412953957915,2017
2017-03-31,71.92247,234.81026,71.92247,119.31524848937988,140.6492930650711,161.79926097020507,187.0365996323526,2017
2017-04-01,49.621025,188.62057,49.621025,161.37279510498047,182.84362518787384,210.50077640637755,236.6576247178018,2017
2017-04-02,59.751328,175.82224,59.751328,181.2948226928711,239.07219660282135,267.38531720265746,296.40895223245025,2017
2017-04-03,58.01479,147.10431,58.01479,167.38714218139648,295.7546615600586,312.4155114851892,354.4237418137491,2017
2017-04-04,44.315628,111.77158,44.315628,162.08174514770508,331.0180187225342,355.991367097944,397.8513654433191,2017
2017-04-05,7.900262,20.876966,7.900262,110.23067951202393,331.35480213165283,360.3106529675424,404.4970842562616,2017
2017-04-06,4.0293202,18.754356,4.0293202,56.24521017074585,295.55482244491577,364.33997320756316,408.52640449628234,2017
2017-04-07,1.6238514,7.7978396,1.6238514,13.553433537483215,225.2562037706375,365.96382462605834,410.1502559147775,2017
2017-04-08,9.330612,40.13312,9.330612,14.983783841133118,184.96579086780548,375.2361090183258,411.8682610951364,2017
2017-04-09,4.2343388,20.401707,4.2343388,15.188802361488342,129.44880211353302,372.0437548160553,415.65421652421355,2017
2017-04-10,3.012914,24.304865,3.012914,16.5778648853302,74.44692647457123,371.5339126586914,410.7845907174051,2017
2017-04-11,4.099517,26.768375,4.099517,11.346769571304321,34.230815291404724,374.30110490322113,408.54841899499297,2017
2017-04-12,0.075919665,3.4830644,0.075919665,7.188350476324558,26.406473077833652,365.3247536793351,407.8087661601603,2017
2017-04-13,0.0,0.0,0.0,4.175436533987522,22.3771528378129,357.7612752094865,407.8087661601603,2017
2017-04-14,0.0,0.0,0.0,0.07591966539621353,20.753301419317722,317.9319752827287,407.8087661601603,2017
2017-04-15,0.14292671,2.6927116,0.14292671,0.14292670786380768,11.565615944564342,246.15243189781904,407.9516928680241,2017
2017-04-16,11.569288,27.262358,11.569288,11.712214961647987,18.900565437972546,208.100695066154,418.60147147253156,2017
2017-04-17,0.005062768,0.1472207,0.005062768,11.717277729418129,15.89271426340565,148.3544303192757,415.73974752193317,2017
2017-04-18,0.0,0.0,0.0,11.574351021554321,11.793197394814342,90.33964073797688,402.7551522231661,2017
2017-04-19,7.983135,46.11369,7.983135,7.988197991158813,19.7004129528068,54.00714790960774,409.99851500755176,2017
2017-04-20,26.613108,94.368614,26.613108,34.596242904663086,46.313520634081215,72.71999371191487,433.0306466794573,2017
2017-04-21,12.945355,47.390045,12.945355,47.541598320007324,59.25887604942545,81.63602888723835,445.9760020948015,2017
2017-04-22,47.655224,162.43506,47.655224,87.2136869430542,106.77117318799719,127.66740131517872,493.63122594123706,2017
2017-04-23,10.881365,42.58673,10.881365,71.48194408416748,106.08324975660071,129.21815395494923,504.45426297327504,2017
2017-04-24,7.4269414,23.762459,7.4269414,65.96353006362915,113.50512838363647,132.41075658937916,504.45451140543446,2017
2017-04-25,7.045868,53.17935,7.045868,25.35417413711548,120.55099630355835,136.443710566964,507.9776232256554,2017
2017-04-26,19.006424,95.455444,19.006424,33.479233264923096,131.574285030365,151.350617648568,525.6517225517891,2017
2017-04-27,34.972706,238.24019,34.972706,61.02499771118164,139.93388319015503,186.24740382423624,551.5721575035714,2017
2017-04-28,15.775463,73.83484,15.775463,69.75459289550781,142.76399087905884,202.0228669284843,559.7841421379708,2017
2017-04-29,16.956013,40.009132,16.956013,67.70418167114258,112.06477975845337,218.97887965431437,536.910854937043,2017
2017-04-30,20.094824,119.46282,20.094824,52.8262996673584,121.27823877334595,238.93077678373083,485.0832086815499,2017
2017-05-01,13.716858,44.25672,13.716858,50.7676944732666,127.56815528869629,241.0783464401029,449.1790415062569,2017
2017-05-02,1.4352984,9.810096,1.4352984,35.2469801902771,121.95758581161499,242.50858211517334,390.86301243444905,2017
2017-05-03,0.8312949,16.209309,0.8312949,15.983451247215271,103.78245675563812,243.33987700939178,333.67951774736866,2017
2017-05-04,4.992527,20.99107,4.992527,7.259120345115662,73.80227792263031,240.34926879405975,294.3564167036675,2017
2017-05-05,3.622883,19.178667,3.622883,9.446704983711243,61.64969789981842,217.3590441942215,290.07903790613636,2017
2017-05-06,9.03633,39.125706,9.03633,17.651740312576294,53.73001539707184,213.45001900196075,295.0860478891991,2017
2017-05-07,8.814367,19.873137,8.814367,21.473580598831177,42.44955885410309,174.60916244983673,302.27656376501545,2017
2017-05-08,1.9657625,21.406021,1.9657625,19.816460013389587,30.698463439941406,165.6935601234436,294.91171407839283,2017
2017-05-09,4.222845,25.592262,4.222845,15.00297486782074,33.48601007461548,162.48946380615234,294.9002203955315,2017
2017-05-10,4.886819,20.237032,4.886819,11.075426459312439,37.541534066200256,160.3304147720337,296.7741253389977,2017
2017-05-11,2.3352692,14.1446,2.3352692,11.44493317604065,34.884276270866394,143.65926003456116,295.00987768312916,2017
2017-05-12,3.6040108,14.913833,3.6040108,10.826098918914795,34.86540400981903,112.2905650138855,298.53796883812174,2017
2017-05-13,0.5138242,4.02035,0.5138242,6.453104257583618,26.34289801120758,97.0289261341095,299.0517930625938,2017
2017-05-14,8.565011,41.3554,8.565011,12.682846069335938,26.093541741371155,88.63792443275452,307.6168040870689,2017
2017-05-15,11.902333,38.451454,11.902333,20.981168508529663,36.030112504959106,80.44543385505676,319.3762106387876,2017
2017-05-16,15.971295,58.4616,15.971295,36.438639640808105,47.778562784194946,82.699871301651,323.7782177417539,2017
2017-05-17,0.96686196,9.631972,0.96686196,28.840490579605103,43.85860586166382,82.23143482208252,324.74001693725586,2017
2017-05-18,4.4234304,16.965567,4.4234304,21.36158776283264,45.9467670917511,85.82357037067413,329.1634473800659,2017
2017-05-19,17.547745,48.477066,17.547745,22.938037157058716,59.89050102233887,98.37878811359406,338.7280569076538,2017
2017-05-20,6.3994684,19.488071,6.3994684,28.370643615722656,65.77614521980286,101.15537345409393,318.51441764831543,2017
2017-05-21,18.25027,42.33968,18.25027,42.19748401641846,75.46140503883362,110.3693140745163,323.81933307647705,2017
2017-05-22,11.067137,32.960896,11.067137,35.71687602996826,74.62620854377747,112.62208354473114,287.23124599456787,2017
2017-05-23,10.333908,37.752125,10.333908,39.651315689086914,68.98882126808167,120.99022912979126,286.68378925323486,2017
2017-05-24,9.025703,26.429323,9.025703,30.426748275756836,77.04766273498535,125.79308748245239,288.28255128860474,2017
2017-05-25,38.512676,159.6046,38.512676,57.87228775024414,111.13690853118896,159.41894483566284,319.74935960769653,2017
2017-05-26,55.22942,212.6453,55.22942,102.7677993774414,148.81858348846436,212.31309533119202,355.9723553657532,2017
2017-05-27,5.2409196,22.351269,5.2409196,98.98301553726196,147.66003465652466,213.95000410079956,326.24056911468506,2017
2017-05-28,1.7346548,20.802225,1.7346548,62.20499408245087,131.14441859722137,215.1708346605301,312.1997607946396,2017
2017-05-29,8.433011,42.806755,8.433011,15.40858542919159,128.51029288768768,215.03883469104767,303.6767591238022,2017
2017-05-30,6.711666,22.888008,6.711666,16.879331946372986,124.88805091381073,209.84816753864288,290.29360139369965,2017
2017-05-31,37.22695,106.456,37.22695,52.371628761291504,153.08929908275604,231.1038237810135,313.8036950826645,2017
2017-06-01,19.263662,64.24302,19.263662,63.202280044555664,133.8402851819992,249.40062415599823,331.63205897808075,2017
2017-06-02,17.315939,61.34332,17.315939,73.80655288696289,95.92680442333221,262.29313266277313,348.11670303344727,2017
2017-06-03,60.165466,308.7126,60.165466,96.74506759643555,150.85135114192963,304.9108542203903,403.2896423339844,2017
2017-06-04,17.343803,53.5668,17.343803,94.82520866394043,166.46049976348877,315.855189204216,417.01056265830994,2017
2017-06-05,5.0588527,55.08425,5.0588527,82.56812238693237,163.086341381073,302.66377103328705,413.03308510780334,2017
2017-06-06,1.6070936,10.090781,1.6070936,24.0097496509552,157.98176884651184,293.20372784137726,405.8258113861084,2017
2017-06-07,0.23151352,1.6632377,0.23151352,6.897459760308266,120.98633076250553,283.10133327543736,404.0915624052286,2017
2017-06-08,0.6387004,7.067079,0.6387004,2.477307513356209,102.36136884987354,274.7143302708864,400.5074177533388,2017
2017-06-09,5.9963746,51.764194,5.9963746,6.866588547825813,91.04180450737476,242.19802863895893,401.6169734746218,2017
2017-06-10,2.812025,9.35163,2.812025,9.447100102901459,33.68836326897144,189.7806340008974,402.0937293320894,2017
2017-06-11,21.198076,83.6382,21.198076,30.006475925445557,37.54263611137867,205.73779065907001,419.6877947598696,2017
2017-06-12,19.88364,42.69869,19.88364,43.893741607666016,52.367423728108406,223.88677616417408,439.05761082470417,2017
2017-06-13,84.450714,315.95502,84.450714,125.53243064880371,135.21104426681995,299.90447922050953,514.9433139115572,2017
2017-06-14,37.631065,91.12326,37.631065,141.9654197692871,172.6105961203575,330.82387848198414,540.672046020627,2017
2017-06-15,6.347032,35.652107,6.347032,128.42881155014038,178.31892776489258,299.94395895302296,531.0477827340364,2017
2017-06-16,17.26801,53.616478,17.26801,61.24610662460327,189.5905623435974,297.94830580055714,547.3489299565554,2017
2017-06-17,117.196945,540.26953,117.196945,140.81198644638062,303.97548246383667,397.82931204140186,660.122444704175,2017
2017-06-18,22.194134,79.34036,22.194134,156.65908813476562,304.97153997421265,359.85797949135303,664.7688337117434,2017
2017-06-19,18.296059,57.291103,18.296059,157.68713760375977,303.38395833969116,360.8102347403765,676.6654239445925,2017
2017-06-20,9.865012,52.660892,9.865012,50.355204582214355,228.79825639724731,365.61639423668385,668.2801652699709,2017
2017-06-21,5.7347107,18.488665,5.7347107,33.89578151702881,196.90190172195435,369.74401135742664,662.9477391988039,2017
2017-06-22,48.50495,204.6707,48.50495,64.10467433929443,239.05982112884521,418.01744931936264,701.1187825948,2017
2017-06-23,13.672529,42.51626,13.672529,67.91219139099121,235.46434116363525,431.05127811431885,705.7656083852053,2017
2017-06-24,10.472605,66.885544,10.472605,72.65008544921875,128.74000072479248,435.5275082588196,677.7255368977785,2017
2017-06-25,13.689113,34.354527,13.689113,37.83424663543701,120.2349796295166,446.4045958518982,636.1852298527956,2017
2017-06-26,12.658551,80.07407,12.658551,36.820268630981445,114.59747219085693,437.86507081985474,643.6028614789248,2017
2017-06-27,9.31684,39.41342,9.31684,35.664504051208496,114.04930019378662,427.29827070236206,651.1850468665361,2017
2017-06-28,7.7172575,60.39065,7.7172575,29.692648887634277,116.03184700012207,350.56481409072876,650.4692933112383,2017
2017-06-29,3.1004434,19.056007,3.1004434,20.134541034698486,70.62733888626099,316.0341920852661,646.8580705672503,2017
2017-06-30,17.10862,73.757095,17.10862,27.926320552825928,74.06342935562134,326.7957797050476,626.7397386580706,2017
2017-07-01,61.376625,194.93568,61.376625,81.58568811416626,124.96744966506958,370.90439558029175,668.8527013808489,2017
2017-07-02,28.809507,120.96659,28.809507,107.29475212097168,140.08784437179565,282.5169577598572,680.346269801259,2017
2017-07-03,26.302494,126.99506,26.302494,116.48862648010254,153.73178720474243,286.6253180503845,646.4832975417376,2017
2017-07-04,52.72345,154.9035,52.72345,107.83545112609863,197.13839673995972,321.0527091026306,681.8629438430071,2017
2017-07-05,24.9539,90.58727,24.9539,103.97984313964844,214.37503862380981,336.14159631729126,701.7579905539751,2017
2017-07-06,28.964481,96.59005,28.964481,106.64183044433594,240.23907661437988,359.37136697769165,729.1153783351183,2017
2017-07-07,17.655966,68.035416,17.655966,71.5743465423584,240.7864227294922,328.5223813056946,746.5398306250572,2017
2017-07-08,14.215337,56.398777,14.215337,60.83578395843506,193.6251344680786,329.0651888847351,760.116466999054,2017
2017-07-09,19.961235,89.44402,19.961235,51.83253765106201,184.77686214447021,338.5538191795349,774.0813274383545,2017
2017-07-10,34.44103,107.155464,34.44103,68.617600440979,192.91539669036865,359.3057351112366,805.7103309631348,2017
2017-07-11,19.565975,70.44853,19.565975,73.9682388305664,159.7579221725464,366.21315908432007,804.0782299041748,2017
2017-07-12,20.412275,80.0956,20.412275,74.41927909851074,155.21629810333252,377.30859422683716,804.6068649291992,2017
2017-07-13,5.9957395,82.61513,5.9957395,45.973989963531494,132.2475562095642,375.5870761871338,726.1518902778625,2017
2017-07-14,4.527795,24.049189,4.527795,30.93580961227417,119.11938524246216,377.01442766189575,693.0486197471619,2017
2017-07-15,2.2140582,13.702279,2.2140582,12.737592458724976,107.11810660362244,362.1198661327362,688.9156458377838,2017
2017-07-16,14.415583,56.11845,14.415583,21.157435655593872,101.57245421409607,315.1588237285614,686.0632193088531,2017
2017-07-17,1.4926417,12.229689,1.4926417,18.1222825050354,68.62406730651855,287.8419580459595,570.3589158058167,2017
2017-07-18,0.95082617,11.323187,0.95082617,16.859050512313843,50.00891828536987,262.4902901649475,549.115608215332,2017
2017-07-19,29.498543,103.42218,29.498543,31.942010641098022,59.09518575668335,239.2653832435608,560.3180923461914,2017
2017-07-20,17.522623,52.06222,17.522623,47.97199201583862,70.62206935882568,231.83410692214966,567.9757032394409,2017
2017-07-21,12.897549,67.08556,12.897549,59.91871452331543,78.99182319641113,215.767174243927,575.1385412216187,2017
2017-07-22,10.083352,46.10122,10.083352,40.50352382659912,86.8611171245575,208.1945605278015,536.7169418334961,2017
2017-07-23,15.2157135,32.729923,15.2157135,38.196614265441895,87.6612479686737,209.1949372291565,538.2601261138916,2017
2017-07-24,34.41993,108.75451,34.41993,59.718995094299316,120.58853578567505,223.6536316871643,562.2074508666992,2017
2017-07-25,28.032003,169.18771,28.032003,77.66764640808105,147.6697130203247,217.24460649490356,576.5503416061401,2017
2017-07-26,17.458893,47.001846,17.458893,79.91082572937012,135.6300630569458,215.1375241279602,581.3506832122803,2017
2017-07-27,6.0416074,15.955237,6.0416074,51.532503604888916,124.14904737472534,200.76685619354248,578.0754504203796,2017
2017-07-28,2.1575854,11.152976,2.1575854,25.658085584640503,113.40908408164978,196.92870211601257,572.5157783031464,2017
2017-07-29,7.277509,46.43915,7.277509,15.476701974868774,110.60324120521545,199.6784164905548,576.6928441524506,2017
2017-07-30,6.698952,39.253788,6.698952,16.13404679298401,102.08647990226746,204.1633105278015,566.2831766605377,2017
2017-07-31,10.85105,27.52648,10.85105,24.82751178741455,78.51760077476501,200.59877824783325,515.7576019763947,2017
2017-08-01,18.07416,91.30829,18.07416,35.62416219711304,68.55975699424744,217.18029618263245,505.0222542285919,2017
2017-08-02,12.144157,34.047127,12.144157,41.06936740875244,63.24502158164978,228.3736274242401,490.8639175891876,2017
2017-08-03,6.388521,34.54119,6.388521,36.60683822631836,63.59193539619446,205.2636058330536,444.5289890766144,2017
2017-08-04,16.34155,67.67493,16.34155,34.874229431152344,77.77590084075928,204.08253359794617,435.9166405200958,2017
2017-08-05,3.331984,20.458372,3.331984,26.062056064605713,73.83037567138672,194.5169689655304,410.2841432094574,2017
2017-08-06,6.238062,14.539685,6.238062,25.91159677505493,73.36948537826538,190.6716787815094,398.8662393093109,2017
2017-08-07,23.182026,78.755165,23.182026,32.75207185745239,85.70046091079712,198.63799118995667,407.83292841911316,2017
2017-08-08,14.531749,81.874016,14.531749,43.951836585998535,82.15805006027222,178.74981045722961,402.4034421443939,2017
2017-08-09,39.430695,206.10487,39.430695,77.14446926116943,109.44458723068237,190.14850163459778,407.39310812950134,2017
2017-08-10,47.11428,202.0265,47.11428,101.0767240524292,150.17034673690796,219.80388951301575,434.94141364097595,2017
2017-08-11,101.66316,330.89053,101.66316,188.20813751220703,235.4919581413269,315.42544436454773,516.1923005580902,2017
2017-08-12,88.51106,242.70265,88.51106,237.28850555419922,320.6710367202759,401.7789216041565,598.7076237201691,2017
2017-08-13,59.997395,186.86755,59.997395,250.1716194152832,374.43036937713623,454.4988069534302,654.177223443985,2017
2017-08-14,56.527935,237.22063,56.527935,205.03639221191406,407.7762784957886,504.3277897834778,708.4911003112793,2017
2017-08-15,16.02768,52.003834,16.02768,132.55300903320312,409.27220916748047,509.50441884994507,710.1031970977783,2017
2017-08-16,19.961535,60.981445,19.961535,92.51714897155762,389.8030490875244,511.39179372787476,728.5720899105072,2017
2017-08-17,13.512192,37.00456,13.512192,49.50140571594238,356.20096015930176,512.7598280906677,741.1334555149078,2017
2017-08-18,10.346767,62.630898,10.346767,43.82049369812012,264.88456535339355,516.7180743217468,721.9816801548004,2017
2017-08-19,9.798991,38.554573,9.798991,33.65795040130615,186.17249393463135,510.17551469802856,714.2580482959747,2017
2017-08-20,4.5966077,15.300264,4.5966077,24.742366313934326,130.77170705795288,511.44013833999634,705.9571073055267,2017
2017-08-21,10.418132,68.37313,10.418132,24.813730716705322,84.66190385818481,515.6202082633972,706.2918870449066,2017
2017-08-22,15.613263,42.916897,15.613263,30.628002643585205,84.24748754501343,508.0514454841614,706.689436674118,2017
2017-08-23,4.0516934,16.984507,4.0516934,30.083088397979736,68.337646484375,497.57139015197754,676.3212006092072,2017
2017-08-24,6.9053874,47.316254,6.9053874,26.57034397125244,61.73084211349487,465.0460829734802,655.194584608078,2017
2017-08-25,4.520045,25.856808,4.520045,15.477125644683838,55.90411949157715,422.451847076416,642.2557365894318,2017
2017-08-26,7.684944,25.548168,7.684944,19.110376358032227,53.790072441101074,328.47362899780273,643.8990733623505,2017
2017-08-27,52.68916,153.55574,52.68916,64.89414834976196,101.88262414932251,292.65172576904297,694.4306473731995,2017
2017-08-28,9.269544,51.629242,9.269544,69.64364719390869,100.73403596878052,241.9238748550415,696.4226818084717,2017
2017-08-29,7.2829566,21.244608,7.2829566,69.24165964126587,92.40372943878174,192.67889642715454,697.0066862106323,2017
2017-08-30,4.569241,34.033188,4.569241,21.12174129486084,92.92127704620361,181.22045803070068,690.7248768806458,2017
2017-08-31,12.108527,41.414074,12.108527,23.96072483062744,98.12441682815552,173.36745071411133,684.7592444419861,2017
2017-09-01,14.046184,32.47358,14.046184,30.723951816558838,107.65055561065674,173.901442527771,686.6612706184387,2017
2017-09-02,20.36744,40.866592,20.36744,46.52215003967285,120.33305072784424,183.92211437225342,700.6401886940002,2017
2017-09-03,34.299435,120.28203,34.299435,68.71305751800537,101.94332599639893,208.42255783081055,718.5980725288391,2017
2017-09-04,12.572942,38.571075,12.572942,67.2398157119751,105.24672412872314,216.39889192581177,727.8390302658081,2017
2017-09-05,12.850179,49.087883,12.850179,59.72255516052246,110.81394624710083,218.83093881607056,734.4511470794678,2017
2017-09-06,1.82592,12.719994,1.82592,27.249040484428406,108.07062518596649,205.04359567165375,713.0950411558151,2017
2017-09-07,1.4374225,17.847155,1.4374225,16.113521218299866,97.39952051639557,202.4293247461319,700.0007148981094,2017
2017-09-08,18.72119,68.11249,18.72119,21.98453199863434,102.07452642917633,214.24512684345245,679.2912098169327,2017
2017-09-09,42.145092,180.30496,42.145092,62.303704023361206,123.85217916965485,251.87017405033112,674.3220211267471,2017
2017-09-10,40.790775,165.86755,40.790775,101.65705680847168,130.34351980686188,284.97600519657135,613.4496341943741,2017
2017-09-11,5.906371,34.547176,5.906371,88.8422384262085,123.67694914340973,238.193216919899,530.844942688942,2017
2017-09-12,5.472401,14.19862,5.472401,52.16954755783081,116.2991715669632,234.39607441425323,476.31994926929474,2017
2017-09-13,7.5284734,33.150272,7.5284734,18.907245635986328,122.0017249584198,234.6415911912918,427.32048761844635,2017
2017-09-14,8.362309,59.57991,8.362309,21.363183975219727,128.9266119003296,238.43465960025787,419.65511763095856,2017
2017-09-15,4.9576607,38.75902,4.9576607,20.848443508148193,115.16308307647705,231.283793091774,404.6512438058853,2017
2017-09-16,5.3846602,52.212593,5.3846602,18.704630374908447,78.40265130996704,222.62226974964142,396.5237122774124,2017
2017-09-17,0.01295437,0.2727529,0.01295437,10.355275289155543,37.62483038101345,202.26778484974056,386.189899221994,2017
2017-09-18,23.136488,57.214546,23.136488,28.534102574922144,54.8549472251907,191.10483814869076,399.5273959795013,2017
2017-09-19,6.4248896,45.506317,6.4248896,29.574331895448267,55.8074356475845,184.9567859331146,401.35567785892636,2017
2017-09-20,24.821243,91.78255,24.821243,54.3826208114624,73.10020555648953,196.9278505006805,415.75878931675106,2017
2017-09-21,18.610977,84.58345,18.610977,49.857110023498535,83.34887327346951,213.7129076877609,418.75650335941464,2017
2017-09-22,6.824156,28.09017,6.824156,50.25637626647949,85.2153684059158,219.09964098129421,421.5289657274261,2017
2017-09-23,5.661296,22.993515,5.661296,31.096428871154785,85.49200405273587,206.03974737320095,420.2848742166534,2017
2017-09-24,5.765806,51.272682,5.765806,18.25125789642334,91.2448558807373,169.66046156082302,421.53063561115414,2017
2017-09-25,12.835418,58.101776,12.835418,24.26251983642578,80.94378566741943,141.70510400924832,426.68110920581967,2017
2017-09-26,0.098264575,1.027174,0.098264575,18.699488520622253,74.61716067790985,135.8969974676147,374.0902143875137,2017
2017-09-27,6.4276767,47.362167,6.4276767,19.361359000205994,56.223594069480896,136.8522730031982,371.24834741745144,2017
2017-09-28,0.38847578,7.561397,0.38847578,6.914417028427124,38.00109267234802,129.7122754016891,364.3538665929809,2017
2017-09-29,36.622032,117.61114,36.622032,43.43818461894989,67.79896903038025,157.97199811134487,396.40665771160275,2017
2017-09-30,81.59393,264.81415,81.59393,118.60444104671478,143.7316062450409,234.6082705417648,465.8920636335388,2017
2017-10-01,28.74298,62.850437,28.74298,146.9589443206787,166.7087790966034,257.9665893474594,480.5888590971008,2017
2017-10-02,10.598267,41.50498,10.598267,120.93517875671387,164.47162795066833,268.5519015789032,470.81968642864376,2017
2017-10-03,4.1583805,14.98564,4.1583805,43.49962615966797,168.5317438840866,249.57379412651062,440.6786322752014,2017
2017-10-04,2.9648037,26.819813,2.9648037,17.721450805664062,165.06887090206146,246.11370825767517,431.07049419078976,2017
2017-10-05,2.7016945,33.001194,2.7016945,9.824878692626953,167.38208961486816,223.99415946006775,420.92200996074826,2017
2017-10-06,0.19390348,2.8489099,0.19390348,5.860401660203934,130.95396092534065,205.57708576321602,419.2899934509769,2017
2017-10-07,2.8561637,18.80583,2.8561637,5.751761704683304,52.21619156002998,201.60909369587898,420.7087346771732,2017
2017-10-08,4.541418,27.468868,4.541418,7.591485291719437,28.01463058590889,200.4892158806324,406.52896325383335,2017
2017-10-09,9.384831,54.823093,9.384831,16.782413244247437,26.801195412874222,204.10824111104012,373.76870267186314,2017
2017-10-10,3.8567607,14.258295,3.8567607,17.783010244369507,26.49957564473152,195.1295841038227,336.834688113071,2017
2017-10-11,1.7040886,17.717722,1.7040886,14.945680737495422,25.23886051774025,196.73540809750557,332.6324055651203,2017
2017-10-12,2.0005012,23.876766,2.0005012,7.561350464820862,24.53766718506813,192.30823257565498,329.1605055788532,2017
2017-10-13,5.3016396,21.908901,5.3016396,9.006229281425476,29.645403265953064,197.22139635682106,326.9336717585102,2017
2017-10-14,28.159266,109.959404,28.159266,35.461406230926514,54.94850504398346,188.7586297094822,346.73062782082707,2017
2017-10-15,13.158003,77.67405,13.158003,46.6189079284668,63.56508982181549,120.322699457407,354.9309699991718,2017
2017-10-16,0.3979228,2.8505774,0.3979228,41.715191185474396,54.57818120718002,91.97764322161674,349.9442325690761,2017
2017-10-17,0.0,0.0,0.0,13.55592566728592,50.72142046689987,81.37937662005424,349.93127819895744,2017
2017-10-18,0.0,0.0,0.0,0.3979228138923645,49.01733189821243,77.2209961116314,326.794790238142,2017
2017-10-19,0.07466624,0.5943853,0.07466624,0.07466623932123184,47.09149698168039,74.33085865527391,320.4445669129491,2017
2017-10-20,14.869616,51.62555,14.869616,14.944281794130802,56.6594729796052,86.4987797215581,310.49293918162584,2017
2017-10-21,34.41258,75.76298,34.41258,49.356860376894474,62.91278604418039,120.71745482832193,326.29454059153795,2017
2017-10-22,91.163666,285.51755,91.163666,140.44585990905762,140.9184489622712,209.02495685964823,410.6340505555272,2017
2017-10-23,7.578037,23.564913,7.578037,133.15428113937378,148.09856293350458,212.06157556921244,412.55079144984484,2017
2017-10-24,0.80915374,12.288228,0.80915374,99.55085629224777,148.90771666914225,203.48589787632227,407.5941389873624,2017
2017-10-25,0.06252788,0.97837514,0.06252788,8.449718400835991,148.97024454921484,199.6916650161147,394.8212491199374,2017
2017-10-26,0.0,0.0,0.0,0.8716816157102585,148.8955783098936,197.98757644742727,394.72298454493284,2017
2017-10-27,0.0,0.0,0.0,0.06252788007259369,134.02596275508404,195.987075291574,388.295307867229,2017
2017-10-28,0.0032004435,0.16962351,0.0032004435,0.003200443461537361,99.6165846157819,190.68863617815077,387.91003253497183,2017
2017-10-29,0.053515606,0.78534716,0.053515606,0.05671604909002781,8.506434449926019,162.5828862655908,351.341515975073,2017
2017-10-30,5.9678645,38.411346,5.9678645,6.024580562487245,6.896262178197503,155.39274792559445,275.71544738300145,2017
2017-10-31,15.745333,72.228134,15.745333,21.766712836921215,21.832441160455346,170.7401578295976,262.71780105121434,2017
2017-11-01,2.3244576,20.669209,2.3244576,24.037654876708984,24.094370925799012,173.06461547501385,254.4439920950681,2017
2017-11-02,0.0,0.0,0.0,18.069790363311768,24.094370925799012,173.06461547501385,250.28561158664525,2017
2017-11-03,0.0,0.0,0.0,2.3244576454162598,24.094370925799012,172.98994923569262,247.32080789096653,2017
2017-11-04,0.0,0.0,0.0,0.0,24.091170482337475,158.12033368088305,244.61911340244114,2017
2017-11-05,0.0,0.0,0.0,0.0,24.037654876708984,123.70775509811938,244.4252099264413,2017
2017-11-06,0.0,0.0,0.0,0.0,18.069790363311768,32.544089326635,241.56904618628323,2017
2017-11-07,0.0,0.0,0.0,0.0,2.3244576454162598,24.96605254150927,237.0276281107217,2017
2017-11-08,0.0,0.0,0.0,0.0,0.0,24.156898805871606,227.64279668219388,2017
2017-11-09,0.0,0.0,0.0,0.0,0.0,24.094370925799012,223.78603594191372,2017
2017-11-10,0.0,0.0,0.0,0.0,0.0,24.094370925799012,222.08194737322628,2017
2017-11-11,0.0,0.0,0.0,0.0,0.0,24.094370925799012,220.081446217373,2017
2017-11-12,0.0,0.0,0.0,0.0,0.0,24.091170482337475,214.77980666048825,2017
2017-11-13,0.0,0.0,0.0,0.0,0.0,24.037654876708984,186.62054114229977,2017
2017-11-14,0.0,0.0,0.0,0.0,0.0,18.069790363311768,173.46253828890622,2017
2017-11-15,0.0,0.0,0.0,0.0,0.0,2.3244576454162598,173.06461547501385,2017
2017-11-16,0.73061585,3.8675995,0.73061585,0.7306158542633057,0.7306158542633057,0.7306158542633057,173.79523132927716,2017
2017-11-17,5.5477786,18.369421,5.5477786,6.278394460678101,6.278394460678101,6.278394460678101,179.34300993569195,2017
2017-11-18,0.93748903,7.953233,0.93748903,7.215883493423462,7.215883493423462,7.215883493423462,180.20583272911608,2017
2017-11-19,0.0028337417,0.15018831,0.0028337417,6.488101380877197,7.2187172351405025,7.2187172351405025,165.33905091602355,2017
2017-11-20,0.0,0.0,0.0,0.9403227744624019,7.2187172351405025,7.2187172351405025,130.92647233325988,2017
2017-11-21,0.0,0.0,0.0,0.002833741717040539,7.2187172351405025,7.2187172351405025,39.762806561775506,2017
2017-11-22,0.0,0.0,0.0,0.0,7.2187172351405025,7.2187172351405025,32.18476977664977,2017
2017-11-23,0.0,0.0,0.0,0.0,6.488101380877197,7.2187172351405025,31.37561604101211,2017
2017-11-24,0.0,0.0,0.0,0.0,0.9403227744624019,7.2187172351405025,31.313088160939515,2017
2017-11-25,0.0,0.0,0.0,0.0,0.002833741717040539,7.2187172351405025,31.313088160939515,2017
2017-11-26,0.0,0.0,0.0,0.0,0.0,7.2187172351405025,31.313088160939515,2017
2017-11-27,0.0,0.0,0.0,0.0,0.0,7.2187172351405025,31.309887717477977,2017
2017-11-28,2.083786,23.06128,2.083786,2.0837860107421875,2.0837860107421875,9.30250324588269,33.340158122591674,2017
2017-11-29,0.018227588,0.2087799,0.018227588,2.102013599127531,2.102013599127531,9.320730834268034,27.3905211975798,2017
2017-11-30,0.0,0.0,0.0,2.102013599127531,2.102013599127531,9.320730834268034,11.645188479684293,2017
2017-12-01,0.0,0.0,0.0,0.01822758838534355,2.102013599127531,8.590114980004728,9.320730834268034,2017
2017-12-02,0.0,0.0,0.0,0.0,2.102013599127531,3.042336373589933,9.320730834268034,2017
2017-12-03,0.0,0.0,0.0,0.0,2.102013599127531,2.1048473408445716,9.320730834268034,2017
2017-12-04,0.0,0.0,0.0,0.0,2.102013599127531,2.102013599127531,9.320730834268034,2017
2017-12-05,0.0,0.0,0.0,0.0,0.01822758838534355,2.102013599127531,9.320730834268034,2017
2017-12-06,0.0,0.0,0.0,0.0,0.0,2.102013599127531,9.320730834268034,2017
2017-12-07,0.0,0.0,0.0,0.0,0.0,2.102013599127531,9.320730834268034,2017
2017-12-08,0.0,0.0,0.0,0.0,0.0,2.102013599127531,9.320730834268034,2017
2017-12-09,0.435722,5.3527265,0.435722,0.4357219934463501,0.4357219934463501,2.537735592573881,9.756452827714384,2017
2017-12-10,6.351293,44.311394,6.351293,6.787015080451965,6.787015080451965,8.889028679579496,16.10774591472,2017
2017-12-11,7.715587,47.743286,7.715587,14.502602219581604,14.502602219581604,16.604615818709135,23.823333053849638,2017
2017-12-12,1.1626585,9.221849,1.1626585,15.229538679122925,15.665260672569275,17.767274271696806,24.98599150683731,2017
2017-12-13,0.27562195,2.5898294,0.27562195,9.153867542743683,15.940882623195648,15.959110211580992,25.26161345746368,2017
2017-12-14,0.0,0.0,0.0,1.4382804036140442,15.940882623195648,15.940882623195648,25.26161345746368,2017
2017-12-15,0.0,0.0,0.0,0.2756219506263733,15.940882623195648,15.940882623195648,25.26161345746368,2017
2017-12-16,0.0,0.0,0.0,0.0,15.505160629749298,15.940882623195648,24.530997603200376,2017
2017-12-17,0.0,0.0,0.0,0.0,9.153867542743683,15.940882623195648,18.98321899678558,2017
2017-12-18,0.0,0.0,0.0,0.0,1.4382804036140442,15.940882623195648,18.04572996404022,2017
2017-12-19,0.0,0.0,0.0,0.0,0.2756219506263733,15.940882623195648,18.04289622232318,2017
2017-12-20,0.0,0.0,0.0,0.0,0.0,15.940882623195648,18.04289622232318,2017
2017-12-21,0.0,0.0,0.0,0.0,0.0,15.940882623195648,18.04289622232318,2017
2017-12-22,0.0,0.0,0.0,0.0,0.0,15.940882623195648,18.04289622232318,2017
2017-12-23,0.0,0.0,0.0,0.0,0.0,15.940882623195648,18.04289622232318,2017
2017-12-24,0.0,0.0,0.0,0.0,0.0,15.505160629749298,18.04289622232318,2017
2017-12-25,0.0,0.0,0.0,0.0,0.0,9.153867542743683,18.04289622232318,2017
2017-12-26,0.0,0.0,0.0,0.0,0.0,1.4382804036140442,18.04289622232318,2017
2017-12-27,0.0,0.0,0.0,0.0,0.0,0.2756219506263733,18.04289622232318,2017
2017-12-28,0.0,0.0,0.0,0.0,0.0,0.0,15.959110211580992,2017
2017-12-29,0.0,0.0,0.0,0.0,0.0,0.0,15.940882623195648,2017
2017-12-30,0.0,0.0,0.0,0.0,0.0,0.0,15.940882623195648,2017
2017-12-31,0.0,0.0,0.0,0.0,0.0,0.0,15.940882623195648,2017
2018-01-01,0.0,0.0,0.0,0.0,0.0,0.0,15.940882623195648,2018
2018-01-02,0.6388618,6.1395836,0.6388618,0.6388617753982544,0.6388617753982544,0.6388617753982544,16.579744398593903,2018
2018-01-03,1.7169492,13.776578,1.7169492,2.3558109998703003,2.3558109998703003,2.3558109998703003,18.29669362306595,2018
2018-01-04,1.1883116,9.229885,1.1883116,3.544122576713562,3.544122576713562,3.544122576713562,19.48500519990921,2018
2018-01-05,0.0,0.0,0.0,2.9052608013153076,3.544122576713562,3.544122576713562,19.48500519990921,2018
2018-01-06,0.0,0.0,0.0,1.1883115768432617,3.544122576713562,3.544122576713562,19.48500519990921,2018
2018-01-07,0.0,0.0,0.0,0.0,3.544122576713562,3.544122576713562,19.48500519990921,2018
2018-01-08,0.0,0.0,0.0,0.0,3.544122576713562,3.544122576713562,19.04928320646286,2018
2018-01-09,0.0,0.0,0.0,0.0,2.9052608013153076,3.544122576713562,12.697990119457245,2018
2018-01-10,0.0,0.0,0.0,0.0,1.1883115768432617,3.544122576713562,4.982402980327606,2018
2018-01-11,0.0,0.0,0.0,0.0,0.0,3.544122576713562,3.8197445273399353,2018
2018-01-12,0.0,0.0,0.0,0.0,0.0,3.544122576713562,3.544122576713562,2018
2018-01-13,0.0,0.0,0.0,0.0,0.0,3.544122576713562,3.544122576713562,2018
2018-01-14,0.0,0.0,0.0,0.0,0.0,3.544122576713562,3.544122576713562,2018
2018-01-15,0.0,0.0,0.0,0.0,0.0,3.544122576713562,3.544122576713562,2018
2018-01-16,0.7206234,5.5729327,0.7206234,0.7206233739852905,0.7206233739852905,4.2647459506988525,4.2647459506988525,2018
2018-01-17,0.0,0.0,0.0,0.7206233739852905,0.7206233739852905,3.625884175300598,4.2647459506988525,2018
2018-01-18,0.0,0.0,0.0,0.7206233739852905,0.7206233739852905,1.9089349508285522,4.2647459506988525,2018
2018-01-19,0.0,0.0,0.0,0.0,0.7206233739852905,0.7206233739852905,4.2647459506988525,2018
2018-01-20,0.0,0.0,0.0,0.0,0.7206233739852905,0.7206233739852905,4.2647459506988525,2018
2018-01-21,0.0,0.0,0.0,0.0,0.7206233739852905,0.7206233739852905,4.2647459506988525,2018
2018-01-22,0.0,0.0,0.0,0.0,0.7206233739852905,0.7206233739852905,4.2647459506988525,2018
2018-01-23,0.0,0.0,0.0,0.0,0.0,0.7206233739852905,4.2647459506988525,2018
2018-01-24,0.0,0.0,0.0,0.0,0.0,0.7206233739852905,4.2647459506988525,2018
2018-01-25,0.0,0.0,0.0,0.0,0.0,0.7206233739852905,4.2647459506988525,2018
2018-01-26,0.0,0.0,0.0,0.0,0.0,0.7206233739852905,4.2647459506988525,2018
2018-01-27,0.0,0.0,0.0,0.0,0.0,0.7206233739852905,4.2647459506988525,2018
2018-01-28,0.0,0.0,0.0,0.0,0.0,0.7206233739852905,4.2647459506988525,2018
2018-01-29,0.0,0.0,0.0,0.0,0.0,0.7206233739852905,4.2647459506988525,2018
2018-01-30,0.0,0.0,0.0,0.0,0.0,0.7206233739852905,4.2647459506988525,2018
2018-01-31,0.0,0.0,0.0,0.0,0.0,0.0,4.2647459506988525,2018
2018-02-01,0.0,0.0,0.0,0.0,0.0,0.0,3.625884175300598,2018
2018-02-02,0.0,0.0,0.0,0.0,0.0,0.0,1.9089349508285522,2018
2018-02-03,0.0,0.0,0.0,0.0,0.0,0.0,0.7206233739852905,2018
2018-02-04,0.0,0.0,0.0,0.0,0.0,0.0,0.7206233739852905,2018
2018-02-05,0.0,0.0,0.0,0.0,0.0,0.0,0.7206233739852905,2018
2018-02-06,0.0,0.0,0.0,0.0,0.0,0.0,0.7206233739852905,2018
2018-02-07,0.0,0.0,0.0,0.0,0.0,0.0,0.7206233739852905,2018
2018-02-08,0.0,0.0,0.0,0.0,0.0,0.0,0.7206233739852905,2018
2018-02-09,0.0,0.0,0.0,0.0,0.0,0.0,0.7206233739852905,2018
2018-02-10,0.0,0.0,0.0,0.0,0.0,0.0,0.7206233739852905,2018
2018-02-11,0.0,0.0,0.0,0.0,0.0,0.0,0.7206233739852905,2018
2018-02-12,0.0,0.0,0.0,0.0,0.0,0.0,0.7206233739852905,2018
2018-02-13,0.0,0.0,0.0,0.0,0.0,0.0,0.7206233739852905,2018
2018-02-14,0.0,0.0,0.0,0.0,0.0,0.0,0.7206233739852905,2018
2018-02-15,0.41840005,3.1636624,0.41840005,0.4184000492095947,0.4184000492095947,0.4184000492095947,0.4184000492095947,2018
2018-02-16,0.0,0.0,0.0,0.4184000492095947,0.4184000492095947,0.4184000492095947,0.4184000492095947,2018
2018-02-17,0.0,0.0,0.0,0.4184000492095947,0.4184000492095947,0.4184000492095947,0.4184000492095947,2018
2018-02-18,0.0,0.0,0.0,0.0,0.4184000492095947,0.4184000492095947,0.4184000492095947,2018
2018-02-19,0.0,0.0,0.0,0.0,0.4184000492095947,0.4184000492095947,0.4184000492095947,2018
2018-02-20,0.0,0.0,0.0,0.0,0.4184000492095947,0.4184000492095947,0.4184000492095947,2018
2018-02-21,0.0,0.0,0.0,0.0,0.4184000492095947,0.4184000492095947,0.4184000492095947,2018
2018-02-22,0.0,0.0,0.0,0.0,0.0,0.4184000492095947,0.4184000492095947,2018
2018-02-23,0.0,0.0,0.0,0.0,0.0,0.4184000492095947,0.4184000492095947,2018
2018-02-24,0.17166309,1.2864566,0.17166309,0.1716630905866623,0.1716630905866623,0.590063139796257,0.590063139796257,2018
2018-02-25,0.0,0.0,0.0,0.1716630905866623,0.1716630905866623,0.590063139796257,0.590063139796257,2018
2018-02-26,5.618736,24.849138,5.618736,5.790398880839348,5.790398880839348,6.208798930048943,6.208798930048943,2018
2018-02-27,10.402212,44.60396,10.402212,16.02094793319702,16.192611023783684,16.61101107299328,16.61101107299328,2018
2018-02-28,0.0,0.0,0.0,16.02094793319702,16.192611023783684,16.61101107299328,16.61101107299328,2018
2018-03-01,0.0,0.0,0.0,10.402212142944336,16.192611023783684,16.61101107299328,16.61101107299328,2018
2018-03-02,0.05660408,1.02733,0.05660408,0.05660407990217209,16.249215103685856,16.249215103685856,16.66761515289545,2018
2018-03-03,2.5637715,22.26926,2.5637715,2.6203755661845207,18.641323499381542,18.812986589968204,19.2313866391778,2018
2018-03-04,0.365727,4.156667,0.365727,2.9861025735735893,19.00705050677061,19.178713597357273,19.597113646566868,2018
2018-03-05,0.0,0.0,0.0,2.9294984936714172,13.388314716517925,19.178713597357273,19.597113646566868,2018
2018-03-06,0.65880615,6.2509007,0.65880615,1.0245331525802612,3.644908718764782,19.837519742548466,20.25591979175806,2018
2018-03-07,0.02442889,0.6875009,0.02442889,0.6832350343465805,3.66933760792017,19.861948631703854,20.28034868091345,2018
2018-03-08,0.0,0.0,0.0,0.6832350343465805,3.66933760792017,19.861948631703854,20.28034868091345,2018
2018-03-09,0.0,0.0,0.0,0.02442888915538788,3.6127335280179977,19.861948631703854,20.28034868091345,2018
2018-03-10,0.0,0.0,0.0,0.0,1.048962041735649,19.861948631703854,20.28034868091345,2018
2018-03-11,0.12689956,2.7395465,0.12689956,0.12689955532550812,0.8101345896720886,19.8171850964427,20.407248236238956,2018
2018-03-12,0.47636062,5.8936243,0.47636062,0.6032601743936539,1.2864952087402344,20.293545715510845,20.883608855307102,2018
2018-03-13,2.735424,18.993225,2.735424,3.3386842161417007,3.3631131052970886,17.410233967006207,23.61903289705515,2018
2018-03-14,1.2354555,17.178684,1.2354555,4.447240173816681,4.574139729142189,8.243477337062359,24.854488410055637,2018
2018-03-15,0.0,0.0,0.0,3.970879554748535,4.574139729142189,8.243477337062359,24.854488410055637,2018
2018-03-16,8.54804,46.211052,8.54804,9.783495903015137,13.122180119156837,16.791517727077007,33.402528800070286,2018
2018-03-17,7.3338017,36.93762,7.3338017,15.881842136383057,20.455981865525246,24.068715393543243,40.3179304972291,2018
2018-03-18,6.722687,37.035133,6.722687,22.60452890396118,27.051769077777863,28.22763067483902,47.040617264807224,2018
2018-03-19,0.0,0.0,0.0,14.056488513946533,26.575408458709717,27.86190366744995,47.040617264807224,2018
2018-03-20,0.0,0.0,0.0,6.722686767578125,23.83998441696167,27.86190366744995,47.040617264807224,2018
2018-03-21,0.0,0.0,0.0,0.0,22.60452890396118,27.20309752225876,47.040617264807224,2018
2018-03-22,0.0,0.0,0.0,0.0,22.60452890396118,27.17866863310337,47.040617264807224,2018
2018-03-23,1.664281,15.57291,1.664281,1.6642810106277466,15.72076952457428,28.842949643731117,48.70489827543497,2018
2018-03-24,0.43093857,5.280685,0.43093857,2.0952195823192596,8.817906349897385,29.27388821542263,49.135836847126484,2018
2018-03-25,0.09097167,1.8487858,0.09097167,2.186191253364086,2.186191253364086,29.364859886467457,49.22680851817131,2018
2018-03-26,0.49704432,4.4905286,0.49704432,1.0189545676112175,2.683235578238964,29.735004656016827,49.552189752459526,2018
2018-03-27,2.0638494,11.667162,2.0638494,2.6518654450774193,4.747085027396679,31.322493486106396,51.61603920161724,2018
2018-03-28,0.85625154,5.288302,0.85625154,3.417145311832428,5.603336565196514,29.443320982158184,46.85355494916439,2018
2018-03-29,3.1411467,12.752871,3.1411467,6.061247646808624,8.744483225047588,31.34901212900877,39.59248946607113,2018
2018-03-30,5.183593,29.162683,5.183593,9.180990993976593,12.263795010745525,36.532604925334454,44.77608226239681,2018
2018-03-31,11.21348,35.426327,11.21348,19.538219451904297,23.04633643478155,39.198044531047344,55.98956225812435,2018
2018-04-01,0.5113891,3.7527416,0.5113891,16.90846186876297,23.466753840446472,32.37563186138868,56.44434725493193,2018
2018-04-02,0.423832,2.804274,0.423832,12.148701071739197,23.393541514873505,26.07677709311247,54.30440776795149,2018
2018-04-03,0.0,0.0,0.0,0.9352210760116577,21.32969206571579,26.07677709311247,53.93868076056242,2018
2018-04-04,1.4145784,9.013342,1.4145784,1.8384104371070862,21.88801896572113,27.491355530917645,55.353259198367596,2018
2018-04-05,0.0,0.0,0.0,1.4145784378051758,18.746872305870056,27.491355530917645,54.6944530531764,2018
2018-04-06,8.3581,32.65453,8.3581,9.77267837524414,21.921379446983337,35.84945546835661,63.02812410145998,2018
2018-04-07,0.14851621,1.0922462,0.14851621,8.50661614537239,10.856415659189224,34.33369066566229,63.176640309393406,2018
2018-04-08,6.6184254,51.430622,6.6184254,15.125041514635086,16.963451951742172,40.52117746323347,69.7950656786561,2018
2018-04-09,0.40167525,2.395991,0.40167525,7.168616831302643,16.941295206546783,40.831881046295166,70.19674093276262,2018
2018-04-10,12.973677,43.81683,12.973677,19.99377730488777,29.914971888065338,53.30851340293884,83.04351805895567,2018
2018-04-11,8.460127,30.874506,8.460127,21.83547881245613,36.96052032709122,59.70479083061218,91.02728431671858,2018
2018-04-12,10.112392,22.710634,10.112392,31.54619598388672,47.072912752628326,68.96093171834946,98.40425270050764,2018
2018-04-13,20.522532,83.79389,20.522532,39.09505081176758,59.237344324588776,86.3423165678978,117.69132869690657,2018
2018-04-14,18.080969,42.361954,18.080969,48.71589279174805,77.16979697346687,99.23969262838364,135.7722975537181,2018
2018-04-15,2.0843513,13.606834,2.0843513,40.687851667404175,72.63572290539742,90.11056393384933,129.30860846489668,2018
2018-04-16,0.31012827,2.1138117,0.31012827,20.475448429584503,72.54417592287064,89.90930312871933,122.28493499010801,2018
2018-04-17,2.4563496,13.781745,2.4563496,4.850829184055328,62.02684885263443,91.94182074069977,118.01859783381224,2018
2018-04-18,0.48646683,4.4762154,0.48646683,3.2529447078704834,54.05318880081177,92.42828756570816,118.50506465882063,2018
2018-04-19,4.9477673,12.837879,4.9477673,7.890583693981171,48.88856363296509,95.96147638559341,123.45283191651106,2018
2018-04-20,7.8308935,21.174282,7.8308935,13.26512759923935,36.1969256401062,103.79236990213394,131.2837254330516,2018
2018-04-21,30.08157,66.50834,30.08157,42.860230445861816,48.19752645492554,125.51583963632584,161.36529510468245,2018
2018-04-22,9.963441,32.52252,9.963441,47.87590408325195,56.076616048812866,135.33076432347298,169.66445498913527,2018
2018-04-23,1.1535823,8.2500105,1.1535823,41.19859290122986,56.920070111751556,129.8659212887287,170.38709875196218,2018
2018-04-24,2.2971134,14.198933,2.2971134,13.4141366481781,56.76083391904831,131.7613594532013,172.59324049949646,2018
2018-04-25,0.71756786,4.262112,0.71756786,4.168263614177704,56.99193495512009,119.50525063276291,172.81376403570175,2018
2018-04-26,1.7667257,13.611354,1.7667257,4.781406939029694,53.81089335680008,112.81184941530228,172.51664024591446,2018
2018-04-27,0.0,0.0,0.0,2.484293520450592,45.97999984025955,102.69945698976517,171.66038870811462,2018
2018-04-28,1.2840029,13.588301,1.2840029,3.0507285594940186,17.18243306875229,83.46092838048935,169.80324494838715,2018
2018-04-29,10.64567,23.638206,10.64567,11.929672837257385,17.86466211080551,76.02562946081161,175.26532208919525,2018
2018-04-30,5.3174577,16.91064,5.3174577,17.247130513191223,22.028537452220917,79.25873583555222,169.36929976940155,2018
2018-05-01,11.757228,35.732517,11.757228,27.72035551071167,31.488651931285858,90.70583546161652,180.61513859033585,2018
2018-05-02,12.001378,35.758938,12.001378,29.076063632965088,42.772462129592896,100.25086390972137,192.19268465042114,2018
2018-05-03,4.7414827,19.790813,4.7414827,28.500088691711426,45.74721920490265,104.50587981939316,196.93416738510132,2018
2018-05-04,2.5658348,8.273531,2.5658348,19.308695554733276,48.31305396556854,102.12394732236862,198.08542370796204,2018
2018-05-05,14.27973,50.39533,14.27973,21.587047338485718,61.308780908584595,108.57278364896774,212.36515355110168,2018
2018-05-06,19.345263,92.062126,19.345263,36.19082713127136,70.00837349891663,97.8364765048027,223.35231614112854,2018
2018-05-07,9.624666,24.560677,9.624666,43.24965858459473,74.31558203697205,97.4977018237114,232.82846614718437,2018
2018-05-08,17.252935,50.219807,17.252935,46.22286415100098,79.8112895488739,113.59705489873886,243.46297618746758,2018
2018-05-09,18.044813,58.256626,18.044813,44.922414779663086,85.85472464561462,129.3447546362877,261.106114089489,2018
2018-05-10,26.727634,52.93528,26.727634,62.02538299560547,107.84087634086609,155.35482120513916,274.86007183790207,2018
2018-05-11,13.364165,61.066162,13.364165,58.13661289215088,118.6392068862915,166.95226085186005,279.7641102671623,2018
2018-05-12,1.5989748,5.4248996,1.5989748,41.69077455997467,105.95845186710358,168.55123567581177,271.25069266557693,2018
2018-05-13,2.534309,15.38568,2.534309,17.497449040412903,89.14749825000763,169.80154168605804,253.2624700665474,2018
2018-05-14,0.7236905,6.8050704,0.7236905,4.856974244117737,80.24652254581451,159.8795622587204,235.905191719532,2018
2018-05-15,0.41993606,3.4902089,0.41993606,3.677935481071472,63.41352319717407,154.98204064369202,234.24077647924423,2018
2018-05-16,10.571326,23.732214,10.571326,11.714952826499939,55.94003629684448,153.7961390018463,244.50197446346283,2018
2018-05-17,1.3221562,10.56843,1.3221562,12.313418507575989,30.534558057785034,143.1169171333313,243.36778104305267,2018
2018-05-18,1.7311504,9.963104,1.7311504,13.624632835388184,18.901543140411377,140.10658478736877,244.61246460676193,2018
2018-05-19,3.6918242,11.418942,3.6918242,6.745130777359009,20.99439251422882,141.23257422447205,243.35652154684067,2018
2018-05-20,7.4967284,31.20825,7.4967284,12.919703006744385,25.956812024116516,134.44957280158997,243.0223564505577,2018
2018-05-21,5.663661,24.64553,5.663661,16.852213621139526,30.896782517433167,120.76797127723694,218.60444778203964,2018
2018-05-22,4.1424227,27.96515,4.1424227,17.302812099456787,34.619269132614136,115.2857277393341,212.7834295630455,2018
2018-05-23,10.92791,56.28286,10.92791,20.733993530273438,34.975852727890015,108.96070218086243,222.5577570796013,2018
2018-05-24,4.704443,19.53422,4.704443,19.774775505065918,38.358139514923096,95.62033200263977,224.96508663892746,2018
2018-05-25,53.79121,230.13278,53.79121,69.42356300354004,90.41819930076599,122.68390774726868,278.03872895240784,2018
2018-05-26,27.660479,79.66571,27.660479,86.15613174438477,114.38685369491577,136.9802210330963,303.93248188495636,2018
2018-05-27,34.358437,131.58139,34.358437,115.81012535095215,141.24856185913086,169.73968279361725,338.290918469429,2018
2018-05-28,25.489038,73.32721,25.489038,87.50795364379883,161.0739393234253,192.6944123506546,362.49595403671265,2018
2018-05-29,8.236837,26.10234,8.236837,68.08431243896484,165.16835403442383,200.20755922794342,360.0871214866638,2018
2018-05-30,0.040049344,1.3121299,0.040049344,33.76592519879341,154.28049352765083,199.8276725113392,354.8097131550312,2018
2018-05-31,5.1725564,25.977663,5.1725564,13.449443131685257,154.74860695004463,194.42890265583992,348.22504165768623,2018
2018-06-01,4.3277473,34.756634,4.3277473,9.540353089571,105.28514412045479,197.43449380993843,340.55141094326973,2018
2018-06-02,4.150888,40.432087,4.150888,13.651191711425781,81.77555349469185,199.85423138737679,339.96081617474556,2018
2018-06-03,1.4286772,5.23038,1.4286772,9.907312512397766,48.84579411149025,197.59108439087868,338.8236586153507,2018
2018-06-04,2.3978107,14.571597,2.3978107,7.977375864982605,25.754566341638565,192.49216666817665,326.9417394697666,2018
2018-06-05,4.1743283,18.031878,4.1743283,8.000816226005554,21.69205728173256,191.0028339922428,311.77080526947975,2018
2018-06-06,16.00143,59.259415,16.00143,22.573569536209106,37.653438448905945,202.861841827631,318.1475695669651,2018
2018-06-07,2.5884066,13.764063,2.5884066,22.76416540145874,35.06928861141205,194.52233853936195,303.4830407202244,2018
2018-06-08,3.00808,13.68865,3.00808,21.597917079925537,33.7496212720871,192.82597556710243,288.4463075697422,2018
2018-06-09,0.6604305,6.127633,0.6604305,6.256917059421539,30.259163796901703,139.6951958835125,262.3791036307812,2018
2018-06-10,5.9350667,26.331694,5.9350667,9.603577196598053,34.765553295612335,117.96978399157524,254.95000502467155,2018
2018-06-11,18.643864,43.729042,18.643864,25.239360868930817,51.01160627603531,102.2552110850811,271.99489387869835,2018
2018-06-12,27.940615,64.65035,27.940615,52.51954507827759,74.77789264917374,104.70678731799126,297.40119966864586,2018
2018-06-13,58.335068,186.35046,58.335068,104.91954612731934,117.11152988672256,154.80501767992973,355.01257690787315,2018
2018-06-14,76.01901,229.52246,76.01901,162.2946949005127,190.54213577508926,230.78398078680038,430.6116532981396,2018
2018-06-15,52.25752,121.73311,52.25752,186.61159896850586,239.79157453775406,277.86894315481186,472.2978458106518,2018
2018-06-16,16.11841,37.052822,16.11841,144.39494132995605,255.24955415725708,289.6596059203148,487.0940997302532,2018
2018-06-17,11.858822,54.889256,11.858822,80.23475074768066,261.1733093261719,297.36753982305527,497.22177121043205,2018
2018-06-18,33.71204,112.111694,33.71204,61.68927192687988,276.2414855957031,329.650902569294,527.2419869601727,2018
2018-06-19,3.7922983,27.44013,3.7922983,49.363160133361816,252.0931692123413,331.045390188694,523.5375568568707,2018
2018-06-20,0.35062906,5.616021,0.35062906,37.85496732592583,194.10873052477837,327.22169092297554,518.2245249152184,2018
2018-06-21,0.42069092,6.1641407,0.42069092,4.563618302345276,118.5104089975357,311.64095133543015,514.5027931630611,2018
2018-06-22,13.967375,44.87669,13.967375,14.738694787025452,80.2202650308609,323.0199195742607,517.5422581136227,2018
2018-06-23,21.819735,124.30305,21.819735,36.207800298929214,85.92158949375153,341.8315741419792,534.6575497090816,2018
2018-06-24,46.8874,298.4368,46.8874,82.67451095581055,120.95016920566559,388.05854523181915,527.7537411153316,2018
2018-06-25,13.814266,59.6054,13.814266,82.52140235900879,101.05239546298981,395.93774473667145,513.9075287282467,2018
2018-06-26,15.679146,69.31527,15.679146,76.38081359863281,112.93924295902252,392.9730268716812,495.2282379567623,2018
2018-06-27,17.304785,49.986214,17.304785,46.79819679260254,129.8933986723423,382.3371969461441,487.04398426413536,2018
2018-06-28,17.491123,62.894623,17.491123,50.475053787231445,146.96383094787598,341.49325239658356,496.2982700765133,2018
2018-06-29,7.439243,24.68203,7.439243,42.2351508140564,140.43569898605347,272.9134827852249,503.6974635720253,2018
2018-06-30,28.814638,149.50806,28.814638,53.745004177093506,147.4306025505066,249.47060215473175,527.3395453095436,2018
2018-07-01,30.850819,179.36275,30.850819,67.10469961166382,131.39401960372925,264.2030106782913,553.8626165986061,2018
2018-07-02,43.969105,212.97229,43.969105,103.63456153869629,161.54885816574097,296.31329357624054,593.6808333992958,2018
2018-07-03,34.950245,169.44083,34.950245,109.77016830444336,180.81995725631714,297.5514985322952,627.2024011015892,2018
2018-07-04,53.04251,220.1445,53.04251,131.96186065673828,216.557683467865,346.8017112016678,677.8471013903618,2018
2018-07-05,25.054508,142.61865,25.054508,113.0472640991211,224.12106847763062,371.5055903494358,698.7272812724113,2018
2018-07-06,8.885767,25.77774,8.885767,86.98278617858887,225.5675926208496,379.9706664085388,691.611617743969,2018
2018-07-07,2.5206144,15.406159,2.5206144,36.4608895778656,199.27356886863708,368.52390599250793,691.5438255667686,2018
2018-07-08,11.573297,36.52114,11.573297,22.97967791557312,179.99604678153992,358.2774679660797,700.1090421080589,2018
2018-07-09,5.2014575,21.360237,5.2014575,19.295368432998657,141.22839951515198,316.59152388572693,704.6500691175461,2018
2018-07-10,5.64811,28.944235,5.64811,22.422863960266113,111.92626452445984,308.42536759376526,704.3631123304367,2018
2018-07-11,7.037529,28.221731,7.037529,17.887096405029297,65.92128252983093,299.7837507724762,692.7567776441574,2018
2018-07-12,11.03867,37.927654,11.03867,23.724308490753174,51.90544390678406,293.51763558387756,675.8548325300217,2018
2018-07-13,7.432779,39.05064,7.432779,25.50897741317749,50.45245575904846,283.4592912197113,624.9525436162949,2018
2018-07-14,2.2354023,15.7279625,2.2354023,20.70685076713562,50.16724371910095,278.2554507255554,551.1689335107803,2018
2018-07-15,14.052142,57.274086,14.052142,23.72032332420349,52.64608931541443,263.49295473098755,512.9635568857193,2018
2018-07-16,9.101522,54.591457,9.101522,25.38906693458557,56.546154260635376,241.74365854263306,505.9466692209244,2018
2018-07-17,6.6912317,46.23011,6.6912317,29.84489631652832,57.58927607536316,204.46578550338745,500.779079079628,2018
2018-07-18,9.094491,53.13657,9.094491,24.887245178222656,59.64623808860779,178.61003160476685,476.1615301370621,2018
2018-07-19,0.6481832,3.4918282,0.6481832,16.433905959129333,49.255751729011536,126.21570384502411,473.0174150466919,2018
2018-07-20,2.1242871,25.948166,2.1242871,11.866961359977722,43.94726002216339,103.28548276424408,474.7910731136799,2018
2018-07-21,13.143007,30.966541,13.143007,15.915477633476257,54.854864954948425,107.54272305965424,487.51338946819305,2018
2018-07-22,14.77892,67.70785,14.77892,30.04621458053589,55.58164298534393,119.8010288476944,488.32493484020233,2018
2018-07-23,9.066052,45.729324,9.066052,36.987979888916016,55.546172976493835,117.29378473758698,475.5712527036667,2018
2018-07-24,13.99038,46.976475,13.99038,37.83535289764404,62.84532153606415,126.08270752429962,442.67423141002655,2018
2018-07-25,14.455606,45.958668,14.455606,37.51203918457031,68.20643699169159,134.8902040719986,443.31557166576385,2018
2018-07-26,13.2982025,64.16814,13.2982025,41.74418926239014,80.85645627975464,141.15087759494781,440.934628367424,2018
2018-07-27,12.95803,66.684074,12.95803,40.711838722229004,91.69019889831543,143.07023775577545,436.587873339653,2018
2018-07-28,26.3574,140.01485,26.3574,52.613633155822754,104.90459251403809,161.99485981464386,445.45415103435516,2018
2018-07-29,28.888794,135.3948,28.888794,68.20422458648682,119.01446628570557,188.648251414299,466.90370213985443,2018
2018-07-30,17.092882,69.11859,17.092882,72.33907699584961,127.04129600524902,191.68899142742157,455.1819461584091,2018
2018-07-31,10.544861,33.989017,10.544861,56.52653694152832,123.59577655792236,193.1323298215866,434.87598836421967,2018
2018-08-01,12.718954,44.637165,12.718954,40.35669708251953,121.85912418365479,199.16005218029022,403.6258376836777,2018
2018-08-02,40.71837,122.24134,40.71837,63.9821834564209,149.27929019927979,230.7839297056198,409.39396131038666,2018
2018-08-03,8.644799,51.10493,8.644799,62.08212184906006,144.96605968475342,238.78054571151733,364.99624955654144,2018
2018-08-04,6.270134,38.33469,6.270134,55.633301734924316,124.87879276275635,242.92639255523682,346.2118753194809,2018
2018-08-05,7.9463396,42.268784,7.9463396,22.86127281188965,103.93633842468262,237.7297248840332,345.27244794368744,2018
2018-08-06,8.496681,49.193993,8.496681,22.713154792785645,95.34013748168945,231.4474859237671,351.2485147714615,2018
2018-08-07,1.7105782,15.340189,1.7105782,18.15359902381897,86.505854845047,224.09201169013977,341.38579642772675,2018
2018-08-08,12.507601,64.803055,12.507601,22.714860200881958,86.29450154304504,222.60923218727112,348.69193971157074,2018
2018-08-09,2.6708732,27.50924,2.6708732,16.889052152633667,48.24700617790222,210.82449889183044,345.71470296382904,2018
2018-08-10,8.4593935,39.854416,8.4593935,23.63786745071411,48.06160044670105,205.98568987846375,347.13656747341156,2018
2018-08-11,4.8003817,37.543102,4.8003817,15.93064832687378,46.59184813499451,197.8280417919159,340.89827954769135,2018
2018-08-12,12.057336,43.402992,12.057336,25.317111015319824,50.7028443813324,183.52797675132751,345.5228365659714,2018
2018-08-13,21.848534,88.69715,21.848534,38.70625114440918,64.05469679832458,176.4877164363861,365.1359678506851,2018
2018-08-14,3.1674821,31.222107,3.1674821,37.07335162162781,65.51160073280334,162.5623164176941,354.25130784511566,2018
2018-08-15,2.7008567,11.521824,2.7008567,27.716872453689575,55.704856634140015,154.71831226348877,347.8506420850754,2018
2018-08-16,36.57055,197.87738,36.57055,42.43888783454895,89.60453248023987,178.56990718841553,377.72995936870575,2018
2018-08-17,11.619037,92.515396,11.619037,50.89044237136841,92.76417565345764,149.4705753326416,380.2545050382614,2018
2018-08-18,0.46478027,4.174193,0.46478027,48.654365956783295,88.42857426404953,141.290556371212,380.07110208272934,2018
2018-08-19,0.0,0.0,0.0,12.083816945552826,76.37123841047287,135.02042239904404,377.94681495428085,2018
2018-08-20,4.4349036,45.53617,4.4349036,4.899683892726898,58.95760840177536,131.50898641347885,369.23871129751205,2018
2018-08-21,3.5815244,29.508547,3.5815244,8.016427993774414,59.37165063619614,126.59382957220078,358.04131549596786,2018
2018-08-22,19.027687,58.411266,19.027687,27.04411506652832,75.69848102331161,143.9109384417534,368.00295013189316,2018
2018-08-23,15.398688,64.70447,15.398688,38.00789976119995,54.52662032842636,146.80202597379684,369.41125816106796,2018
2018-08-24,43.814434,231.13988,43.814434,78.2408094406128,86.72201770544052,187.9455868601799,398.77008575201035,2018
2018-08-25,14.968902,33.02521,14.968902,74.1820240020752,101.22613906860352,194.45509499311447,400.4407848715782,2018
2018-08-26,24.548649,64.67329,24.548649,83.3319845199585,125.77478790283203,214.20336216688156,412.03140395879745,2018
2018-08-27,10.50708,35.92245,10.50708,50.024630546569824,131.84696435928345,212.6531063914299,396.1810831427574,2018
2018-08-28,10.707766,78.04134,10.707766,45.76349449157715,138.97320556640625,201.51233834028244,378.00005477666855,2018
2018-08-29,18.398598,82.377846,18.398598,39.61344337463379,138.3441162109375,216.74345391988754,379.30577033758163,2018
2018-08-30,10.809365,40.45321,10.809365,39.91572856903076,133.75479316711426,224.8519625067711,379.57027477025986,2018
2018-08-31,9.265986,42.98079,9.265986,38.47394943237305,99.2063455581665,197.54739993810654,376.11730712652206,2018
2018-09-01,10.865111,74.44613,10.865111,30.940463066101074,95.10255527496338,196.7934746146202,346.2640499472618,2018
2018-09-02,19.984226,81.85312,19.984226,40.11532402038574,90.5381326675415,216.31292057037354,357.60347694158554,2018
2018-09-03,22.524822,80.62273,22.524822,53.374159812927246,102.55587482452393,238.83774280548096,373.858165204525,2018
2018-09-04,12.741653,73.06204,12.741653,55.250701904296875,104.5897626876831,247.14449262619019,378.65347903966904,2018
2018-09-05,24.213932,54.58807,24.213932,59.48040771484375,110.40509700775146,267.77690029144287,394.37072986364365,2018
2018-09-06,16.01252,78.00841,16.01252,52.96810531616211,115.60825157165527,264.76173305511475,408.67267149686813,2018
2018-09-07,1.9323221,8.37148,1.9323221,42.15877401828766,108.27458727359772,251.2953668832779,398.09739285707474,2018
2018-09-08,2.1776085,11.746103,2.1776085,20.122450470924377,99.58708441257477,209.65854132175446,397.60412818193436,2018
2018-09-09,4.1551948,17.09326,4.1551948,8.265125393867493,83.75805294513702,198.84483444690704,393.2999294400215,2018
2018-09-10,32.020897,163.81718,32.020897,38.353700160980225,93.2541276216507,206.31708252429962,420.5204446911812,2018
2018-09-11,30.288404,129.51828,30.288404,66.46449613571167,110.80087864398956,226.0984069108963,438.7515133023262,2018
2018-09-12,33.293415,132.53046,33.293415,95.60271644592285,119.88036167621613,248.68405640125275,450.1963947415352,2018
2018-09-13,32.315403,105.651215,32.315403,95.8972225189209,136.18324482440948,262.60086166858673,479.3443155884743,2018
2018-09-14,18.926388,96.20017,18.926388,84.53520584106445,153.17731046676636,270.71788418293,495.5698466897011,2018
2018-09-15,8.661088,57.458057,8.661088,59.902878761291504,159.66078996658325,270.1129857301712,467.66038566827774,2018
2018-09-16,0.890643,4.8347006,0.890643,28.478118777275085,156.39623820781708,260.13851737976074,456.93199199438095,2018
2018-09-17,0.29983297,1.8166949,0.29983297,9.851563960313797,124.67517426609993,240.45412412285805,456.7670446932316,2018
2018-09-18,0.2355134,2.235932,0.2355134,1.4259893745183945,94.62228320538998,218.16481529176235,457.0025580972433,2018
2018-09-19,4.1641784,32.703,4.1641784,4.699524745345116,65.49304650723934,209.58734022080898,456.73183284699917,2018
2018-09-20,0.009096858,0.20646979,0.009096858,4.408788633532822,33.18674038071185,185.38250504154712,453.15940533299,2018
2018-09-21,4.4926124,29.193321,4.4926124,8.665887591429055,18.752964955754578,173.8625975670293,438.62433062214404,2018
2018-09-22,13.873997,82.319916,13.873997,18.375705954618752,23.96587370056659,185.80427215714008,437.09963904041797,2018
2018-09-23,0.6862357,5.729174,0.6862357,19.05284482240677,23.761466425843537,184.3128993930295,393.97144071478397,2018
2018-09-24,5.084027,78.35173,5.084027,19.64425927400589,28.54566026944667,185.2417314471677,384.08656589407474,2018
2018-09-25,9.836768,45.56423,9.836768,15.607030689716339,38.146915015764534,163.0576026858762,369.3746852101758,2018
2018-09-26,6.1855145,50.57148,6.1855145,21.106309413909912,40.16825109440833,138.95471267122775,365.05311958212405,2018
2018-09-27,2.4562087,25.25238,2.4562087,18.47849130630493,42.61536294221878,108.11750630754977,356.8015627088025,2018
2018-09-28,1.0801172,8.145633,1.0801172,9.721840381622314,39.202867805957794,76.8822205485776,339.48308221716434,2018
2018-09-29,3.1474953,12.271971,3.1474953,6.683821201324463,28.476366341114044,61.10332803148776,331.82121221441776,2018
2018-09-30,2.9652305,34.767868,2.9652305,7.192842960357666,30.755361080169678,55.40747050661594,325.52045623678714,2018
2018-10-01,0.30892488,4.1552258,0.30892488,6.421650618314743,25.980259150266647,54.825752389617264,314.964269769378,2018
2018-10-02,0.80776215,8.917485,0.80776215,4.081917494535446,16.95125314593315,55.33368156570941,295.78780568856746,2018
2018-10-03,1.2134401,10.75709,1.2134401,2.330127090215683,11.979178756475449,56.311608222313225,274.4764235140756,2018
2018-10-04,0.4325879,3.8624277,0.4325879,2.453790098428726,9.955557942390442,52.580017742700875,262.16735796350986,2018
2018-10-05,0.018227588,0.2087799,0.018227588,1.664255540817976,8.893668305128813,52.589148472994566,237.97165351454169,2018
2018-10-06,2.3056514,20.519407,2.3056514,2.756466906517744,8.05182446166873,50.402187537401915,224.2647851044312,2018
2018-10-07,0.18641213,1.360858,0.18641213,2.510291140526533,5.273006122559309,36.714602928608656,222.51887508574873,2018
2018-10-08,0.7416605,5.2862053,0.7416605,3.2337240278720856,5.705741714686155,36.77002767845988,221.0829270714894,2018
2018-10-09,0.8752896,4.5826135,0.8752896,1.8033622205257416,5.773269187659025,32.561290483921766,217.80302193108946,2018
2018-10-10,0.57413024,6.3304906,0.57413024,2.191080331802368,5.133959364145994,23.298652570694685,186.35625525657088,2018
2018-10-11,10.130622,32.795135,10.130622,11.580041766166687,14.831993382424116,27.243760030716658,166.1984727019444,2018
2018-10-12,13.807846,45.309002,13.807846,24.51259821653366,28.62161186337471,38.595397394150496,146.71290370170027,2018
2018-10-13,5.574266,48.423428,5.574266,29.512733936309814,31.890226393938065,43.089546125382185,119.97176667395979,2018
2018-10-14,16.785204,85.93437,16.785204,36.16731595993042,48.489018201828,56.727254789322615,117.83058282081038,2018
2018-10-15,0.5463826,3.426378,0.5463826,22.905852496623993,48.29374033212662,54.30840693041682,109.71587743703276,2018
2018-10-16,0.00461358,0.13722482,0.00461358,17.336200119927526,47.42306429333985,54.00409562699497,108.82984801661223,2018
2018-10-17,0.6872558,5.5326676,0.6872558,1.2382519859820604,47.536189856007695,53.88358928076923,109.21727084647864,2018
2018-10-18,0.42387864,2.9289672,0.42387864,1.115748019888997,37.82944658584893,53.09402786009014,109.40563608240336,2018
2018-10-19,0.28998426,3.6301048,0.28998426,1.4011186957359314,24.31158477254212,52.95142422430217,105.53144196700305,2018
2018-10-20,0.0,0.0,0.0,0.7138628959655762,18.737318815663457,52.93319663591683,105.5223451089114,2018
2018-10-21,0.0,0.0,0.0,0.28998425602912903,1.9521148819476366,50.62754520960152,101.02973274700344,2018
2018-10-22,0.0,0.0,0.0,0.0,1.405732275918126,50.44113308377564,87.1557360123843,2018
2018-10-23,0.0,0.0,0.0,0.0,1.4011186957359314,49.69947260804474,86.46950028650463,2018
2018-10-24,0.0,0.0,0.0,0.0,0.7138628959655762,48.82418298907578,81.38547347299755,2018
2018-10-25,1.4060403,11.953985,1.4060403,1.4060403108596802,1.6960245668888092,49.65609306283295,72.95474563352764,2018
2018-10-26,1.0330923,9.186316,1.0330923,2.439132571220398,2.439132571220398,40.558563413098454,67.80232344381511,2018
2018-10-27,0.0,0.0,0.0,2.439132571220398,2.439132571220398,26.750717343762517,65.34611473791301,2018
2018-10-28,2.1331208,28.099176,2.1331208,3.166213035583496,4.572253346443176,23.309572162106633,66.39911828748882,2018
2018-10-29,0.5807827,4.817728,0.5807827,2.713903486728668,5.153036057949066,7.105150939896703,63.83240572921932,2018
2018-10-30,0.0,0.0,0.0,2.713903486728668,5.153036057949066,6.558768333867192,60.867175264284015,2018
2018-10-31,0.06844642,1.5856608,0.06844642,0.6492291316390038,5.22148247808218,6.622601173818111,60.62669680081308,2018
2018-11-01,0.38493794,4.702017,0.38493794,0.4533843621611595,4.2003801092505455,6.320283316075802,60.20387259684503,2018
2018-11-02,0.0,0.0,0.0,0.4533843621611595,3.1672878488898277,5.896404676139355,58.99043253622949,2018
2018-11-03,1.3682551,11.981535,1.3682551,1.7531930804252625,4.5355429872870445,6.9746755585074425,59.926099782809615,2018
2018-11-04,0.25933614,2.2916696,0.25933614,1.6275912821292877,2.661758355796337,7.234011702239513,60.16720833815634,2018
2018-11-05,1.0509344,7.8900065,1.0509344,2.6785257160663605,3.13191007822752,8.284946136176586,58.91249134577811,2018
2018-11-06,2.3795512,14.52099,2.3795512,3.6898217499256134,5.51146125048399,10.664497308433056,61.105630392208695,2018
2018-11-07,0.0,0.0,0.0,3.4304856061935425,5.443014830350876,10.664497308433056,60.3639699164778,2018
2018-11-08,0.0,0.0,0.0,2.3795511722564697,5.05807688832283,10.664497308433056,59.488680297508836,2018
2018-11-09,0.0,0.0,0.0,0.0,5.05807688832283,9.258456997573376,58.91455006040633,2018
2018-11-10,0.0,0.0,0.0,0.0,3.6898217499256134,8.225364737212658,48.78392815031111,2018
2018-11-11,0.0,0.0,0.0,0.0,3.4304856061935425,8.225364737212658,34.976082080975175,2018
2018-11-12,0.0,0.0,0.0,0.0,2.3795511722564697,6.09224396198988,29.401816124096513,2018
2018-11-13,0.0019696217,0.10438995,0.0019696217,0.0019696217495948076,0.0019696217495948076,5.5134308722335845,12.618581812130287,2018
2018-11-14,1.5378988,13.675082,1.5378988,1.539868400665,1.539868400665,7.05132965114899,13.610097985016182,2018
2018-11-15,0.07795747,2.0052109,0.07795747,1.6178258743602782,1.6178258743602782,7.060840704711154,13.683441878529266,2018
2018-11-16,0.6248628,8.933461,0.6248628,2.2407190427184105,2.2426886644680053,7.3007655527908355,13.621048868866637,2018
2018-11-17,0.055683903,1.4322935,0.055683903,0.7585041671991348,2.298372567864135,7.356449456186965,13.25285413232632,2018
2018-11-18,0.553208,4.0674634,0.553208,1.233754687011242,2.85158056137152,6.541402311297134,13.516077869804576,2018
2018-11-19,0.0,0.0,0.0,0.6088918969035149,2.85158056137152,6.282066167565063,13.516077869804576,2018
2018-11-20,0.0,0.0,0.0,0.5532079935073853,2.8496109396219254,5.23113173362799,13.516077869804576,2018
2018-11-21,0.0,0.0,0.0,0.0,1.31171216070652,2.85158056137152,13.516077869804576,2018
2018-11-22,0.0,0.0,0.0,0.0,1.233754687011242,2.85158056137152,13.516077869804576,2018
2018-11-23,0.0,0.0,0.0,0.0,0.6088918969035149,2.85158056137152,13.516077869804576,2018
2018-11-24,0.0,0.0,0.0,0.0,0.5532079935073853,2.85158056137152,12.110037558944896,2018
2018-11-25,0.0,0.0,0.0,0.0,0.0,2.85158056137152,11.076945298584178,2018
2018-11-26,0.0,0.0,0.0,0.0,0.0,2.85158056137152,11.076945298584178,2018
2018-11-27,0.0,0.0,0.0,0.0,0.0,2.85158056137152,8.9438245233614,2018
2018-11-28,0.0,0.0,0.0,0.0,0.0,2.8496109396219254,8.36304181185551,2018
2018-11-29,0.0,0.0,0.0,0.0,0.0,1.31171216070652,8.36304181185551,2018
2018-11-30,0.0,0.0,0.0,0.0,0.0,1.233754687011242,8.294595391722396,2018
2018-12-01,0.0,0.0,0.0,0.0,0.0,0.6088918969035149,7.90965744969435,2018
2018-12-02,0.0,0.0,0.0,0.0,0.0,0.5532079935073853,7.90965744969435,2018
2018-12-03,0.0,0.0,0.0,0.0,0.0,0.0,6.541402311297134,2018
2018-12-04,0.0,0.0,0.0,0.0,0.0,0.0,6.282066167565063,2018
2018-12-05,0.0,0.0,0.0,0.0,0.0,0.0,5.23113173362799,2018
2018-12-06,0.0,0.0,0.0,0.0,0.0,0.0,2.85158056137152,2018
2018-12-07,0.0,0.0,0.0,0.0,0.0,0.0,2.85158056137152,2018
2018-12-08,0.0,0.0,0.0,0.0,0.0,0.0,2.85158056137152,2018
2018-12-09,0.0,0.0,0.0,0.0,0.0,0.0,2.85158056137152,2018
2018-12-10,0.0,0.0,0.0,0.0,0.0,0.0,2.85158056137152,2018
2018-12-11,0.0,0.0,0.0,0.0,0.0,0.0,2.85158056137152,2018
2018-12-12,0.03221497,1.7073933,0.03221497,0.032214969396591187,0.032214969396591187,0.032214969396591187,2.8837955307681113,2018
2018-12-13,0.0,0.0,0.0,0.032214969396591187,0.032214969396591187,0.032214969396591187,2.8818259090185165,2018
2018-12-14,0.0,0.0,0.0,0.032214969396591187,0.032214969396591187,0.032214969396591187,1.3439271301031113,2018
2018-12-15,0.0,0.0,0.0,0.0,0.032214969396591187,0.032214969396591187,1.265969656407833,2018
2018-12-16,0.0,0.0,0.0,0.0,0.032214969396591187,0.032214969396591187,0.641106866300106,2018
2018-12-17,0.0,0.0,0.0,0.0,0.032214969396591187,0.032214969396591187,0.5854229629039764,2018
2018-12-18,5.1152945,23.635798,5.1152945,5.115294456481934,5.147509425878525,5.147509425878525,5.147509425878525,2018
2018-12-19,18.643385,43.516212,18.643385,23.758679389953613,23.758679389953613,23.790894359350204,23.790894359350204,2018
2018-12-20,0.058988445,0.5600572,0.058988445,23.817667834460735,23.817667834460735,23.849882803857327,23.849882803857327,2018
2018-12-21,0.0,0.0,0.0,18.7023733779788,23.817667834460735,23.849882803857327,23.849882803857327,2018
2018-12-22,0.0,0.0,0.0,0.05898844450712204,23.817667834460735,23.849882803857327,23.849882803857327,2018
2018-12-23,0.0,0.0,0.0,0.0,23.817667834460735,23.849882803857327,23.849882803857327,2018
2018-12-24,0.0,0.0,0.0,0.0,23.817667834460735,23.849882803857327,23.849882803857327,2018
2018-12-25,0.0,0.0,0.0,0.0,18.7023733779788,23.849882803857327,23.849882803857327,2018
2018-12-26,0.0,0.0,0.0,0.0,0.05898844450712204,23.849882803857327,23.849882803857327,2018
2018-12-27,0.0,0.0,0.0,0.0,0.0,23.817667834460735,23.849882803857327,2018
2018-12-28,0.23935315,1.845249,0.23935315,0.23935315012931824,0.23935315012931824,24.057020984590054,24.089235953986645,2018
2018-12-29,0.5352373,6.6540055,0.5352373,0.7745904624462128,0.7745904624462128,24.592258296906948,24.62447326630354,2018
2018-12-30,0.0,0.0,0.0,0.7745904624462128,0.7745904624462128,24.592258296906948,24.62447326630354,2018
2018-12-31,0.0,0.0,0.0,0.5352373123168945,0.7745904624462128,24.592258296906948,24.62447326630354,2018
2019-01-01,0.0,0.0,0.0,0.0,0.7745904624462128,24.592258296906948,24.62447326630354,2019
2019-01-02,0.0,0.0,0.0,0.0,0.7745904624462128,19.476963840425014,24.62447326630354,2019
2019-01-03,0.0,0.0,0.0,0.0,0.7745904624462128,0.8335789069533348,24.62447326630354,2019
2019-01-04,0.0,0.0,0.0,0.0,0.5352373123168945,0.7745904624462128,24.62447326630354,2019
2019-01-05,0.0,0.0,0.0,0.0,0.0,0.7745904624462128,24.62447326630354,2019
2019-01-06,0.0,0.0,0.0,0.0,0.0,0.7745904624462128,24.62447326630354,2019
2019-01-07,0.0,0.0,0.0,0.0,0.0,0.7745904624462128,24.62447326630354,2019
2019-01-08,0.0,0.0,0.0,0.0,0.0,0.7745904624462128,24.62447326630354,2019
2019-01-09,0.0,0.0,0.0,0.0,0.0,0.7745904624462128,24.62447326630354,2019
2019-01-10,0.089493364,1.7961789,0.089493364,0.08949336409568787,0.08949336409568787,0.8640838265419006,24.713966630399227,2019
2019-01-11,0.07854785,0.7307296,0.07854785,0.16804121434688568,0.16804121434688568,0.9426316767930984,24.760299511253834,2019
2019-01-12,0.0,0.0,0.0,0.16804121434688568,0.16804121434688568,0.7032785266637802,24.760299511253834,2019
2019-01-13,0.0,0.0,0.0,0.07854785025119781,0.16804121434688568,0.16804121434688568,24.760299511253834,2019
2019-01-14,0.0,0.0,0.0,0.0,0.16804121434688568,0.16804121434688568,24.760299511253834,2019
2019-01-15,0.0,0.0,0.0,0.0,0.16804121434688568,0.16804121434688568,24.760299511253834,2019
2019-01-16,0.0,0.0,0.0,0.0,0.16804121434688568,0.16804121434688568,24.760299511253834,2019
2019-01-17,0.0,0.0,0.0,0.0,0.07854785025119781,0.16804121434688568,19.6450050547719,2019
2019-01-18,0.0,0.0,0.0,0.0,0.0,0.16804121434688568,1.0016201213002205,2019
2019-01-19,0.0,0.0,0.0,0.0,0.0,0.16804121434688568,0.9426316767930984,2019
2019-01-20,0.0,0.0,0.0,0.0,0.0,0.16804121434688568,0.9426316767930984,2019
2019-01-21,0.0,0.0,0.0,0.0,0.0,0.16804121434688568,0.9426316767930984,2019
2019-01-22,0.0,0.0,0.0,0.0,0.0,0.16804121434688568,0.9426316767930984,2019
2019-01-23,0.0,0.0,0.0,0.0,0.0,0.16804121434688568,0.9426316767930984,2019
2019-01-24,0.0,0.0,0.0,0.0,0.0,0.16804121434688568,0.9426316767930984,2019
2019-01-25,0.0,0.0,0.0,0.0,0.0,0.07854785025119781,0.9426316767930984,2019
2019-01-26,0.0,0.0,0.0,0.0,0.0,0.0,0.9426316767930984,2019
2019-01-27,0.0,0.0,0.0,0.0,0.0,0.0,0.7032785266637802,2019
2019-01-28,0.0,0.0,0.0,0.0,0.0,0.0,0.16804121434688568,2019
2019-01-29,0.0,0.0,0.0,0.0,0.0,0.0,0.16804121434688568,2019
2019-01-30,0.32742983,3.06259,0.32742983,0.3274298310279846,0.3274298310279846,0.3274298310279846,0.4954710453748703,2019
2019-01-31,0.0,0.0,0.0,0.3274298310279846,0.3274298310279846,0.3274298310279846,0.4954710453748703,2019
2019-02-01,0.0,0.0,0.0,0.3274298310279846,0.3274298310279846,0.3274298310279846,0.4954710453748703,2019
2019-02-02,0.0,0.0,0.0,0.0,0.3274298310279846,0.3274298310279846,0.4954710453748703,2019
2019-02-03,0.0,0.0,0.0,0.0,0.3274298310279846,0.3274298310279846,0.4954710453748703,2019
2019-02-04,0.0,0.0,0.0,0.0,0.3274298310279846,0.3274298310279846,0.4954710453748703,2019
2019-02-05,0.0,0.0,0.0,0.0,0.3274298310279846,0.3274298310279846,0.4954710453748703,2019
2019-02-06,0.0,0.0,0.0,0.0,0.0,0.3274298310279846,0.4954710453748703,2019
2019-02-07,0.0,0.0,0.0,0.0,0.0,0.3274298310279846,0.4954710453748703,2019
2019-02-08,0.0,0.0,0.0,0.0,0.0,0.3274298310279846,0.4954710453748703,2019
2019-02-09,3.1175845,9.309614,3.1175845,3.117584466934204,3.117584466934204,3.4450142979621887,3.5235621482133865,2019
2019-02-10,1.2612494,10.058887,1.2612494,4.378833889961243,4.378833889961243,4.706263720989227,4.706263720989227,2019
2019-02-11,0.0,0.0,0.0,4.378833889961243,4.378833889961243,4.706263720989227,4.706263720989227,2019
2019-02-12,0.0,0.0,0.0,1.2612494230270386,4.378833889961243,4.706263720989227,4.706263720989227,2019
2019-02-13,0.0,0.0,0.0,0.0,4.378833889961243,4.706263720989227,4.706263720989227,2019
2019-02-14,0.0,0.0,0.0,0.0,4.378833889961243,4.378833889961243,4.706263720989227,2019
2019-02-15,0.0,0.0,0.0,0.0,4.378833889961243,4.378833889961243,4.706263720989227,2019
2019-02-16,0.090466484,1.0663729,0.090466484,0.09046648442745209,1.3517159074544907,4.469300374388695,4.796730205416679,2019
2019-02-17,4.7120442,14.10597,4.7120442,4.8025107234716415,4.8025107234716415,9.181344613432884,9.508774444460869,2019
2019-02-18,3.3583891,32.091934,3.3583891,8.160899862647057,8.160899862647057,12.5397337526083,12.867163583636284,2019
2019-02-19,0.26270145,2.9559178,0.26270145,8.333134829998016,8.423601314425468,12.802435204386711,13.129865035414696,2019
2019-02-20,0.0,0.0,0.0,3.621090590953827,8.423601314425468,12.802435204386711,13.129865035414696,2019
2019-02-21,0.0,0.0,0.0,0.26270145177841187,8.423601314425468,12.802435204386711,13.129865035414696,2019
2019-02-22,0.0,0.0,0.0,0.0,8.423601314425468,12.802435204386711,13.129865035414696,2019
2019-02-23,0.0,0.0,0.0,0.0,8.333134829998016,12.802435204386711,13.129865035414696,2019
2019-02-24,0.031597573,0.36805177,0.031597573,0.031597573310136795,3.6526881642639637,9.716448310762644,13.161462608724833,2019
2019-02-25,0.066820696,1.7187521,0.066820696,0.09841826930642128,0.36111972108483315,8.52201958373189,13.228283304721117,2019
2019-02-26,0.80997765,7.2638154,0.80997765,0.9083959199488163,0.9083959199488163,9.331997234374285,14.038260955363512,2019
2019-02-27,0.3812174,7.4520836,0.3812174,1.2580157369375229,1.2896133102476597,9.713214624673128,14.419478345662355,2019
2019-02-28,11.688175,28.318838,11.688175,12.879370242357254,12.977788511663675,21.401389826089144,26.10765354707837,2019
2019-03-01,7.071616,27.76742,7.071616,19.141008764505386,20.049404684454203,28.47300599887967,32.851839888840914,2019
2019-03-02,0.0,0.0,0.0,18.759791374206543,20.049404684454203,28.47300599887967,32.851839888840914,2019
2019-03-03,0.0,0.0,0.0,7.071616172790527,20.017807111144066,28.38253951445222,32.851839888840914,2019
2019-03-04,0.0,0.0,0.0,0.0,19.95098641514778,23.67049527540803,32.851839888840914,2019
2019-03-05,1.2816659,6.6079836,1.2816659,1.2816659212112427,20.42267468571663,21.593772057443857,34.13350581005216,2019
2019-03-06,2.7489915,13.106694,2.7489915,4.030657410621643,22.790448784828186,24.080062095075846,36.88249729946256,2019
2019-03-07,1.9426194,17.390272,1.9426194,5.973276853561401,13.044893026351929,26.022681538015604,38.825116742402315,2019
2019-03-08,0.0,0.0,0.0,4.691610932350159,5.973276853561401,26.022681538015604,38.825116742402315,2019
2019-03-09,0.0,0.0,0.0,1.9426194429397583,5.973276853561401,26.022681538015604,38.825116742402315,2019
2019-03-10,0.0,0.0,0.0,0.0,5.973276853561401,26.022681538015604,38.825116742402315,2019
2019-03-11,0.0,0.0,0.0,0.0,5.973276853561401,25.991083964705467,35.70753227546811,2019
2019-03-12,0.0,0.0,0.0,0.0,4.691610932350159,25.924263268709183,34.44628285244107,2019
2019-03-13,0.0,0.0,0.0,0.0,1.9426194429397583,25.114285618066788,34.44628285244107,2019
2019-03-14,0.0,0.0,0.0,0.0,0.0,24.733068227767944,34.44628285244107,2019
2019-03-15,0.0,0.0,0.0,0.0,0.0,13.044893026351929,34.44628285244107,2019
2019-03-16,0.0,0.0,0.0,0.0,0.0,5.973276853561401,34.44628285244107,2019
2019-03-17,0.0,0.0,0.0,0.0,0.0,5.973276853561401,34.44628285244107,2019
2019-03-18,0.0,0.0,0.0,0.0,0.0,5.973276853561401,34.35581636801362,2019
2019-03-19,0.5522767,2.9208302,0.5522767,0.5522766709327698,0.5522766709327698,6.525553524494171,30.1960487999022,2019
2019-03-20,4.5477962,22.480818,4.5477962,5.100072920322418,5.100072920322418,9.791683852672577,31.385455910116434,2019
2019-03-21,0.0,0.0,0.0,5.100072920322418,5.100072920322418,7.0426923632621765,31.122754458338022,2019
2019-03-22,1.71027,15.53342,1.71027,6.258066296577454,6.810342967510223,6.810342967510223,32.83302450552583,2019
2019-03-23,2.2020705,14.159347,2.2020705,3.912340521812439,9.012413442134857,9.012413442134857,35.03509498015046,2019
2019-03-24,0.0,0.0,0.0,3.912340521812439,9.012413442134857,9.012413442134857,35.03509498015046,2019
2019-03-25,0.0,0.0,0.0,2.202070474624634,9.012413442134857,9.012413442134857,35.03509498015046,2019
2019-03-26,0.0,0.0,0.0,0.0,8.460136771202087,9.012413442134857,35.003497406840324,2019
2019-03-27,3.6686018,14.299109,3.6686018,3.6686017513275146,7.580942273139954,12.681015193462372,38.605278462171555,2019
2019-03-28,1.3586056,4.5562706,1.3586056,5.027207374572754,8.939547896385193,14.039620816707611,39.1539064347744,2019
2019-03-29,0.0,0.0,0.0,5.027207374572754,7.229277849197388,14.039620816707611,38.772689044475555,2019
2019-03-30,3.1588492,18.376616,3.1588492,4.5174548625946045,8.18605661392212,17.198470056056976,30.243363082408905,2019
2019-03-31,2.0753946,10.010222,2.0753946,5.234243869781494,10.261451244354248,19.273864686489105,25.247141540050507,2019
2019-04-01,27.004274,54.329937,27.004274,32.23851823806763,37.26572561264038,46.27813905477524,52.25141590833664,2019
2019-04-02,4.453078,17.469969,4.453078,33.5327467918396,41.71880340576172,50.731216847896576,56.70449370145798,2019
2019-04-03,10.90962,32.182587,10.90962,42.36697244644165,48.959821939468384,61.088560461997986,67.61411398649216,2019
2019-04-04,0.012214445,0.34375045,0.012214445,15.374912522733212,47.61343076080084,56.55297865718603,66.34466250985861,2019
2019-04-05,8.171182,17.089264,8.171182,19.093016408383846,55.78461243957281,64.724160335958,71.76685269922018,2019
2019-04-06,0.9598055,5.673506,0.9598055,9.143201611936092,53.58556868880987,63.973695777356625,70.78403874486685,2019
2019-04-07,26.657469,88.46927,26.657469,35.788455963134766,78.16764285415411,88.42909409850836,97.44150754064322,2019
2019-04-08,3.4771192,10.005242,3.4771192,31.094393491744995,54.64048769325018,91.90621330589056,100.91862674802542,2019
2019-04-09,12.511623,41.19133,12.511623,42.64621138572693,62.6990332826972,104.41783668845892,113.43025013059378,2019
2019-04-10,9.546094,21.416504,9.546094,25.534836530685425,61.335506938397884,113.96393062919378,122.97634407132864,2019
2019-04-11,0.0,0.0,0.0,22.057717323303223,61.32329249382019,110.29532887786627,122.97634407132864,2019
2019-04-12,0.0,0.0,0.0,9.546093940734863,53.15211081504822,108.93672325462103,122.97634407132864,2019
2019-04-13,0.8455659,6.48759,0.8455659,0.845565915107727,53.03787124156952,109.78228916972876,123.82190998643637,2019
2019-04-14,1.9120828,7.2770905,1.9120828,2.7576487064361572,28.292485237121582,108.53552272170782,125.7339927777648,2019
2019-04-15,7.8776402,24.464685,7.8776402,10.635288953781128,32.69300627708435,114.33776833862066,133.61163302510977,2019
2019-04-16,8.207526,48.14607,8.207526,17.997249245643616,28.388909101486206,95.54102017730474,141.81915923207998,2019
2019-04-17,9.875967,30.3479,9.875967,25.96113348007202,28.71878218650818,100.96390940994024,151.69512625783682,2019
2019-04-18,0.4524238,9.568342,0.4524238,18.535917043685913,29.17120599746704,90.50671293586493,151.5952733978629,2019
2019-04-19,0.0,0.0,0.0,10.328390836715698,29.17120599746704,90.49449849128723,147.04747714847326,2019
2019-04-20,0.50047517,3.7644403,0.50047517,0.9528989791870117,28.826115250587463,82.82379198074341,147.5479523167014,2019
2019-04-21,6.042165,18.865917,6.042165,6.542639970779419,32.9561972618103,87.90615129470825,151.87984707206488,2019
2019-04-22,3.4910312,15.618229,3.4910312,10.033671140670776,28.56958818435669,64.73971366882324,153.1688077673316,2019
2019-04-23,0.28795847,1.8281196,0.28795847,9.821154445409775,20.650020450353622,61.55055293440819,153.45676624029875,2019
2019-04-24,1.3541218,9.946905,1.3541218,5.133111447095871,12.128175228834152,50.393051356077194,154.8108880445361,2019
2019-04-25,1.1091986,12.786401,1.1091986,2.7512788474559784,12.784949988126755,41.956155985593796,155.92008661478758,2019
2019-04-26,0.20551786,2.1768596,0.20551786,2.668838232755661,12.990467846393585,42.161673843860626,152.4570027217269,2019
2019-04-27,3.5961668,24.85943,3.5961668,4.910883277654648,16.08615952730179,45.75784069299698,154.694563947618,2019
2019-04-28,14.562602,61.58957,14.562602,18.36428675055504,24.606596767902374,59.47487682104111,169.25716599076986,2019
2019-04-29,16.295729,61.491955,16.295729,34.45449757575989,37.4112942814827,73.85852271318436,182.39404543489218,2019
2019-04-30,33.76264,122.01972,33.76264,64.62097263336182,70.88597771525383,99.74352437257767,214.08129271119833,2019
2019-05-01,49.51689,202.7326,49.51689,99.57526206970215,119.04874739050865,141.05288964509964,236.59390982240438,2019
2019-05-02,37.400883,117.53684,37.400883,120.68041610717773,155.34043154120445,168.57780534029007,269.5417147502303,2019
2019-05-03,14.903072,43.075127,14.903072,101.82084655761719,170.03798604011536,183.02845388650894,273.53516682237387,2019
2019-05-04,31.888472,79.718925,31.888472,84.19242668151855,198.33029079437256,214.9169254899025,305.4114239811897,2019
2019-05-05,111.723045,336.4824,111.723045,158.51458930969238,295.4907341003418,326.13949567079544,408.96328765153885,2019
2019-05-06,11.411828,32.714428,11.411828,155.0233449935913,290.6068334579468,331.50915890932083,419.4153102040291,2019
2019-05-07,3.1786416,13.475379,3.1786416,126.31351494789124,260.022833108902,331.19676929712296,395.9364829659462,2019
2019-05-08,1.5231974,6.1395836,1.5231974,16.113667011260986,212.02913904190063,332.43200823664665,393.98256117105484,2019
2019-05-09,4.188964,19.051489,4.188964,8.89080286026001,178.81722021102905,335.26685032248497,385.65990167856216,2019
2019-05-10,10.852713,55.616985,10.852713,16.564873933792114,174.7668604850769,345.0103643834591,386.9665203690529,2019
2019-05-11,20.316544,133.79288,20.316544,35.35822010040283,163.1949324607849,365.1213901042938,407.28306394815445,2019
2019-05-12,11.209313,50.93808,11.209313,42.37856960296631,62.68120050430298,372.73453664779663,418.4923773407936,2019
2019-05-13,11.038382,31.94372,11.038382,42.56423854827881,62.307754039764404,369.21031618118286,428.68519300222397,2019
2019-05-14,19.226927,58.172825,19.226927,41.47462177276611,78.35603928565979,372.14151430130005,446.0000370144844,2019
2019-05-15,12.503295,24.73064,12.503295,42.76860332489014,89.33613681793213,350.88216733932495,450.6256917119026,2019
2019-05-16,14.145858,52.147655,14.145858,45.87607955932617,99.29303073883057,315.5111336708069,456.5640233159065,2019
2019-05-17,10.811858,27.488985,10.811858,37.46101093292236,99.25217628479004,288.9221091270447,457.49991446733475,2019
2019-05-18,20.467375,50.27329,20.467375,45.42509078979492,99.40300750732422,294.4864115715027,477.5148654580116,2019
2019-05-19,7.786584,22.821619,7.786584,39.06581687927246,95.98027801513672,270.3845238685608,485.3014493584633,2019
2019-05-20,0.15793017,2.7582257,0.15793017,28.411888867616653,85.09982660412788,158.81940868496895,484.9589043557644,2019
2019-05-21,3.7944014,24.702961,3.7944014,11.738915473222733,69.66730120778084,151.2019820511341,482.71114096045494,2019
2019-05-22,16.858772,44.27759,16.858772,20.811103850603104,74.02277854084969,164.88211277127266,496.0788820683956,2019
2019-05-23,16.124922,47.69096,16.124922,36.77809548377991,76.00184252858162,179.48383715748787,511.9158453941345,2019
2019-05-24,11.06178,32.331955,11.06178,44.0454740524292,76.25176432728767,186.3566532433033,521.6235035657883,2019
2019-05-25,16.325817,37.441372,16.325817,43.512518882751465,72.11020663380623,191.829757720232,536.8401221036911,2019
2019-05-26,6.715959,30.477089,6.715959,34.10355615615845,71.0395818054676,178.22917321324348,543.3505633175373,2019
2019-05-27,5.3301444,18.998129,5.3301444,28.371920585632324,76.21179604530334,172.35000422596931,545.084540873766,2019
2019-05-28,12.684645,52.139282,12.684645,24.730748176574707,85.1020393371582,173.9962673485279,543.2065835297108,2019
2019-05-29,1.9305834,12.364563,1.9305834,19.945372462272644,70.17385041713715,156.69992390275002,528.8414382040501,2019
2019-05-30,11.892582,31.973812,11.892582,26.50780999660492,65.94151055812836,156.0892108976841,506.97137823700905,2019
2019-05-31,5.617745,17.950052,5.617745,19.44091022014618,60.49747550487518,147.56109800934792,463.0722316801548,2019
2019-06-01,6.777285,36.197147,6.777285,24.287611961364746,50.94894349575043,143.5265249311924,432.4486340582371,2019
2019-06-02,0.36758924,6.155586,0.36758924,12.762619256973267,44.600573658943176,123.42673936486244,417.9131509363651,2019
2019-06-03,6.08928,19.09324,6.08928,13.234154462814331,45.35970938205719,121.72943559288979,392.1139594614506,2019
2019-06-04,60.728806,193.0609,60.728806,67.18567490577698,93.4038702249527,182.30031096935272,341.11971965432167,2019
2019-06-05,26.835936,163.70358,26.835936,93.65402126312256,118.30922245979309,205.34184515476227,356.5438272058964,2019
2019-06-06,5.074895,27.347628,5.074895,92.63963603973389,111.49153542518616,193.55796778202057,358.4400805532932,2019
2019-06-07,5.823975,55.244915,5.823975,37.73480558395386,111.69776558876038,183.25702106952667,362.74085822701454,2019
2019-06-08,13.354685,32.278126,13.354685,24.253554821014404,118.27516531944275,185.54992592334747,371.9065791666508,2019
2019-06-09,10.045505,56.52488,10.045505,29.224164485931396,127.95308065414429,179.2696133852005,371.0993711054325,2019
2019-06-10,23.145987,153.10394,23.145987,46.546175956726074,145.00978708267212,195.6996408700943,373.9288140833378,2019
2019-06-11,4.979092,12.306502,4.979092,38.17058324813843,89.2600736618042,195.34858858585358,367.6985928118229,2019
2019-06-12,2.434779,27.269617,2.434779,30.559857606887817,64.85891699790955,185.0987228155136,359.0949901640415,2019
2019-06-13,0.5641101,2.7678573,0.5641101,7.977981150150299,60.34813219308853,183.73224955797195,340.43217346072197,2019
2019-06-14,6.511645,46.066017,6.511645,9.51053386926651,61.03580194711685,178.35131245851517,334.44052335619926,2019
2019-06-15,18.441448,64.64307,18.441448,25.517203152179718,66.12256532907486,191.17501574754715,338.73611375689507,2019
2019-06-16,6.0070558,37.468796,6.0070558,30.960148811340332,62.08411651849747,190.40478640794754,333.93131133913994,2019
2019-06-17,57.25049,363.7828,57.25049,81.69899225234985,96.18861824274063,247.28768545389175,370.7144248187542,2019
2019-06-18,19.955448,86.81007,19.955448,83.2129921913147,111.16497427225113,261.1538534760475,382.8832890689373,2019
2019-06-19,8.233902,40.42846,8.233902,85.43983840942383,116.96409732103348,208.6589499115944,390.9592608809471,2019
2019-06-20,2.491239,14.72109,2.491239,30.680589199066162,118.8912262916565,184.31425338983536,389.6560985445976,2019
2019-06-21,7.2931266,46.024803,7.2931266,18.01826763153076,119.67270803451538,186.5324850678444,380.09045284986496,2019
2019-06-22,10.478815,34.70656,10.478815,20.26318073272705,111.71007490158081,191.18732506036758,374.44434612989426,2019
2019-06-23,2.0037823,8.777055,2.0037823,19.775723934173584,107.70680141448975,179.83642250299454,365.386348426342,2019
2019-06-24,3.6145353,26.210398,3.6145353,16.097132682800293,54.07084846496582,173.4054532647133,352.6750666499138,2019
2019-06-25,21.348234,123.64638,21.348234,26.966551780700684,55.4636344909668,171.6077008843422,367.3073417544365,2019
2019-06-26,75.77419,215.59486,75.77419,100.73696231842041,123.00392532348633,242.40280157327652,437.7513901591301,2019
2019-06-27,94.72678,290.7192,94.72678,191.84921073913574,215.2394700050354,334.6948063969612,519.7935292124748,2019
2019-06-28,80.7394,271.23895,80.7394,251.2403793334961,288.68574619293213,414.870099067688,598.6023486256599,2019
2019-06-29,17.621017,93.09244,17.621017,193.0872039794922,295.82794857025146,425.9794716835022,604.3307841420174,2019
2019-06-30,2.0866451,20.104532,2.0866451,100.44706535339355,295.91081142425537,409.62466859817505,600.7996843457222,2019
2019-07-01,7.855236,55.566254,7.855236,27.562898635864258,300.1515121459961,411.4728488922119,601.8776353001595,2019
2019-07-02,5.4553413,22.554512,5.4553413,15.397222518920898,284.2586193084717,359.67770195007324,606.965387403965,2019
2019-07-03,7.160601,39.913578,7.160601,20.47117853164673,215.6450276374817,346.8828549385071,608.0367084145546,2019
2019-07-04,4.587259,28.346214,4.587259,17.203201293945312,125.50550270080566,343.2362117767334,551.8951616883278,2019
2019-07-05,3.2018638,22.104746,3.2018638,14.949723720550537,47.96796369552612,343.9468364715576,528.261089861393,2019
2019-07-06,16.266178,72.631744,16.266178,24.05530071258545,46.61312437057495,352.91988801956177,539.4523730874062,2019
2019-07-07,38.360966,187.25467,38.360966,57.829007625579834,82.88744497299194,380.8020386695862,571.9893637299538,2019
2019-07-08,51.193756,156.11928,51.193756,105.8208999633789,126.22596502304077,429.99201250076294,609.8284350037575,2019
2019-07-09,103.395676,343.86404,103.395676,192.95039749145508,224.16629934310913,529.7731528282166,703.1786060929298,2019
2019-07-10,107.659256,318.2309,107.659256,262.2486877441406,324.66495418548584,616.0841746330261,787.6918755173683,2019
2019-07-11,91.960655,374.2556,91.960655,303.01558685302734,412.0383505821228,632.2706370353699,874.6734386086464,2019
2019-07-12,50.063015,167.74487,50.063015,249.68292617797852,458.8995018005371,587.6068682670593,922.3016746640205,2019
2019-07-13,46.130302,146.10535,46.130302,188.15397262573242,488.7636260986328,552.9977679252625,967.8678669929504,2019
2019-07-14,28.334558,71.049164,28.334558,124.52787590026855,478.7372188568115,563.7113089561462,989.6907806396484,2019
2019-07-15,61.86625,184.13655,61.86625,136.33111000061035,489.40971183776855,623.4909129142761,1033.1155815124512,2019
2019-07-16,20.786907,67.420555,20.786907,110.98771476745605,406.8009433746338,636.4225840568542,1047.8954329490662,2019
2019-07-17,2.3491008,12.62398,2.3491008,85.00225710868835,301.49078822135925,633.3163435459137,992.9940454959869,2019
2019-07-18,0.0,0.0,0.0,23.1360080242157,209.5301330089569,626.1557424068451,973.0385973453522,2019
2019-07-19,1.9893651,9.000882,1.9893651,4.338465929031372,161.45648312568665,623.5578486919403,966.7940604686737,2019
2019-07-20,3.894146,29.95216,3.894146,5.883511066436768,119.2203266620636,624.2501308917999,968.1969673633575,2019
2019-07-21,9.230996,51.124756,9.230996,15.11450719833374,100.1167643070221,617.2149488925934,970.1348369121552,2019
2019-07-22,22.048714,129.28697,22.048714,35.173855781555176,60.29922890663147,600.9026968479156,981.7047355175018,2019
2019-07-23,72.39771,215.49962,72.39771,103.67742252349854,111.91003441810608,622.1066534519196,1052.0986659526825,2019
2019-07-24,39.866898,113.583115,39.866898,134.31332397460938,149.42783117294312,558.5778753757477,1088.3510282039642,2019
2019-07-25,15.381706,67.778946,15.381706,127.64631652832031,164.80953741073608,466.30032563209534,1082.3845002651215,2019
2019-07-26,9.298029,37.938442,9.298029,64.54663276672363,172.11820125579834,383.63769936561584,1015.9083364009857,2019
2019-07-27,26.431816,91.078735,26.431816,51.11155128479004,194.6558713912964,360.0065004825592,947.6133687496185,2019
2019-07-28,5.4258165,18.49035,5.4258165,41.15566158294678,190.85069179534912,319.3020145893097,872.2997825145721,2019
2019-07-29,4.332895,14.887151,4.332895,36.19052743911743,173.1348729133606,295.3003509044647,859.011659860611,2019
2019-07-30,17.375563,112.64058,17.375563,27.134274005889893,118.11272287368774,250.80966448783875,874.3005774021149,2019
2019-07-31,29.416162,173.49506,29.416162,51.12461996078491,107.66198778152466,259.43891978263855,895.8615038394928,2019
2019-08-01,20.748795,78.129974,20.748795,67.54051971435547,113.02907609939575,277.83861351013184,911.1549570560455,2019
2019-08-02,9.368309,33.179432,9.368309,59.53326606750488,113.099356174469,287.20692253112793,913.362664937973,2019
2019-08-03,23.962069,73.16115,23.962069,54.079172134399414,110.62960863113403,309.1796259880066,932.7374746799469,2019
2019-08-04,1.1230308,10.127401,1.1230308,34.45340836048126,106.32682287693024,306.40851080417633,930.6586416959763,2019
2019-08-05,4.8476486,25.896778,4.8476486,29.932747960090637,106.8415766954422,302.0251632928848,919.2401121854782,2019
2019-08-06,0.52546966,3.4608653,0.52546966,6.496149063110352,89.99148368835449,280.50191926956177,881.4046161174774,2019
2019-08-07,4.491385,49.171455,4.491385,9.864503264427185,65.06670618057251,212.59559154510498,834.7022449970245,2019
2019-08-08,13.572171,52.106934,13.572171,18.589025855064392,57.89008283615112,186.30086517333984,744.8787405490875,2019
2019-08-09,4.994496,28.52493,4.994496,23.05805206298828,53.51626968383789,175.91365480422974,642.2139804363251,2019
2019-08-10,6.9785943,30.20973,6.9785943,25.54526138305664,36.532795429229736,173.594220161438,557.2319195270538,2019
2019-08-11,2.1119292,9.275298,2.1119292,14.08501935005188,37.52169382572174,149.27433323860168,509.2808337211609,2019
2019-08-12,0.0,0.0,0.0,9.090523481369019,32.67404520511627,143.84851670265198,463.15053129196167,2019
2019-08-13,19.438555,55.80846,19.438555,21.55048394203186,51.587130308151245,158.95417666435242,454.25452756881714,2019
2019-08-14,18.063902,67.215805,18.063902,37.50245666503906,65.15964722633362,159.64251589775085,410.4521803855896,2019
2019-08-15,33.408897,151.20573,33.408897,70.9113540649414,84.99637341499329,163.63525080680847,423.074170589447,2019
2019-08-16,16.295528,71.69071,16.295528,67.7683277130127,96.29740595817566,159.18198466300964,437.0205981731415,2019
2019-08-17,13.90667,97.22506,13.90667,63.6110954284668,103.22548127174377,163.72034525871277,450.9272677898407,2019
2019-08-18,13.232572,63.62138,13.232572,43.43476963043213,114.34612369537354,152.9908483028412,462.1704742908478,2019
2019-08-19,3.1768892,15.409948,3.1768892,30.31613039970398,117.52301287651062,155.04470670223236,461.4532175064087,2019
2019-08-20,6.1336093,24.444103,6.1336093,22.543070077896118,104.21806740760803,156.33066737651825,458.3558306694031,2019
2019-08-21,7.3678703,58.59928,7.3678703,16.67836880683899,93.52203583717346,163.17306804656982,443.6749873161316,2019
2019-08-22,1.7203283,17.64854,1.7203283,15.221807956695557,61.83346676826477,160.40201139450073,372.9976029396057,2019
2019-08-23,11.215286,47.672745,11.215286,20.30348491668701,56.75322461128235,158.04512643814087,344.3459916114807,2019
2019-08-24,14.608012,60.392868,14.608012,27.54362678527832,57.454567193984985,167.65864276885986,343.5722975730896,2019
2019-08-25,14.619213,59.79809,14.619213,40.442511558532715,58.841208696365356,175.2992615699768,348.8934817314148,2019
2019-08-26,0.20039897,3.7515838,0.20039897,29.42762427031994,55.86471848189831,173.38773135840893,322.6620645970106,2019
2019-08-27,5.212131,50.74247,5.212131,20.031743094325066,54.94324021041393,178.5998623818159,322.4483790844679,2019
2019-08-28,4.9906144,39.18578,4.9906144,10.403144404292107,52.565984293818474,164.15192203223705,323.10609869658947,2019
2019-08-29,6.1658015,28.603725,6.1658015,16.368546962738037,57.01145748794079,152.2538216561079,311.89633755385876,2019
2019-08-30,0.1574941,2.3143978,0.1574941,11.313910037279129,45.95366533100605,119.00241835415363,282.6376691609621,2019
2019-08-31,7.8539834,78.95512,7.8539834,14.177279025316238,39.19963653385639,110.5608733445406,269.74285800755024,2019
2019-09-01,2.636925,8.408098,2.636925,10.648402482271194,27.217348411679268,99.2911287099123,263.01147396862507,2019
2019-09-02,0.4607947,4.96324,0.4607947,10.951703071594238,27.47774413228035,86.51935179531574,239.51020009815693,2019
2019-09-03,2.7512522,10.237927,2.7512522,5.848971843719482,25.01686528325081,86.0937147885561,241.13842149078846,2019
2019-09-04,10.793391,33.710083,10.793391,14.005438089370728,30.81964209675789,90.75349672138691,247.08416409790516,2019
2019-09-05,10.848873,32.211594,10.848873,24.393516540527344,35.502713710069656,94.2344995290041,257.4075675755739,2019
2019-09-06,4.5920663,26.81567,4.5920663,26.234330654144287,39.93728590011597,97.10623748600483,257.50824888050556,2019
2019-09-07,25.592016,79.668365,25.592016,41.03295564651489,57.67531871795654,111.48296745121479,269.52809388935566,2019
2019-09-08,13.701199,53.077858,13.701199,43.88528108596802,68.73959231376648,110.5761538296938,278.23479659855366,2019
2019-09-09,12.705223,70.157715,12.705223,51.99843788146973,80.98402070999146,108.66216380894184,283.96142537891865,2019
2019-09-10,19.8503,99.587654,19.8503,46.25672149658203,98.08306837081909,128.31206467747688,301.6997960358858,2019
2019-09-11,27.356024,155.16077,27.356024,59.91154670715332,114.64570093154907,150.45595744252205,329.05581982433796,2019
2019-09-12,16.340372,53.588314,16.340372,63.546695709228516,120.13719987869263,161.80571511387825,325.9576371461153,2019
2019-09-13,48.083942,126.11976,48.083942,91.78033828735352,163.62907600402832,203.72385600209236,355.97767765820026,2019
2019-09-14,39.19254,227.72206,39.19254,103.61685371398926,177.22959899902344,242.75890111923218,361.7613194733858,2019
2019-09-15,5.842601,28.012733,5.842601,93.1190824508667,169.3710012435913,240.7475185394287,351.3083918839693,2019
2019-09-16,25.127205,94.729645,25.127205,70.16234493255615,181.79298305511475,263.2377984523773,362.5289271622896,2019
2019-09-17,7.772929,20.387169,7.772929,38.74273490905762,169.71561241149902,270.54993295669556,357.0692847520113,2019
2019-09-18,4.447893,45.59835,4.447893,37.34802722930908,146.80748176574707,272.2465739250183,358.3402887135744,2019
2019-09-19,4.88201,30.625156,4.88201,17.102832317352295,135.34911966323853,266.3351926803589,357.0886894017458,2019
2019-09-20,1.6735102,7.7776685,1.6735102,11.003413319587708,88.93868744373322,257.1598297357559,351.39432926476,2019
2019-09-21,1.7771137,10.625551,1.7771137,8.33263385295868,51.52326190471649,254.3448771238327,351.45111460983753,2019
2019-09-22,3.8656018,16.82817,3.8656018,7.316225647926331,49.54626286029816,232.61846268177032,344.1014301329851,2019
2019-09-23,18.689583,63.42058,18.689583,24.332298278808594,43.10864078998566,237.6068469285965,348.1830007582903,2019
2019-09-24,19.571547,56.448006,19.571547,42.126731157302856,54.90725815296173,244.47317039966583,353.1353342086077,2019
2019-09-25,32.6008,76.79577,32.6008,70.86192893981934,83.06016457080841,257.22367012500763,385.5357348024845,2019
2019-09-26,8.149475,29.128708,8.149475,60.321821212768555,86.32762968540192,238.01712143421173,388.4730788767338,2019
2019-09-27,6.1672053,19.138693,6.1672053,46.91747999191284,90.82132482528687,227.84395468235016,389.6496697962284,2019
2019-09-28,7.202567,49.03657,7.202567,21.51924753189087,96.2467782497406,186.96257936954498,390.68643537163734,2019
2019-09-29,13.419749,53.133846,13.419749,26.78952169418335,105.80092573165894,161.18978941440582,403.948690533638,2019
2019-09-30,16.278177,38.73837,16.278177,36.90049362182617,103.38952016830444,171.62536585330963,412.37288439273834,2019
2019-10-01,60.58138,217.03246,60.58138,90.27930545806885,144.3993525505066,207.07953989505768,470.317338347435,2019
2019-10-02,15.518954,95.75172,15.518954,92.37851047515869,127.31750726699829,214.8255649805069,485.37549793720245,2019
2019-10-03,9.713926,53.808372,9.713926,85.81425952911377,128.88195848464966,220.09159815311432,492.33817207813263,2019
2019-10-04,3.760092,31.57884,3.760092,28.99297261238098,126.47484517097473,218.96968019008636,485.30487287044525,2019
2019-10-05,3.6702282,45.6012,3.6702282,17.144246578216553,122.94250631332397,220.96639823913574,478.12622797489166,2019
2019-10-06,2.6382878,15.694563,2.6382878,10.068608045578003,112.16104483604431,221.82757234573364,476.17244946956635,2019
2019-10-07,5.353998,37.60298,5.353998,11.662514209747314,101.23686575889587,223.31596875190735,455.9344314336777,2019
2019-10-08,13.03344,44.252735,13.03344,21.025725603103638,53.688926458358765,217.6598255634308,455.2666724920273,2019
2019-10-09,7.3280425,24.566175,7.3280425,25.7154803276062,45.49801468849182,205.416321516037,449.8894919157028,2019
2019-10-10,2.5604794,12.822637,2.5604794,22.921961545944214,38.34456777572632,175.37600135803223,432.59967148303986,2019
2019-10-11,3.2717927,22.471869,3.2717927,13.160314559936523,37.85626840591431,170.49831891059875,408.5154403448105,2019
2019-10-12,0.17705086,1.5959033,0.17705086,6.009322911500931,34.3630910217762,164.50816443562508,392.35211911797523,2019
2019-10-13,0.103405796,1.8283468,0.103405796,3.5522493049502373,31.828209035098553,157.4090031310916,344.3715825006366,2019
2019-10-14,0.0,0.0,0.0,0.28045665472745895,26.47421085089445,143.98925387114286,305.1790432855487,2019
2019-10-15,0.0,0.0,0.0,0.10340579599142075,13.440771214663982,127.71107660979033,299.33644246309996,2019
2019-10-16,5.523634,57.23314,5.523634,5.52363395690918,11.636362664401531,72.65333162993193,279.7328715249896,2019
2019-10-17,0.47715688,4.256213,0.47715688,6.00079083442688,9.553040139377117,57.61153423041105,272.43709921091795,2019
2019-10-18,0.59124196,6.672809,0.59124196,6.592032790184021,6.87248944491148,48.48884987086058,268.5804480239749,2019
2019-10-19,0.0,0.0,0.0,1.0683988332748413,6.695438586175442,44.72875785082579,263.69843804091215,2019
2019-10-20,0.15698916,1.9156367,0.15698916,0.7482311129570007,6.749021947383881,41.2155187651515,262.18191700428724,2019
2019-10-21,0.2220742,4.7942066,0.2220742,0.37906335294246674,6.971096143126488,38.79930517822504,260.6268775239587,2019
2019-10-22,1.2727094,5.7054176,1.2727094,1.6517727226018906,8.243805512785912,34.71801636368036,258.0339851155877,2019
2019-10-23,0.0,0.0,0.0,1.494783565402031,2.720171555876732,21.684576727449894,239.34440229088068,2019
2019-10-24,1.2650806,2.3533616,1.2650806,2.5377899408340454,3.5080952495336533,15.621614791452885,221.03793630748987,2019
2019-10-25,12.851317,28.02747,12.851317,14.116397976875305,15.768170699477196,25.912452794611454,201.28845415264368,2019
2019-10-26,112.54489,254.57056,112.54489,126.66128933429718,128.31306205689907,135.18555150181055,305.6838704124093,2019
2019-10-27,22.513535,125.81893,22.513535,147.909743309021,150.66960744559765,157.52203518897295,322.030199624598,2019
2019-10-28,0.098808765,1.1528502,0.098808765,135.1572346687317,150.54634201526642,157.5174381583929,314.9264412894845,2019
2019-10-29,0.0,0.0,0.0,22.612343311309814,149.273632645607,157.5174381583929,301.50669202953577,2019
2019-10-30,0.13247629,1.2577119,0.13247629,0.23128505051136017,149.40610893070698,157.6499144434929,285.3609910532832,2019
2019-10-31,0.0,0.0,0.0,0.13247628509998322,148.14102835953236,152.1262804865837,224.77961211651564,2019
2019-11-01,0.4005267,8.646693,0.4005267,0.5330029875040054,135.6902376562357,152.04965031147003,209.66118454188108,2019
2019-11-02,0.0,0.0,0.0,0.4005267024040222,23.14534629881382,151.4584083557129,199.94725822657347,2019
2019-11-03,0.0,0.0,0.0,0.4005267024040222,0.6318117529153824,151.4584083557129,196.18716620653868,2019
2019-11-04,0.0,0.0,0.0,0.0,0.5330029875040054,151.30141919851303,192.51693796366453,2019
2019-11-05,1.681504,15.791271,1.681504,1.6815040111541748,2.2145069986581802,152.7608490139246,191.56015419214964,2019
2019-11-06,1.0901484,5.7868056,1.0901484,2.7716524600982666,3.172179162502289,152.57828809320927,187.29630445688963,2019
2019-11-07,0.4302189,5.0686994,0.4302189,3.2018713653087616,3.602398067712784,153.00850699841976,174.69308372586966,2019
2019-11-08,0.0,0.0,0.0,1.5203673541545868,3.2018713653087616,151.74342642724514,167.36504121869802,2019
2019-11-09,2.622686,8.53959,2.622686,3.0529048144817352,5.824557274580002,141.5147949308157,167.42724772542715,2019
2019-11-10,9.829279,20.87226,9.829279,12.451964855194092,15.653836220502853,38.79918251931667,173.98473402112722,2019
2019-11-11,2.600052,11.424388,2.600052,15.052016973495483,18.253888338804245,18.885700091719627,176.40773528069258,2019
2019-11-12,1.0185556,6.547682,1.0185556,13.44788670539856,17.590939968824387,19.805446967482567,177.32288512587547,2019
2019-11-13,0.0,0.0,0.0,3.618607759475708,16.500791519880295,19.805446967482567,177.32288512587547,2019
2019-11-14,0.0,0.0,0.0,1.0185556411743164,16.0705726146698,19.672970682382584,177.32288512587547,2019
2019-11-15,0.0,0.0,0.0,0.0,16.0705726146698,19.672970682382584,171.7992511689663,2019
2019-11-16,0.0,0.0,0.0,0.0,13.44788670539856,19.27244397997856,171.3220942914486,2019
2019-11-17,0.016285924,0.4583339,0.016285924,0.01628592424094677,3.6348936837166548,19.288729904219508,170.7471382599324,2019
2019-11-18,0.0,0.0,0.0,0.01628592424094677,1.0348415654152632,19.288729904219508,170.7471382599324,2019
2019-11-19,0.010178703,0.2864587,0.010178703,0.026464627124369144,0.026464627124369144,19.29890860710293,170.60032780561596,2019
2019-11-20,1.0266603,10.461612,1.0266603,1.0368390260264277,1.0531249502673745,18.64406491909176,171.40491393301636,2019
2019-11-21,0.0,0.0,0.0,1.0368390260264277,1.0531249502673745,17.55391647014767,170.13220456335694,2019
2019-11-22,0.0,0.0,0.0,1.0266603231430054,1.0531249502673745,17.123697564937174,170.13220456335694,2019
2019-11-23,0.0,0.0,0.0,0.0,1.0531249502673745,17.123697564937174,168.86712399218231,2019
2019-11-24,0.0,0.0,0.0,0.0,1.0368390260264277,14.501011655665934,156.01580658648163,2019
2019-11-25,0.0,0.0,0.0,0.0,1.0368390260264277,4.6717327097430825,43.470915229059756,2019
2019-11-26,0.0,0.0,0.0,0.0,1.0266603231430054,2.071680591441691,20.95738068316132,2019
2019-11-27,0.0,0.0,0.0,0.0,0.0,1.0531249502673745,20.85857191774994,2019
2019-11-28,0.0,0.0,0.0,0.0,0.0,1.0531249502673745,20.85857191774994,2019
2019-11-29,0.0,0.0,0.0,0.0,0.0,1.0531249502673745,20.726095632649958,2019
2019-11-30,0.0,0.0,0.0,0.0,0.0,1.0531249502673745,20.726095632649958,2019
2019-12-01,0.0,0.0,0.0,0.0,0.0,1.0531249502673745,20.325568930245936,2019
2019-12-02,0.0,0.0,0.0,0.0,0.0,1.0368390260264277,20.325568930245936,2019
2019-12-03,0.0,0.0,0.0,0.0,0.0,1.0368390260264277,20.325568930245936,2019
2019-12-04,0.08463334,0.87186617,0.08463334,0.08463334292173386,0.08463334292173386,1.1112936660647392,20.41020227316767,2019
2019-12-05,0.0,0.0,0.0,0.08463334292173386,0.08463334292173386,0.08463334292173386,18.728698262013495,2019
2019-12-06,0.0,0.0,0.0,0.08463334292173386,0.08463334292173386,0.08463334292173386,17.638549813069403,2019
2019-12-07,0.0,0.0,0.0,0.0,0.08463334292173386,0.08463334292173386,17.208330907858908,2019
2019-12-08,0.0,0.0,0.0,0.0,0.08463334292173386,0.08463334292173386,17.208330907858908,2019
2019-12-09,0.0,0.0,0.0,0.0,0.08463334292173386,0.08463334292173386,14.585644998587668,2019
2019-12-10,0.03854706,0.43593308,0.03854706,0.03854706138372421,0.12318040430545807,0.12318040430545807,4.794913114048541,2019
2019-12-11,0.0,0.0,0.0,0.03854706138372421,0.03854706138372421,0.12318040430545807,2.194860995747149,2019
2019-12-12,0.0,0.0,0.0,0.03854706138372421,0.03854706138372421,0.12318040430545807,1.1763053545728326,2019
2019-12-13,0.0,0.0,0.0,0.0,0.03854706138372421,0.12318040430545807,1.1763053545728326,2019
2019-12-14,0.0,0.0,0.0,0.0,0.03854706138372421,0.12318040430545807,1.1763053545728326,2019
2019-12-15,0.0,0.0,0.0,0.0,0.03854706138372421,0.12318040430545807,1.1763053545728326,2019
2019-12-16,0.0032858262,0.17414878,0.0032858262,0.0032858261838555336,0.041832887567579746,0.1264662304893136,1.1795911807566881,2019
2019-12-17,0.0842785,1.149027,0.0842785,0.0875643277540803,0.0875643277540803,0.21074473205953836,1.247583758085966,2019
2019-12-18,0.0,0.0,0.0,0.0875643277540803,0.0875643277540803,0.21074473205953836,1.247583758085966,2019
2019-12-19,0.0,0.0,0.0,0.08427850157022476,0.0875643277540803,0.1261113891378045,1.2374050552025437,2019
2019-12-20,0.0,0.0,0.0,0.0,0.0875643277540803,0.1261113891378045,0.21074473205953836,2019
2019-12-21,0.0,0.0,0.0,0.0,0.0875643277540803,0.1261113891378045,0.21074473205953836,2019
2019-12-22,0.0,0.0,0.0,0.0,0.0875643277540803,0.1261113891378045,0.21074473205953836,2019
2019-12-23,0.0,0.0,0.0,0.0,0.08427850157022476,0.1261113891378045,0.21074473205953836,2019
2019-12-24,0.0,0.0,0.0,0.0,0.0,0.1261113891378045,0.21074473205953836,2019
2019-12-25,0.0,0.0,0.0,0.0,0.0,0.0875643277540803,0.21074473205953836,2019
2019-12-26,0.0,0.0,0.0,0.0,0.0,0.0875643277540803,0.21074473205953836,2019
2019-12-27,0.025191221,0.31596014,0.025191221,0.02519122138619423,0.02519122138619423,0.11275554914027452,0.2359359534457326,2019
2019-12-28,1.0422882,4.2234564,1.0422882,1.0674794055521488,1.0674794055521488,1.1550437333062291,1.2782241376116872,2019
2019-12-29,0.0,0.0,0.0,1.0674794055521488,1.0674794055521488,1.1550437333062291,1.2782241376116872,2019
2019-12-30,0.0,0.0,0.0,1.0422881841659546,1.0674794055521488,1.1550437333062291,1.2782241376116872,2019
2019-12-31,0.0,0.0,0.0,0.0,1.0674794055521488,1.1517579071223736,1.2782241376116872,2019
2020-01-01,0.23778412,2.3056843,0.23778412,0.23778411746025085,1.3052635230123997,1.3052635230123997,1.516008255071938,2020
2020-01-02,0.75229156,7.6521864,0.75229156,0.9900756776332855,2.0575550831854343,2.0575550831854343,2.2682998152449727,2020
2020-01-03,1.974853,5.9598722,1.974853,2.9649287164211273,4.007216900587082,4.032408121973276,4.158519511111081,2020
2020-01-04,5.6084337,15.954689,5.6084337,8.335578322410583,8.573362439870834,9.640841845422983,9.766953234560788,2020
2020-01-05,0.48198122,2.2714217,0.48198122,8.065267980098724,9.05534365773201,10.122823063284159,10.248934452421963,2020
2020-01-06,1.110988,5.966154,1.110988,7.201402962207794,10.166331678628922,11.23381108418107,11.359922473318875,2020
2020-01-07,0.0,0.0,0.0,1.5929692387580872,10.166331678628922,11.23381108418107,11.359922473318875,2020
2020-01-08,0.0,0.0,0.0,1.1109880208969116,9.92854756116867,11.23381108418107,11.359922473318875,2020
2020-01-09,0.20663664,1.8586593,0.20663664,0.20663663744926453,9.3828926384449,11.440447721630335,11.528012049384415,2020
2020-01-10,0.062864,1.0062042,0.062864,0.26950063556432724,7.470903597772121,11.503311719745398,11.590876047499478,2020
2020-01-11,0.0,0.0,0.0,0.26950063556432724,1.8624698743224144,11.478120498359203,11.590876047499478,2020
2020-01-12,0.0,0.0,0.0,0.06286399811506271,1.3804886564612389,10.435832314193249,11.590876047499478,2020
2020-01-13,0.0,0.0,0.0,0.0,0.26950063556432724,10.435832314193249,11.590876047499478,2020
2020-01-14,0.0,0.0,0.0,0.0,0.26950063556432724,10.435832314193249,11.590876047499478,2020
2020-01-15,0.0,0.0,0.0,0.0,0.26950063556432724,10.435832314193249,11.587590221315622,2020
2020-01-16,0.0,0.0,0.0,0.0,0.06286399811506271,10.198048196732998,11.503311719745398,2020
2020-01-17,0.0,0.0,0.0,0.0,0.0,9.445756636559963,11.503311719745398,2020
2020-01-18,0.0,0.0,0.0,0.0,0.0,7.470903597772121,11.503311719745398,2020
2020-01-19,0.0,0.0,0.0,0.0,0.0,1.8624698743224144,11.503311719745398,2020
2020-01-20,1.7077094,10.528113,1.7077094,1.7077094316482544,1.7077094316482544,3.0881980881094933,13.211021151393652,2020
2020-01-21,0.0,0.0,0.0,1.7077094316482544,1.7077094316482544,1.9772100672125816,13.211021151393652,2020
2020-01-22,0.0,0.0,0.0,1.7077094316482544,1.7077094316482544,1.9772100672125816,13.211021151393652,2020
2020-01-23,0.0,0.0,0.0,0.0,1.7077094316482544,1.9772100672125816,13.211021151393652,2020
2020-01-24,0.04387433,0.75649685,0.04387433,0.04387433081865311,1.7515837624669075,1.8144477605819702,13.254895482212305,2020
2020-01-25,0.034777008,0.4962726,0.034777008,0.07865133881568909,1.7863607704639435,1.7863607704639435,13.289672490209341,2020
2020-01-26,0.0,0.0,0.0,0.07865133881568909,1.7863607704639435,1.7863607704639435,13.264481268823147,2020
2020-01-27,0.0,0.0,0.0,0.03477700799703598,0.07865133881568909,1.7863607704639435,12.222193084657192,2020
2020-01-28,0.0,0.0,0.0,0.0,0.07865133881568909,1.7863607704639435,12.222193084657192,2020
2020-01-29,0.0,0.0,0.0,0.0,0.07865133881568909,1.7863607704639435,12.222193084657192,2020
2020-01-30,0.0,0.0,0.0,0.0,0.07865133881568909,1.7863607704639435,12.222193084657192,2020
2020-01-31,1.2281154,9.131922,1.2281154,1.228115439414978,1.262892447412014,3.0144762098789215,13.21252440661192,2020
2020-02-01,0.0,0.0,0.0,1.228115439414978,1.228115439414978,3.0144762098789215,12.460232846438885,2020
2020-02-02,0.0,0.0,0.0,1.228115439414978,1.228115439414978,3.0144762098789215,10.485379807651043,2020
2020-02-03,0.0,0.0,0.0,0.0,1.228115439414978,3.0144762098789215,4.876946084201336,2020
2020-02-04,0.0,0.0,0.0,0.0,1.228115439414978,1.3067667782306671,4.39496486634016,2020
2020-02-05,0.0,0.0,0.0,0.0,1.228115439414978,1.3067667782306671,3.2839768454432487,2020
2020-02-06,0.0,0.0,0.0,0.0,1.228115439414978,1.3067667782306671,3.2839768454432487,2020
2020-02-07,0.0,0.0,0.0,0.0,0.0,1.3067667782306671,3.2839768454432487,2020
2020-02-08,0.0,0.0,0.0,0.0,0.0,1.262892447412014,3.0773402079939842,2020
2020-02-09,0.022394834,0.18707381,0.022394834,0.022394834086298943,0.022394834086298943,1.250510273501277,3.0368710439652205,2020
2020-02-10,1.473243,6.6079836,1.473243,1.4956378322094679,1.4956378322094679,2.723753271624446,4.510114042088389,2020
2020-02-11,0.0,0.0,0.0,1.4956378322094679,1.4956378322094679,2.723753271624446,4.510114042088389,2020
2020-02-12,0.0,0.0,0.0,1.473242998123169,1.4956378322094679,2.723753271624446,4.510114042088389,2020
2020-02-13,0.0,0.0,0.0,0.0,1.4956378322094679,2.723753271624446,4.510114042088389,2020
2020-02-14,0.0,0.0,0.0,0.0,1.4956378322094679,2.723753271624446,4.510114042088389,2020
2020-02-15,0.0,0.0,0.0,0.0,1.4956378322094679,1.4956378322094679,4.510114042088389,2020
2020-02-16,0.0,0.0,0.0,0.0,1.473242998123169,1.4956378322094679,4.510114042088389,2020
2020-02-17,0.0,0.0,0.0,0.0,0.0,1.4956378322094679,4.510114042088389,2020
2020-02-18,0.032411296,0.66474557,0.032411296,0.03241129592061043,0.03241129592061043,1.5280491281300783,4.542525338009,2020
2020-02-19,0.5046874,6.116019,0.5046874,0.5370987243950367,0.5370987243950367,2.0327365566045046,3.3395033348351717,2020
2020-02-20,0.0,0.0,0.0,0.5370987243950367,0.5370987243950367,2.0327365566045046,3.3395033348351717,2020
2020-02-21,0.0,0.0,0.0,0.5046874284744263,0.5370987243950367,2.0327365566045046,3.3395033348351717,2020
2020-02-22,0.0,0.0,0.0,0.0,0.5370987243950367,2.0327365566045046,3.3395033348351717,2020
2020-02-23,0.0032858262,0.17414878,0.0032858262,0.0032858261838555336,0.5403845505788922,2.03602238278836,3.298914830200374,2020
2020-02-24,0.6939863,7.4245586,0.6939863,0.6972721228376031,1.2343708472326398,2.7076138453558087,3.9581241188570857,2020
2020-02-25,1.1344168,10.38274,1.1344168,1.8316889414563775,2.3363763699308038,2.368787665851414,5.09254093747586,2020
2020-02-26,3.3870845,8.767627,3.3870845,5.215487599372864,5.218773425556719,5.755872149951756,8.479625421576202,2020
2020-02-27,12.75973,35.789906,12.75973,17.28123164176941,17.978503764607012,18.51560248900205,21.239355760626495,2020
2020-02-28,0.0,0.0,0.0,16.146814823150635,17.978503764607012,18.51560248900205,21.239355760626495,2020
2020-02-29,0.0,0.0,0.0,12.759730339050293,17.978503764607012,18.51560248900205,21.239355760626495,2020
2020-03-01,0.0,0.0,0.0,0.0,17.975217938423157,18.51560248900205,20.011240321211517,2020
2020-03-02,0.0,0.0,0.0,0.0,17.28123164176941,18.51560248900205,20.011240321211517,2020
2020-03-03,0.52249193,3.2189572,0.52249193,0.5224919319152832,16.669306755065918,19.038094420917332,20.5337322531268,2020
2020-03-04,2.507635,9.869892,2.507635,3.0301270484924316,15.789857387542725,21.51331824157387,23.04136736970395,2020
2020-03-05,11.861146,55.99928,11.861146,14.891273021697998,14.891273021697998,32.86977678630501,34.902513342909515,2020
2020-03-06,1.9412441,11.230914,1.9412441,16.310025215148926,16.83251714706421,34.81102091167122,36.843757468275726,2020
2020-03-07,5.6657906,14.928949,5.6657906,19.468180656433105,22.498307704925537,40.47681146953255,42.509548026137054,2020
2020-03-08,1.8551193,9.983221,1.8551193,9.462154030799866,24.353427052497864,42.331930817104876,44.36466737370938,2020
2020-03-09,0.54755336,3.7759907,0.54755336,8.068463265895844,24.900980412960052,42.87619835138321,44.91222073417157,2020
2020-03-10,0.0,0.0,0.0,2.4026727080345154,24.37848848104477,42.18221205472946,44.88982590008527,2020
2020-03-11,0.0,0.0,0.0,0.5475533604621887,21.87085336446762,41.04779523611069,43.4165829019621,2020
2020-03-12,0.0,0.0,0.0,0.0,10.009707391262054,37.660710752010345,43.4165829019621,2020
2020-03-13,0.0,0.0,0.0,0.0,8.068463265895844,24.900980412960052,43.4165829019621,2020
2020-03-14,0.0,0.0,0.0,0.0,2.4026727080345154,24.900980412960052,43.4165829019621,2020
2020-03-15,0.04130001,1.0542324,0.04130001,0.041300009936094284,0.588853370398283,24.942280422896147,43.457882911898196,2020
2020-03-16,0.0,0.0,0.0,0.041300009936094284,0.041300009936094284,24.942280422896147,43.457882911898196,2020
2020-03-17,0.0,0.0,0.0,0.041300009936094284,0.041300009936094284,24.942280422896147,43.457882911898196,2020
2020-03-18,0.0,0.0,0.0,0.0,0.041300009936094284,24.419788490980864,43.457882911898196,2020
2020-03-19,0.0,0.0,0.0,0.0,0.041300009936094284,21.912153374403715,43.425471615977585,2020
2020-03-20,0.0,0.0,0.0,0.0,0.041300009936094284,10.051007401198149,42.92078418750316,2020
2020-03-21,0.40820292,2.6812556,0.40820292,0.4082029163837433,0.44950292631983757,8.517966192215681,43.3289871038869,2020
2020-03-22,5.1362524,31.3062,5.1362524,5.544455319643021,5.544455319643021,7.98842803761363,48.46523950714618,2020
2020-03-23,0.5186559,3.881248,0.5186559,6.063111215829849,6.063111215829849,6.651964586228132,48.98389540333301,2020
2020-03-24,0.50249326,4.4859114,0.50249326,6.1574015617370605,6.565604478120804,6.606904488056898,49.48310283944011,2020
2020-03-25,0.0032858262,0.17414878,0.0032858262,1.0244349846616387,6.568890304304659,6.610190314240754,48.792402368970215,2020
2020-03-26,0.02022373,0.34829757,0.02022373,0.52600281778723,6.589114033617079,6.6304140435531735,47.67820927966386,2020
2020-03-27,0.0,0.0,0.0,0.023509555496275425,6.589114033617079,6.6304140435531735,44.29112479556352,2020
2020-03-28,0.0,0.0,0.0,0.02022372931241989,6.180911117233336,6.6304140435531735,31.531394456513226,2020
2020-03-29,0.0,0.0,0.0,0.0,1.0446587139740586,6.6304140435531735,31.531394456513226,2020
2020-03-30,0.0,0.0,0.0,0.0,0.52600281778723,6.589114033617079,31.531394456513226,2020
2020-03-31,0.0,0.0,0.0,0.0,0.023509555496275425,6.589114033617079,31.531394456513226,2020
2020-04-01,0.0,0.0,0.0,0.0,0.02022372931241989,6.589114033617079,31.531394456513226,2020
2020-04-02,0.0,0.0,0.0,0.0,0.0,6.589114033617079,31.008902524597943,2020
2020-04-03,1.7170191,14.538993,1.7170191,1.7170190811157227,1.7170190811157227,8.306133114732802,30.218286489136517,2020
2020-04-04,0.26690325,3.1596391,0.26690325,1.9839223325252533,1.9839223325252533,8.573036366142333,18.62404376734048,2020
2020-04-05,0.0,0.0,0.0,1.9839223325252533,1.9839223325252533,8.16483344975859,16.68279964197427,2020
2020-04-06,0.0,0.0,0.0,0.26690325140953064,1.9839223325252533,3.028581046499312,11.017009084112942,2020
2020-04-07,0.15762317,1.777297,0.15762317,0.15762317180633545,2.1415455043315887,2.6675483221188188,9.319512908346951,2020
2020-04-08,0.10591208,1.4691337,0.10591208,0.2635352537035942,2.2474575862288475,2.270967141725123,8.877871629782021,2020
2020-04-09,4.6389666,18.422522,4.6389666,4.902501814067364,6.886424146592617,6.906647875905037,13.51683819014579,2020
2020-04-10,1.9640965,12.029321,1.9640965,6.708975188434124,7.13350161164999,8.850520692765713,15.480934736318886,2020
2020-04-11,0.0,0.0,0.0,6.603063106536865,6.866598360240459,8.850520692765713,15.480934736318886,2020
2020-04-12,13.256942,56.990643,13.256942,15.221038341522217,20.12354015558958,22.107462488114834,28.737876531668007,2020
2020-04-13,0.056203328,0.58124405,0.056203328,13.313145123422146,20.179743483662605,22.16366581618786,28.794079859741032,2020
2020-04-14,0.0,0.0,0.0,13.313145123422146,20.02212031185627,22.16366581618786,28.752779849804938,2020
2020-04-15,0.0,0.0,0.0,0.05620332807302475,19.91620822995901,22.16366581618786,28.752779849804938,2020
2020-04-16,20.993885,41.295387,20.993885,20.993885040283203,36.271126709878445,43.15755085647106,49.74666489008814,2020
2020-04-17,25.92099,54.55634,25.92099,46.91487503051758,60.228020153939724,69.07854084670544,75.66765488032252,2020
2020-04-18,13.4168415,23.338772,13.4168415,60.331716537475586,73.64486166089773,80.77836327254772,89.08449638728052,2020
2020-04-19,24.643867,42.79398,24.643867,63.981698989868164,85.03178735822439,105.15532751381397,113.7283638799563,2020
2020-04-20,24.79521,69.811,24.79521,62.855918884277344,109.77079391479492,129.95053739845753,138.11537084821612,2020
2020-04-21,3.2916384,18.564054,3.2916384,52.73071575164795,113.06243228912354,133.24217577278614,136.27075681928545,2020
2020-04-22,9.642613,20.305037,9.642613,37.729461669921875,122.70504570007324,142.7271660119295,145.39471433404833,2020
2020-04-23,9.066853,20.3211,9.066853,22.0011043548584,110.77801322937012,151.68810649961233,153.95907364133745,2020
2020-04-24,26.734095,78.79754,26.734095,45.44356060028076,111.59111785888672,173.78323455899954,180.68988243490458,2020
2020-04-25,29.211788,87.53022,29.211788,65.01273536682129,127.38606452941895,201.03092619031668,209.8814468830824,2020
2020-04-26,1.6064057,9.994101,1.6064057,57.55228853225708,104.34860277175903,202.63733192533255,211.48785261809826,2020
2020-04-27,7.866603,56.820457,7.866603,38.68479681015015,87.41999578475952,197.24699302762747,219.3544555157423,2020
2020-04-28,4.8222127,23.019629,4.8222127,14.295221328735352,88.95057010650635,202.01300239562988,224.17666821181774,2020
2020-04-29,12.11455,37.35474,12.11455,24.803365230560303,91.42250633239746,214.1275520324707,236.29121784865856,2020
2020-04-30,5.956913,24.75943,5.956913,22.893675327301025,88.31256675720215,220.08446502685547,242.24813084304333,2020
2020-05-01,3.7276094,19.265055,3.7276094,21.79907202720642,65.306081533432,202.8181893825531,245.97574023902416,2020
2020-05-02,1.5905157,11.949615,1.5905157,11.275038123130798,37.68480908870697,178.48771512508392,247.56625597178936,2020
2020-05-03,12.068257,48.234978,12.068257,17.386382460594177,48.146660685539246,177.13913094997406,257.9174942225218,2020
2020-05-04,4.8173985,22.237106,4.8173985,18.476171612739563,45.09745633602142,157.3126620054245,262.4679895192385,2020
2020-05-05,2.337159,13.048821,2.337159,19.222814798355103,42.61240255832672,134.85461103916168,264.8051484376192,2020
2020-05-06,15.764078,44.2258,15.764078,22.918635606765747,46.26193106174469,147.32705080509186,280.569226577878,2020
2020-05-07,1.6723022,9.353125,1.6723022,19.773539304733276,41.977320313453674,139.3567396402359,282.0839056521654,2020
2020-05-08,1.6120502,17.154507,1.6120502,19.048430562019348,39.86176109313965,131.90193724632263,283.59004374593496,2020
2020-05-09,1.8807821,7.0890794,1.8807821,5.16513454914093,40.15202748775482,107.04862475395203,280.83185931295156,2020
2020-05-10,1.6518673,19.949226,1.6518673,5.144699573516846,29.735637426376343,79.48870384693146,280.51963003724813,2020
2020-05-11,2.0326562,19.798794,2.0326562,5.565305590629578,26.950895071029663,79.91495430469513,282.5522862300277,2020
2020-05-12,0.23790193,1.8619841,0.23790193,3.922425389289856,24.851638078689575,72.28625333309174,269.5332463607192,2020
2020-05-13,6.3160157,21.550392,6.3160157,8.586573839187622,15.403575658798218,73.78005635738373,275.7930587530136,2020
2020-05-14,19.66848,49.64002,19.66848,26.222397565841675,33.39975333213806,81.3339866399765,295.4615386724472,2020
2020-05-15,9.693813,32.06938,9.693813,35.678308963775635,41.48151648044586,85.07088696956635,305.1553519964218,2020
2020-05-16,12.245485,60.311966,12.245485,41.607778549194336,51.84621965885162,93.58876287937164,296.40695226192474,2020
2020-05-17,12.840026,47.44025,12.840026,34.779324531555176,63.03437829017639,104.83827304840088,283.3259881734848,2020
2020-05-18,0.5121505,3.8166816,0.5121505,25.59766173362732,61.5138726234436,93.28216624259949,270.42129719257355,2020
2020-05-19,0.93540955,8.863972,0.93540955,14.287585973739624,62.21138024330139,89.4001772403717,246.7128392457962,2020
2020-05-20,3.927833,12.515964,3.927833,5.3753931522369385,59.82319760322571,90.99085140228271,225.8454624414444,2020
2020-05-21,66.047295,214.18248,66.047295,70.9105372428894,106.20201230049133,141.27406787872314,288.601118683815,2020
2020-05-22,66.812836,223.979,66.812836,136.78796339035034,163.3210346698761,206.41460132598877,345.77134096622467,2020
2020-05-23,54.778584,293.18155,54.778584,187.63871383666992,205.8541328907013,259.5811346769333,391.4830719232559,2020
2020-05-24,82.6263,318.18787,82.6263,204.21771621704102,275.6404039859772,340.32664954662323,447.37527430057526,2020
2020-05-25,73.90709,227.2192,73.90709,211.31196975708008,349.03534269332886,412.581871509552,492.07057535648346,2020
2020-05-26,66.59806,215.1719,66.59806,223.1314468383789,414.6979937553406,477.1472759246826,557.0622302293777,2020
2020-05-27,69.979256,211.35847,69.979256,210.48440551757812,480.74941635131836,546.8886296749115,619.1748830080032,2020
2020-05-28,4.906033,15.236082,4.906033,141.4833493232727,419.60815477371216,545.4786469936371,619.2587033510208,2020
2020-05-29,7.9945784,24.424206,7.9945784,82.87986707687378,360.789897441864,533.8047454357147,615.1387320756912,2020
2020-05-30,0.8965211,9.274796,0.8965211,13.79713249206543,306.90783500671387,525.0074532032013,610.0783401727676,2020
2020-05-31,12.173795,56.182228,12.173795,21.064894199371338,236.45533275604248,524.9357626438141,618.5245255231857,2020
2020-06-01,16.055351,52.871143,16.055351,29.125667095184326,178.60359477996826,528.1510879993439,632.9893610477448,2020
2020-06-02,19.534746,99.30142,19.534746,47.76389217376709,131.54028034210205,547.1736836433411,640.4558498859406,2020
2020-06-03,30.584066,111.752495,30.584066,66.17416381835938,92.14509105682373,576.8223404884338,666.2225177288055,2020
2020-06-04,13.711753,48.0753,13.711753,63.830565452575684,100.95081090927124,586.6062602996826,677.5971117019653,2020
2020-06-05,9.513628,75.43882,9.513628,53.809447288513184,102.46986055374146,530.0725936889648,671.346661567688,2020
2020-06-06,79.93418,149.95474,79.93418,103.15956211090088,181.50752067565918,543.1939392089844,749.6085405349731,2020
2020-06-07,13.663995,69.332756,13.663995,103.11180400848389,182.9977207183838,502.0793504714966,761.6604851484299,2020
2020-06-08,5.0923605,14.348454,5.0923605,98.69053649902344,172.03472995758057,424.54541397094727,764.8720635175705,2020
2020-06-09,0.27507144,9.88747,0.27507144,19.03142672777176,152.77505522966385,350.91339617967606,763.4952676892281,2020
2020-06-10,1.5106049,16.77261,1.5106049,6.878036797046661,123.70159369707108,285.82594043016434,762.973216354847,2020
2020-06-11,3.4886656,20.280668,3.4886656,5.274341881275177,113.47850638628006,219.33535033464432,766.2239800095558,2020
2020-06-12,22.133545,46.054947,22.133545,27.13281536102295,126.09842330217361,236.5628622174263,782.0415092110634,2020
2020-06-13,15.674827,50.405605,15.674827,41.29703712463379,61.839068710803986,244.24311047792435,778.0478559136391,2020
2020-06-14,19.039776,79.779755,19.039776,56.84814739227295,67.21484977006912,262.38636523485184,787.3938184380531,2020
2020-06-15,14.515707,47.942062,14.515707,49.23030948638916,76.63819628953934,264.7282775044441,789.6640401482582,2020
2020-06-16,18.162222,53.914066,18.162222,51.71770477294922,94.52534675598145,266.83514815568924,794.9862361550331,2020
2020-06-17,20.934244,59.525665,20.934244,53.612173080444336,113.9489860534668,268.2346461415291,815.4083297848701,2020
2020-06-18,79.614624,249.53719,79.614624,118.71109008789062,190.07494449615479,317.2652037739754,894.0875442624092,2020
2020-06-19,24.081152,103.244934,24.081152,124.63002014160156,192.02255153656006,327.6346028447151,914.2408631443977,2020
2020-06-20,12.793312,66.76953,12.793312,116.48908805847168,189.1410369873047,330.9142869114876,860.9868806004524,2020
2020-06-21,12.852007,47.66634,12.852007,49.726470947265625,182.95326805114746,263.8321126103401,807.0260518193245,2020
2020-06-22,7.725581,43.926315,7.725581,33.37090015411377,176.16314220428467,257.893698990345,759.9730494618416,2020
2020-06-23,17.545834,95.4175,17.545834,38.12342166900635,175.54675388336182,270.3471720814705,694.8925860524178,2020
2020-06-24,48.771515,301.4204,48.771515,74.04292964935303,203.38402462005615,318.8436155319214,669.7570117115974,2020
2020-06-25,59.22885,186.53093,59.22885,125.54619979858398,182.99825191497803,376.5618619918823,662.3878024220467,2020
2020-06-26,88.9311,345.52527,88.9311,196.93146514892578,247.84819889068604,462.0042953491211,681.3396456837654,2020
2020-06-27,115.53426,508.7824,115.53426,263.6942138671875,350.589150428772,555.4050140380859,791.9678762555122,2020
2020-06-28,105.03777,539.9128,105.03777,309.50313568115234,442.77491664886475,644.7679605484009,889.0110710263252,2020
2020-06-29,36.70877,147.6417,36.70877,257.2808074951172,471.75810623168945,662.4369554519653,924.8233206868172,2020
2020-06-30,6.7380843,16.538036,6.7380843,148.484628200531,460.95035696029663,654.6593327522278,919.3876102566719,2020
2020-07-01,14.189869,76.47135,14.189869,57.63672399520874,426.36871099472046,650.6869797706604,917.5221279263496,2020
2020-07-02,50.7798,214.09846,50.7798,71.70775365829468,417.91966009140015,680.5325360298157,948.7671821713448,2020
2020-07-03,30.97054,142.43549,30.97054,95.9402084350586,359.95910024642944,631.8884510993958,949.1536548733711,2020
2020-07-04,5.559872,35.87954,5.559872,87.31021165847778,249.98470878601074,613.3671712875366,941.0017741322517,2020
2020-07-05,9.343923,49.587257,9.343923,45.87433385848999,154.2908582687378,609.917781829834,940.8320687413216,2020
2020-07-06,18.359379,67.21863,18.359379,33.26317358016968,135.94146633148193,615.4251537322998,879.2572663426399,2020
2020-07-07,18.526283,70.585754,18.526283,46.22958469390869,147.72966527938843,626.2258558273315,884.1195548176765,2020
2020-07-08,12.405412,57.512066,12.405412,49.2910737991333,145.94520807266235,621.0854339599609,891.4326060414314,2020
2020-07-09,43.36151,190.4136,43.36151,74.29320621490479,138.52691888809204,615.6754302978516,934.519045829773,2020
2020-07-10,113.87439,480.31973,113.87439,169.64131259918213,221.43076944351196,670.3209686279297,1046.882830619812,2020
2020-07-11,122.881516,518.74023,122.881516,280.11741638183594,338.7524127960205,704.2713851928711,1166.2756805419922,2020
2020-07-12,87.41517,235.18546,87.41517,324.1710739135742,416.82365894317627,676.1522903442383,1231.5573043823242,2020
2020-07-13,38.18768,166.67105,38.18768,248.4843635559082,436.6519594192505,609.3021965026855,1254.0701570510864,2020
2020-07-14,13.45584,52.75456,13.45584,139.05868816375732,431.58151626586914,586.0492658615112,1248.4862213134766,2020
2020-07-15,16.245378,48.78215,16.245378,67.88889789581299,435.42148303985596,595.5565600395203,1250.215892791748,2020
2020-07-16,10.99475,64.45697,10.99475,40.69596862792969,403.0547218322754,592.3614411354065,1243.048420906067,2020
2020-07-17,6.026476,33.2238,6.026476,33.26660442352295,295.20680809020996,547.6081166267395,1228.1406526565552,2020
2020-07-18,15.80404,79.84617,15.80404,32.825265884399414,188.12933254241943,532.4416174888611,1164.3300685882568,2020
2020-07-19,60.618557,303.58286,60.618557,82.44907283782959,161.33272075653076,587.5003023147583,1200.867473602295,2020
2020-07-20,88.31598,350.4298,88.31598,164.73857593536377,211.46102046966553,666.4723587036133,1276.3901405334473,2020
2020-07-21,111.72986,397.5935,111.72986,260.6643943786621,309.7350387573242,759.8428382873535,1375.2679920196533,2020
2020-07-22,36.73448,162.83052,36.73448,236.7803192138672,330.22414207458496,778.0510368347168,1404.2768926620483,2020
2020-07-23,13.362422,45.03455,13.362422,161.82676219940186,332.5918140411377,779.0080471038818,1400.0934810638428,2020
2020-07-24,22.069355,63.848076,22.069355,72.16625881195068,348.63469314575195,757.7158908843994,1373.391321182251,2020
2020-07-25,4.6460013,14.06495,4.6460013,40.077778339385986,337.47665452957153,648.4875025749207,1318.8084712028503,2020
2020-07-26,2.103925,25.13541,2.103925,28.819281339645386,278.9620225429535,527.7099120616913,1231.9812972545624,2020
2020-07-27,7.654148,52.773018,7.654148,14.404074430465698,198.30019164085388,447.9488914012909,1124.1011817455292,2020
2020-07-28,12.047066,38.55939,12.047066,21.80513882637024,98.61739897727966,421.8082778453827,1031.1104743480682,2020
2020-07-29,14.723821,59.486145,14.723821,34.425034523010254,76.60673785209656,423.0762584209442,1009.1255242824554,2020
2020-07-30,32.603363,92.12016,32.603363,59.37424945831299,95.84767889976501,439.4342429637909,1034.9908030033112,2020
2020-07-31,13.650967,36.865532,13.650967,60.978150367736816,87.4292905330658,442.0904595851898,1034.4519007205963,2020
2020-08-01,15.273711,101.73074,15.273711,61.52804088592529,98.05700039863586,451.33769488334656,998.9458115100861,2020
2020-08-02,6.4448333,28.472553,6.4448333,35.369511127471924,102.39790868759155,441.9784882068634,974.4201056957245,2020
2020-08-03,10.883594,47.43983,10.883594,32.60213804244995,105.62735414505005,392.2435247898102,979.7438271045685,2020
2020-08-04,0.08051901,1.3378041,0.08051901,17.408945851027966,93.66080742329359,304.00806479901075,970.480423502624,2020
2020-08-05,10.705789,65.17276,10.705789,21.669901184737682,89.64277534931898,202.98399501293898,962.8268333002925,2020
2020-08-06,1.104837,8.038094,1.104837,11.891144566237926,58.14424925297499,167.35435014218092,945.4053869768977,2020
2020-08-07,9.953268,74.13783,9.953268,21.763893604278564,54.44655065983534,163.94519620388746,942.9532433077693,2020
2020-08-08,11.926663,53.797985,11.926663,22.984768390655518,51.099502854049206,153.8025045916438,911.5183954760432,2020
2020-08-09,7.0066743,16.337502,7.0066743,28.886605739593506,51.66134386509657,156.16317754238844,804.6506801173091,2020
2020-08-10,19.190435,97.72975,19.190435,38.12377309799194,59.96818571537733,173.24968796223402,700.9596000239253,2020
2020-08-11,10.356573,44.87998,10.356573,36.553682804107666,70.2442398071289,175.95211296528578,623.9010043665767,2020
2020-08-12,29.47633,108.14446,29.47633,59.023338317871094,89.01478099822998,193.3813770338893,615.189654879272,2020
2020-08-13,8.390389,27.666142,8.390389,48.22329235076904,96.30033349990845,187.0479457899928,610.124204210937,2020
2020-08-14,12.380095,74.8378,12.380095,50.24681377410889,98.72715997695923,166.82467728108168,606.2589202448726,2020
2020-08-15,21.131823,77.55286,21.131823,41.90230655670166,107.93231916427612,174.30553322285414,616.395992808044,2020
2020-08-16,12.836432,88.07563,12.836432,46.34834957122803,113.76207733154297,171.86825447529554,623.2059493586421,2020
2020-08-17,24.988169,152.67064,24.988169,58.95642375946045,119.55981063842773,190.4115899130702,632.3900781199336,2020
2020-08-18,23.0546,117.56793,23.0546,60.87920093536377,132.25783729553223,202.58259611576796,594.8261209055781,2020
2020-08-19,11.162225,46.38074,11.162225,59.20499324798584,113.94373226165771,213.66430187225342,517.6723666712642,2020
2020-08-20,10.808349,53.80116,10.808349,45.02517318725586,116.36169147491455,213.76686191558838,416.75085692852736,2020
2020-08-21,13.547435,51.820843,13.547435,35.5180082321167,117.52903175354004,226.20945978164673,393.56380992382765,2020
2020-08-22,13.104083,48.332695,13.104083,37.459866523742676,109.50129222869873,229.36027479171753,393.305470995605,2020
2020-08-23,15.914735,74.11862,15.914735,42.56625270843506,112.57959461212158,233.34834623336792,387.15085082501173,2020
2020-08-24,5.466781,31.73152,5.466781,34.48559904098511,93.0582070350647,231.80845308303833,387.97163062542677,2020
2020-08-25,6.080279,51.973137,6.080279,27.46179485321045,76.08388614654541,218.69829654693604,391.94798450917006,2020
2020-08-26,3.881363,20.792654,3.881363,15.428422927856445,68.80302429199219,212.2230863571167,388.1751993224025,2020
2020-08-27,1.4269397,9.704299,1.4269397,11.38858151435852,59.42161536216736,184.17369627952576,377.55507331341505,2020
2020-08-28,19.679361,117.67818,19.679361,24.987663984298706,65.55354189872742,195.4626681804657,382.5106139704585,2020
2020-08-29,18.497366,105.50343,18.497366,39.60366702079773,70.94682478904724,201.57993960380554,368.4046168848872,2020
2020-08-30,13.786955,36.28803,13.786955,51.96368217468262,68.81904482841492,194.2350718975067,368.54060512036085,2020
2020-08-31,9.2392845,69.73035,9.2392845,41.52360534667969,72.591548204422,190.63792395591736,362.5061784312129,2020
2020-09-01,16.67233,60.865974,16.67233,39.698570251464844,83.18360018730164,182.32208609580994,372.73367600888014,2020
2020-09-02,6.423751,29.549936,6.423751,32.33536624908447,85.72598814964294,165.69123721122742,368.2738333269954,2020
2020-09-03,3.1668282,29.021046,3.1668282,26.26290988922119,87.46587657928467,157.6958405971527,371.3601424694061,2020
2020-09-04,4.479095,21.911165,4.479095,14.069674015045166,72.2656102180481,151.36658692359924,365.1334488391876,2020
2020-09-05,2.1211057,14.890324,2.1211057,9.76702880859375,55.889349937438965,139.94025778770447,366.1497175693512,2020
2020-09-06,19.32351,122.27553,19.32351,25.923709869384766,61.425904273986816,146.1596839427948,375.51995873451233,2020
2020-09-07,47.382572,156.98308,47.382572,68.82718706130981,99.56919193267822,177.627521276474,410.9758675098419,2020
2020-09-08,22.656885,116.369705,22.656885,89.36296653747559,105.5537462234497,194.81762528419495,426.6260783672333,2020
2020-09-09,5.901156,34.94561,5.901156,75.94061326980591,105.03115129470825,194.63850235939026,413.3367989063263,2020
2020-09-10,18.699581,63.73135,18.699581,47.25762224197388,120.56390428543091,209.45672059059143,421.67980694770813,2020
2020-09-11,14.34869,57.654594,14.34869,38.949427127838135,130.43349933624268,222.37847089767456,406.5521671772003,2020
2020-09-12,9.018143,39.187595,9.018143,42.06641387939453,137.33053636550903,211.71725225448608,407.1799204349518,2020
2020-09-13,19.753342,92.271454,19.753342,43.120174407958984,137.76036882400513,212.97322797775269,414.5531675815582,2020
2020-09-14,33.15035,123.85654,33.15035,61.92183303833008,123.52814531326294,232.33662176132202,426.57169365882874,2020
2020-09-15,17.225178,52.254826,17.225178,70.12886810302734,118.09643793106079,240.32251501083374,430.9604389667511,2020
2020-09-16,38.902817,213.55257,38.902817,89.2783432006836,151.0980987548828,262.55300092697144,444.8750870227814,2020
2020-09-17,54.799156,190.03442,54.799156,110.92715072631836,187.19767379760742,310.9284062385559,476.6196434497833,2020
2020-09-18,13.958878,56.52948,13.958878,107.66085052490234,186.807861328125,321.7204556465149,479.4162962436676,2020
2020-09-19,5.4275236,51.170574,5.4275236,74.18555736541748,183.21724224090576,322.66888427734375,474.035471200943,2020
2020-09-20,0.0,0.0,0.0,19.386401176452637,163.46390056610107,320.5477786064148,460.48803639411926,2020
2020-09-21,2.0151737,18.241245,2.0151737,7.442697286605835,132.32872557640076,303.23944306373596,449.39912700653076,2020
2020-09-22,65.29819,167.82512,65.29819,67.31336092948914,180.40173506736755,321.15505814552307,498.78257942199707,2020
2020-09-23,47.74062,163.8108,47.74062,115.05398058891296,189.23953795433044,346.2387926578522,541.0564179420471,2020
2020-09-24,75.9285,244.23721,75.9285,188.96730422973633,210.36887907981873,416.2661340236664,610.9046363830566,2020
2020-09-25,105.932335,413.53476,105.932335,229.6014518737793,302.3423364162445,503.4988877773285,712.9556083679199,2020
2020-09-26,65.30694,214.89224,65.30694,247.1677703857422,362.22175097465515,554.4571359157562,776.8356068134308,2020
2020-09-27,47.53997,188.53279,47.53997,218.77924346923828,409.76172137260437,592.9789636135101,804.6962158679962,2020
2020-09-28,18.113495,92.455154,18.113495,130.9604034423828,425.8600425720215,591.3391168117523,804.312344789505,2020
2020-09-29,1.0141655,7.1249895,1.0141655,66.66763079166412,361.57602083683014,559.2029336690903,791.5395554304123,2020
2020-09-30,0.36398354,6.659431,0.36398354,19.49164393544197,314.1993847191334,542.3417394459248,782.6642544567585,2020
2020-10-01,1.3487575,20.516697,1.3487575,2.726906567811966,239.61964491009712,504.7876801788807,767.3406811058521,2020
2020-10-02,4.3017936,23.5453,4.3017936,6.014534622430801,137.98910358548164,454.2903175652027,765.2187238037586,2020
2020-10-03,3.7523744,19.708973,3.7523744,9.402925491333008,76.4345398247242,444.0838144123554,765.8042700588703,2020
2020-10-04,1.5462688,4.9786167,1.5462688,9.600436806678772,30.440838247537613,440.202559620142,762.8714438974857,2020
2020-10-05,4.404299,18.328001,4.404299,9.70294201374054,16.73164215683937,444.6068584024906,765.1546370089054,2020
2020-10-06,13.892258,43.062107,13.892258,19.842825293540955,29.60973432660103,456.48394241929054,759.7233854830265,2020
2020-10-07,18.81545,51.278015,18.81545,37.11200714111328,48.06120145320892,410.00120583176613,731.1562639772892,2020
2020-10-08,4.2077317,23.391436,4.2077317,36.91544008255005,50.920175671577454,366.4683178961277,712.7071105539799,2020
2020-10-09,8.280927,69.311195,8.280927,31.3041090965271,54.89930880069733,298.8207472860813,715.0868813097477,2020
2020-10-10,1.3513532,14.495753,1.3513532,13.840011596679688,52.4982875585556,194.23976555466652,697.738653331995,2020
2020-10-11,5.215925,42.248936,5.215925,14.848205089569092,56.16794395446777,134.1487525999546,688.6058885157108,2020
2020-10-12,0.84375143,4.5492015,0.84375143,7.411029815673828,52.607396602630615,87.45253363251686,680.431497246027,2020
2020-10-13,2.160449,19.663914,2.160449,8.220125675201416,40.875587940216064,71.49948778748512,662.8386045992374,2020
2020-10-14,0.2234858,4.1898446,0.2234858,3.227686256170273,22.283623069524765,70.70880806446075,629.911741733551,2020
2020-10-15,3.5204659,20.973679,3.5204659,5.904400676488876,21.596357196569443,73.86529037356377,616.2070298194885,2020
2020-10-16,2.0642784,18.906107,2.0642784,5.808230012655258,15.379708856344223,74.58081123232841,579.3684914112091,2020
2020-10-17,0.67731,6.393685,0.67731,6.262054204940796,14.705665677785873,70.95632764697075,525.2466452121735,2020
2020-10-18,0.06423487,1.3635045,0.06423487,2.8058232218027115,9.553975328803062,67.26818810403347,511.3520025163889,2020
2020-10-19,1.2851502,27.655485,1.2851502,2.026695027947426,9.99537406861782,67.00706945359707,507.20962907373905,2020
2020-10-20,0.7001479,8.880038,0.7001479,2.04953296482563,8.535072967410088,63.30291859805584,507.90977700054646,2020
2020-10-21,4.5604196,49.697506,4.5604196,6.545717656612396,12.872006729245186,53.97108046710491,510.45502288639545,2020
2020-10-22,7.0714865,39.722374,7.0714865,12.33205395936966,16.423027351498604,42.22711627185345,452.2283221036196,2020
2020-10-23,30.389547,107.92526,30.389547,42.02145338058472,44.748296335339546,68.40893189609051,434.8772497922182,2020
2020-10-24,91.76061,293.58398,91.76061,129.22164630889893,135.83159883320332,151.88861767947674,450.70936496555805,2020
2020-10-25,24.308317,123.96146,24.308317,146.45847702026367,160.07568114995956,174.84558169543743,369.08534725010395,2020
2020-10-26,1.1355249,10.301741,1.1355249,117.20445454120636,159.92605584859848,170.76518134772778,304.9139339476824,2020
2020-10-27,0.5085122,3.6562393,0.5085122,25.95235425233841,159.7344201207161,170.42994211614132,257.8824757486582,2020
2020-10-28,0.0068963417,0.26122317,0.0068963417,1.650933409575373,155.18089690292254,168.2763894298114,239.7758772172965,2020
2020-10-29,0.0,0.0,0.0,0.515408540610224,148.10941042983904,168.05290363216773,238.76171169662848,2020
2020-10-30,0.0,0.0,0.0,0.006896341685205698,117.71986308181658,164.53243778133765,238.39772815490142,2020
2020-10-31,0.0,0.0,0.0,0.0,25.959250594023615,162.46815941715613,237.04897064948454,2020
2020-11-01,4.436097,32.436996,4.436097,4.436097145080566,6.087030554655939,166.2269465723075,237.18327421927825,2020
2020-11-02,8.472359,27.565296,8.472359,12.908455848693848,13.423864389304072,174.63507040822878,241.90325851226225,2020
2020-11-03,0.031030351,0.31171888,0.031030351,12.939486199989915,12.94638254167512,173.38095058919862,240.3880200427957,2020
2020-11-04,0.7509609,8.759632,0.7509609,9.254349941387773,13.690447086468339,173.43176354886964,236.73468214692548,2020
2020-11-05,0.16984107,6.4911656,0.16984107,0.9518323037773371,13.860288152471185,169.04118505539373,223.01226552249864,2020
2020-11-06,0.0,0.0,0.0,0.9208019524812698,13.860288152471185,161.96969858231023,204.19681485416368,2020
2020-11-07,0.0,0.0,0.0,0.16984106600284576,13.860288152471185,131.58015123428777,199.98908313037828,2020
2020-11-08,0.0,0.0,0.0,0.0,9.424191007390618,39.8195387464948,191.70815642597154,2020
2020-11-09,0.038547058,0.43593308,0.038547058,0.038547057658433914,0.990379361435771,15.549768619704992,190.39535031514242,2020
2020-11-10,0.0,0.0,0.0,0.038547057658433914,0.9593490101397038,14.414243750739843,185.17942509846762,2020
2020-11-11,0.0,0.0,0.0,0.038547057658433914,0.20838812366127968,13.905731551814824,184.33567366795614,2020
2020-11-12,0.0,0.0,0.0,0.0,0.038547057658433914,13.898835210129619,182.175224639941,2020
2020-11-13,0.0,0.0,0.0,0.0,0.038547057658433914,13.898835210129619,181.95173884229735,2020
2020-11-14,0.0,0.0,0.0,0.0,0.038547057658433914,13.898835210129619,178.43127299146727,2020
2020-11-15,0.0,0.0,0.0,0.0,0.038547057658433914,13.898835210129619,176.36699462728575,2020
2020-11-16,0.0,0.0,0.0,0.0,0.0,9.462738065049052,175.68968463735655,2020
2020-11-17,0.0,0.0,0.0,0.0,0.0,0.990379361435771,175.62544976966456,2020
2020-11-18,0.0,0.0,0.0,0.0,0.0,0.9593490101397038,174.34029959933832,2020
2020-11-19,0.0,0.0,0.0,0.0,0.0,0.20838812366127968,173.64015167253092,2020
2020-11-20,0.0,0.0,0.0,0.0,0.0,0.038547057658433914,169.07973211305216,2020
2020-11-21,0.122820586,0.96185136,0.122820586,0.12282058596611023,0.12282058596611023,0.16136764362454414,162.13106622593477,2020
2020-11-22,0.60227007,7.9210267,0.60227007,0.7250906527042389,0.7250906527042389,0.7636377103626728,132.34378894465044,2020
2020-11-23,0.0,0.0,0.0,0.7250906527042389,0.7250906527042389,0.7636377103626728,40.58317645685747,2020
2020-11-24,0.0,0.0,0.0,0.6022700667381287,0.7250906527042389,0.7250906527042389,16.27485927240923,2020
2020-11-25,0.0,0.0,0.0,0.0,0.7250906527042389,0.7250906527042389,15.139334403444082,2020
2020-11-26,0.0,0.0,0.0,0.0,0.7250906527042389,0.7250906527042389,14.630822204519063,2020
2020-11-27,0.0,0.0,0.0,0.0,0.7250906527042389,0.7250906527042389,14.623925862833858,2020
2020-11-28,0.0,0.0,0.0,0.0,0.6022700667381287,0.7250906527042389,14.623925862833858,2020
2020-11-29,0.0,0.0,0.0,0.0,0.0,0.7250906527042389,14.623925862833858,2020
2020-11-30,0.0,0.0,0.0,0.0,0.0,0.7250906527042389,14.623925862833858,2020
2020-12-01,0.0,0.0,0.0,0.0,0.0,0.7250906527042389,10.187828717753291,2020
2020-12-02,0.0,0.0,0.0,0.0,0.0,0.7250906527042389,1.7154700141400099,2020
2020-12-03,0.0,0.0,0.0,0.0,0.0,0.7250906527042389,1.6844396628439426,2020
2020-12-04,0.08392478,1.024457,0.08392478,0.0839247778058052,0.0839247778058052,0.8090154305100441,1.0174035541713238,2020
2020-12-05,0.87742436,8.282727,0.87742436,0.9613491371273994,0.9613491371273994,1.6864397898316383,1.7249868474900723,2020
2020-12-06,0.07099345,0.7862075,0.07099345,1.032342590391636,1.032342590391636,1.6346126571297646,1.7959803007543087,2020
2020-12-07,0.0,0.0,0.0,0.9484178125858307,1.032342590391636,1.032342590391636,1.7959803007543087,2020
2020-12-08,0.0,0.0,0.0,0.07099345326423645,1.032342590391636,1.032342590391636,1.7959803007543087,2020
2020-12-09,0.0,0.0,0.0,0.0,1.032342590391636,1.032342590391636,1.7574332430958748,2020
2020-12-10,0.0,0.0,0.0,0.0,1.032342590391636,1.032342590391636,1.7574332430958748,2020
2020-12-11,0.0019914603,0.1055474,0.0019914603,0.001991460332646966,0.9504092729184777,1.0343340507242829,1.7594247034285218,2020
2020-12-12,0.0,0.0,0.0,0.001991460332646966,0.07298491359688342,1.0343340507242829,1.7594247034285218,2020
2020-12-13,0.0,0.0,0.0,0.001991460332646966,0.001991460332646966,1.0343340507242829,1.7594247034285218,2020
2020-12-14,0.0,0.0,0.0,0.0,0.001991460332646966,1.0343340507242829,1.7594247034285218,2020
2020-12-15,0.0,0.0,0.0,0.0,0.001991460332646966,1.0343340507242829,1.7594247034285218,2020
2020-12-16,0.0,0.0,0.0,0.0,0.001991460332646966,1.0343340507242829,1.7594247034285218,2020
2020-12-17,0.0,0.0,0.0,0.0,0.001991460332646966,1.0343340507242829,1.7594247034285218,2020
2020-12-18,0.0,0.0,0.0,0.0,0.0,1.0343340507242829,1.7594247034285218,2020
2020-12-19,0.0,0.0,0.0,0.0,0.0,0.9504092729184777,1.7594247034285218,2020
2020-12-20,0.0,0.0,0.0,0.0,0.0,0.07298491359688342,1.7594247034285218,2020
2020-12-21,0.0,0.0,0.0,0.0,0.0,0.001991460332646966,1.6366041174624115,2020
2020-12-22,0.0,0.0,0.0,0.0,0.0,0.001991460332646966,1.0343340507242829,2020
2020-12-23,0.0,0.0,0.0,0.0,0.0,0.001991460332646966,1.0343340507242829,2020
2020-12-24,0.0,0.0,0.0,0.0,0.0,0.001991460332646966,1.0343340507242829,2020
2020-12-25,0.0,0.0,0.0,0.0,0.0,0.001991460332646966,1.0343340507242829,2020
2020-12-26,0.0,0.0,0.0,0.0,0.0,0.0,1.0343340507242829,2020
2020-12-27,0.0,0.0,0.0,0.0,0.0,0.0,1.0343340507242829,2020
2020-12-28,0.0,0.0,0.0,0.0,0.0,0.0,1.0343340507242829,2020
2020-12-29,0.0,0.0,0.0,0.0,0.0,0.0,1.0343340507242829,2020
2020-12-30,0.0,0.0,0.0,0.0,0.0,0.0,1.0343340507242829,2020
2020-12-31,0.0,0.0,0.0,0.0,0.0,0.0,1.0343340507242829,2020
2021-01-01,0.0,0.0,0.0,0.0,0.0,0.0,1.0343340507242829,2021
2021-01-02,0.0,0.0,0.0,0.0,0.0,0.0,1.0343340507242829,2021
2021-01-03,0.0,0.0,0.0,0.0,0.0,0.0,0.9504092729184777,2021
2021-01-04,0.0,0.0,0.0,0.0,0.0,0.0,0.07298491359688342,2021
2021-01-05,0.0,0.0,0.0,0.0,0.0,0.0,0.001991460332646966,2021
2021-01-06,0.0,0.0,0.0,0.0,0.0,0.0,0.001991460332646966,2021
2021-01-07,0.0,0.0,0.0,0.0,0.0,0.0,0.001991460332646966,2021
2021-01-08,0.0,0.0,0.0,0.0,0.0,0.0,0.001991460332646966,2021
2021-01-09,0.0,0.0,0.0,0.0,0.0,0.0,0.001991460332646966,2021
2021-01-10,0.0,0.0,0.0,0.0,0.0,0.0,0.0,2021
2021-01-11,0.0,0.0,0.0,0.0,0.0,0.0,0.0,2021
2021-01-12,0.0,0.0,0.0,0.0,0.0,0.0,0.0,2021
2021-01-13,0.10901611,2.882761,0.10901611,0.10901611298322678,0.10901611298322678,0.10901611298322678,0.10901611298322678,2021
2021-01-14,0.0,0.0,0.0,0.10901611298322678,0.10901611298322678,0.10901611298322678,0.10901611298322678,2021
2021-01-15,0.0,0.0,0.0,0.10901611298322678,0.10901611298322678,0.10901611298322678,0.10901611298322678,2021
2021-01-16,0.0,0.0,0.0,0.0,0.10901611298322678,0.10901611298322678,0.10901611298322678,2021
2021-01-17,0.0,0.0,0.0,0.0,0.10901611298322678,0.10901611298322678,0.10901611298322678,2021
2021-01-18,0.0,0.0,0.0,0.0,0.10901611298322678,0.10901611298322678,0.10901611298322678,2021
2021-01-19,0.077557996,2.931323,0.077557996,0.0775579959154129,0.18657410889863968,0.18657410889863968,0.18657410889863968,2021
2021-01-20,0.2854266,3.1734483,0.2854266,0.3629845827817917,0.3629845827817917,0.47200069576501846,0.47200069576501846,2021
2021-01-21,1.7425101,9.166623,1.7425101,2.105494663119316,2.105494663119316,2.214510776102543,2.214510776102543,2021
2021-01-22,0.009009934,0.2620692,0.009009934,2.0369466012343764,2.1145045971497893,2.223520710133016,2.223520710133016,2021
2021-01-23,0.0,0.0,0.0,1.7515200143679976,2.1145045971497893,2.223520710133016,2.223520710133016,2021
2021-01-24,0.0,0.0,0.0,0.009009934030473232,2.1145045971497893,2.223520710133016,2.223520710133016,2021
2021-01-25,0.0,0.0,0.0,0.0,2.1145045971497893,2.223520710133016,2.223520710133016,2021
2021-01-26,0.0,0.0,0.0,0.0,2.0369466012343764,2.223520710133016,2.223520710133016,2021
2021-01-27,0.0,0.0,0.0,0.0,1.7515200143679976,2.223520710133016,2.223520710133016,2021
2021-01-28,0.0,0.0,0.0,0.0,0.009009934030473232,2.1145045971497893,2.223520710133016,2021
2021-01-29,0.0,0.0,0.0,0.0,0.0,2.1145045971497893,2.223520710133016,2021
2021-01-30,0.0,0.0,0.0,0.0,0.0,2.1145045971497893,2.223520710133016,2021
2021-01-31,0.021890966,0.5992758,0.021890966,0.021890966221690178,0.021890966221690178,2.1363955633714795,2.2454116763547063,2021
2021-02-01,0.0,0.0,0.0,0.021890966221690178,0.021890966221690178,2.1363955633714795,2.2454116763547063,2021
2021-02-02,0.0,0.0,0.0,0.021890966221690178,0.021890966221690178,2.1363955633714795,2.2454116763547063,2021
2021-02-03,0.0,0.0,0.0,0.0,0.021890966221690178,2.0588375674560666,2.2454116763547063,2021
2021-02-04,0.0,0.0,0.0,0.0,0.021890966221690178,1.7734109805896878,2.2454116763547063,2021
2021-02-05,0.0,0.0,0.0,0.0,0.021890966221690178,0.03090090025216341,2.2454116763547063,2021
2021-02-06,0.0,0.0,0.0,0.0,0.021890966221690178,0.021890966221690178,2.2454116763547063,2021
2021-02-07,0.11640158,2.6333375,0.11640158,0.11640158295631409,0.11640158295631409,0.13829254917800426,2.3618132593110204,2021
2021-02-08,0.5758213,3.98086,0.5758213,0.6922228634357452,0.6922228634357452,0.7141138296574354,2.9376345397904515,2021
2021-02-09,0.0,0.0,0.0,0.6922228634357452,0.6922228634357452,0.7141138296574354,2.9376345397904515,2021
2021-02-10,0.0,0.0,0.0,0.5758212804794312,0.6922228634357452,0.7141138296574354,2.9376345397904515,2021
2021-02-11,0.0,0.0,0.0,0.0,0.6922228634357452,0.7141138296574354,2.9376345397904515,2021
2021-02-12,0.0,0.0,0.0,0.0,0.6922228634357452,0.7141138296574354,2.8286184268072248,2021
2021-02-13,0.0,0.0,0.0,0.0,0.6922228634357452,0.7141138296574354,2.8286184268072248,2021
2021-02-14,0.0,0.0,0.0,0.0,0.5758212804794312,0.7141138296574354,2.8286184268072248,2021
2021-02-15,0.0,0.0,0.0,0.0,0.0,0.6922228634357452,2.8286184268072248,2021
2021-02-16,0.0,0.0,0.0,0.0,0.0,0.6922228634357452,2.8286184268072248,2021
2021-02-17,0.0,0.0,0.0,0.0,0.0,0.6922228634357452,2.8286184268072248,2021
2021-02-18,0.0,0.0,0.0,0.0,0.0,0.6922228634357452,2.751060430891812,2021
2021-02-19,0.0,0.0,0.0,0.0,0.0,0.6922228634357452,2.465633844025433,2021
2021-02-20,0.0,0.0,0.0,0.0,0.0,0.6922228634357452,0.7231237636879086,2021
2021-02-21,0.0,0.0,0.0,0.0,0.0,0.6922228634357452,0.7141138296574354,2021
2021-02-22,0.0,0.0,0.0,0.0,0.0,0.5758212804794312,0.7141138296574354,2021
2021-02-23,0.0,0.0,0.0,0.0,0.0,0.0,0.7141138296574354,2021
2021-02-24,0.0,0.0,0.0,0.0,0.0,0.0,0.7141138296574354,2021
2021-02-25,0.0,0.0,0.0,0.0,0.0,0.0,0.7141138296574354,2021
2021-02-26,0.77407944,5.6169634,0.77407944,0.774079442024231,0.774079442024231,0.774079442024231,1.4881932716816664,2021
2021-02-27,0.05708496,1.572415,0.05708496,0.83116440102458,0.83116440102458,0.83116440102458,1.5452782306820154,2021
2021-02-28,0.1984788,2.8396978,0.1984788,1.029643204063177,1.029643204063177,1.029643204063177,1.7437570337206125,2021
2021-03-01,0.077698976,2.1402316,0.077698976,0.33326273784041405,1.107342179864645,1.107342179864645,1.8214560095220804,2021
2021-03-02,0.0,0.0,0.0,0.276177778840065,1.107342179864645,1.107342179864645,1.7995650433003902,2021
2021-03-03,0.0,0.0,0.0,0.0776989758014679,1.107342179864645,1.107342179864645,1.7995650433003902,2021
2021-03-04,0.005500116,0.29150614,0.005500116,0.005500115919858217,1.1128422957845032,1.1128422957845032,1.8050651592202485,2021
2021-03-05,0.0,0.0,0.0,0.005500115919858217,0.33876285376027226,1.1128422957845032,1.8050651592202485,2021
2021-03-06,10.105318,51.463146,10.105318,10.110818185377866,10.386995964217931,11.218160365242511,11.910383228678256,2021
2021-03-07,3.933698,18.094118,3.933698,14.039016008377075,14.122215100098401,15.151858304161578,15.844081167597324,2021
2021-03-08,0.07867719,1.4921441,0.07867719,14.117693200707436,14.123193316627294,15.230535496491939,15.922758359927684,2021
2021-03-09,1.6897833,10.972767,1.6897833,5.7021584659814835,15.81297665135935,16.920318831223994,17.496140111703426,2021
2021-03-10,1.4476241,8.277052,1.4476241,3.2160846143960953,17.26060073869303,18.367942918557674,18.367942918557674,2021
2021-03-11,3.116083,19.819351,3.116083,6.253490328788757,20.371183529496193,21.484025825280696,21.484025825280696,2021
2021-03-12,0.0,0.0,0.0,4.563706994056702,20.371183529496193,21.484025825280696,21.484025825280696,2021
2021-03-13,0.0,0.0,0.0,3.1160829067230225,10.265865460038185,20.709946383256465,21.484025825280696,2021
2021-03-14,0.6399751,7.238831,0.6399751,0.6399750709533691,6.972142592072487,21.292836495209485,22.124000896234065,2021
2021-03-15,0.007475555,0.24145392,0.007475555,0.6474506258964539,6.900940954685211,21.101833247113973,22.13147645117715,2021
2021-03-16,0.0,0.0,0.0,0.6474506258964539,5.2111576199531555,21.024134271312505,22.13147645117715,2021
2021-03-17,0.0,0.0,0.0,0.007475554943084717,3.7635335326194763,21.024134271312505,22.13147645117715,2021
2021-03-18,0.0,0.0,0.0,0.0,0.6474506258964539,21.024134271312505,22.13147645117715,2021
2021-03-19,0.0,0.0,0.0,0.0,0.6474506258964539,21.018634155392647,22.13147645117715,2021
2021-03-20,0.0,0.0,0.0,0.0,0.6474506258964539,21.018634155392647,22.13147645117715,2021
2021-03-21,0.0,0.0,0.0,0.0,0.007475554943084717,10.913316085934639,22.13147645117715,2021
2021-03-22,0.0,0.0,0.0,0.0,0.0,6.979618147015572,22.13147645117715,2021
2021-03-23,0.0,0.0,0.0,0.0,0.0,6.900940954685211,22.13147645117715,2021
2021-03-24,0.0,0.0,0.0,0.0,0.0,5.2111576199531555,22.13147645117715,2021
2021-03-25,0.0,0.0,0.0,0.0,0.0,3.7635335326194763,22.13147645117715,2021
2021-03-26,0.0,0.0,0.0,0.0,0.0,0.6474506258964539,22.13147645117715,2021
2021-03-27,0.0,0.0,0.0,0.0,0.0,0.6474506258964539,22.13147645117715,2021
2021-03-28,0.0,0.0,0.0,0.0,0.0,0.6474506258964539,21.35739700915292,2021
2021-03-29,0.0,0.0,0.0,0.0,0.0,0.007475554943084717,21.30031205015257,2021
2021-03-30,12.020475,31.22238,12.020475,12.020475387573242,12.020475387573242,12.020475387573242,33.122308634687215,2021
2021-03-31,20.255737,48.03991,20.255737,32.27621269226074,32.27621269226074,32.27621269226074,53.30034696357325,2021
2021-04-01,9.936363,67.17683,9.936363,42.212575912475586,42.212575912475586,42.212575912475586,63.23671018378809,2021
2021-04-02,16.07946,67.45523,16.07946,46.27156066894531,58.292036056518555,58.292036056518555,79.31617032783106,2021
2021-04-03,0.0073169805,0.15993367,0.0073169805,26.023140344768763,58.299353037029505,58.299353037029505,79.31798719242215,2021
2021-04-04,0.0,0.0,0.0,16.08677712455392,58.299353037029505,58.299353037029505,79.31798719242215,2021
2021-04-05,0.27734128,1.847242,0.27734128,0.2846582569181919,58.57669431343675,58.57669431343675,69.49001039937139,2021
2021-04-06,0.0,0.0,0.0,0.2773412764072418,46.556218925863504,58.57669431343675,65.55631246045232,2021
2021-04-07,0.020730374,0.34829757,0.020730374,0.298071650788188,26.32121199555695,58.59742468781769,65.4983656425029,2021
2021-04-08,2.2577853,15.419231,2.2577853,2.2785156946629286,18.64263409562409,60.855210008099675,66.06636762805283,2021
2021-04-09,3.5726514,18.798248,3.5726514,5.851167080923915,6.135825337842107,64.42786139436066,68.19139492698014,2021
2021-04-10,0.5358706,4.9506335,0.5358706,6.366307318210602,6.66437896899879,64.9637320060283,65.61118263192475,2021
2021-04-11,2.5429046,12.210852,2.5429046,6.651426613330841,9.207283584401011,67.50663662143052,68.15408724732697,2021
2021-04-12,0.06698898,0.6866339,0.06698898,3.145764209330082,8.996931290253997,67.57362560369074,68.2210762295872,2021
2021-04-13,0.59111303,4.1095715,0.59111303,3.201006628572941,9.588044321164489,68.16473863460124,68.17221418954432,2021
2021-04-14,4.551823,18.884972,4.551823,5.209925152361393,14.119137085974216,60.69608638621867,72.71656177379191,2021
2021-04-15,8.679472,54.462936,8.679472,13.822408139705658,20.540823735296726,49.11982105113566,81.3960337433964,2021
2021-04-16,9.048805,50.97588,9.048805,22.280100345611572,26.016977585852146,48.23226306773722,90.44483898021281,2021
2021-04-17,34.679214,101.54607,34.679214,52.40749168395996,60.160321451723576,66.83201740123332,125.12405345775187,2021
2021-04-18,6.948597,23.487051,6.948597,50.67661666870117,64.56601379066706,73.77329737506807,132.07265041209757,2021
2021-04-19,14.019482,52.65632,14.019482,55.64729309082031,78.51850646734238,87.79277903400362,146.09213207103312,2021
2021-04-20,2.5177248,13.677275,2.5177248,23.485803365707397,80.44511818885803,90.03316251002252,148.60985682345927,2021
2021-04-21,4.5182514,26.961012,4.5182514,21.055457830429077,80.41154646873474,94.5514139290899,153.12810824252665,2021
2021-04-22,4.3071494,24.597271,4.3071494,11.343125581741333,76.03922390937805,98.83783296495676,157.43525765277445,2021
2021-04-23,2.2279155,23.375866,2.2279155,11.053316354751587,69.21833419799805,98.80796317011118,159.66317317821085,2021
2021-04-24,0.0,0.0,0.0,6.535064935684204,34.539119720458984,95.2353117838502,159.66317317821085,2021
2021-04-25,0.0,0.0,0.0,2.2279155254364014,27.59052276611328,94.69944117218256,159.66317317821085,2021
2021-04-26,0.0,0.0,0.0,0.0,13.571041107177734,92.15653655678034,159.66317317821085,2021
2021-04-27,0.1963709,3.4937747,0.1963709,0.1963708996772766,11.249687254428864,92.28591847419739,159.85954407788813,2021
2021-04-28,4.395695,39.924503,4.395695,4.59206610918045,11.127131044864655,96.09050065279007,164.2552392873913,2021
2021-04-29,2.4142315,12.017981,2.4142315,7.0062976479530334,9.234213173389435,93.95290905237198,154.64899543859065,2021
2021-04-30,0.061824977,0.9275298,0.061824977,6.8717517256736755,7.068122625350952,85.3352620601654,134.45508311130106,2021
2021-05-01,3.58672,10.507776,3.58672,6.062776505947113,10.654842615127563,79.87317681312561,128.10543988086283,2021
2021-05-02,4.463839,40.206154,4.463839,8.112384021282196,15.11868166923523,49.657801389694214,116.48981879092753,2021
2021-05-03,23.30875,91.25023,23.30875,31.359309196472168,38.42743182182312,66.0179545879364,139.79125196300447,2021
2021-05-04,23.975657,63.740604,23.975657,51.74824571609497,62.20671743154526,75.97412943840027,163.76690847240388,2021
2021-05-05,8.35263,62.575718,8.35263,55.63703632354736,66.16365188360214,81.80903434753418,171.8421968575567,2021
2021-05-06,10.353037,35.63384,10.353037,42.68132305145264,74.10245722532272,87.64381980895996,182.19523373804986,2021
2021-05-07,10.717481,50.51015,10.717481,29.423147201538086,84.75811290740967,94.05415105819702,192.89198402315378,2021
2021-05-08,29.683792,112.12572,29.683792,50.75430965423584,110.85518503189087,121.51002764701843,220.3179908171296,2021
2021-05-09,1.2230343,7.0945454,1.2230343,41.62430703639984,107.61438024044037,122.7330619096756,217.9683736935258,2021
2021-05-10,2.6531723,16.61436,2.6531723,33.559998631477356,86.95880234241486,125.38623416423798,220.08567533642054,2021
2021-05-11,4.146201,11.441025,4.146201,8.02240765094757,67.12934696674347,129.532435297966,221.68897185474634,2021
2021-05-12,3.5216734,22.823442,3.5216734,10.321046829223633,62.29839074611664,132.85773783922195,225.14365631341934,2021
2021-05-13,14.979546,38.730747,14.979546,22.647420167922974,66.92489945888519,143.4415882229805,239.53208887577057,2021
2021-05-14,19.72759,70.384,19.72759,38.22880959510803,75.93500936031342,160.754947245121,254.70785629749298,2021
2021-05-15,9.640969,53.45936,9.640969,44.34810543060303,55.892186522483826,170.3340915441513,255.6693536043167,2021
2021-05-16,3.3094113,12.510042,3.3094113,32.67797112464905,57.9785635471344,170.05678284168243,249.92995965480804,2021
2021-05-17,12.097746,34.744884,12.097746,25.048126459121704,67.42313718795776,177.6906896829605,227.34849107265472,2021
2021-05-18,4.46443,32.2462,4.46443,19.87158703804016,67.74136590957642,158.8463693857193,224.8643239736557,2021
2021-05-19,33.664215,169.9856,33.664215,50.22639083862305,97.88390755653381,168.5349279642105,244.50905740261078,2021
2021-05-20,13.653507,59.743057,13.653507,51.78215217590332,96.55786919593811,173.83580553531647,255.64483988285065,2021
2021-05-21,24.903627,75.381256,24.903627,72.22134971618652,101.73390603065491,188.3863960504532,276.03021585941315,2021
2021-05-22,22.126497,82.34258,22.126497,60.683631896972656,114.21943402290344,199.79541265964508,293.8495637178421,2021
2021-05-23,2.7714636,32.56076,2.7714636,49.80158829689026,113.68148636817932,172.8830841779709,294.3931118249893,2021
2021-05-24,5.860696,53.871723,5.860696,30.7586567401886,107.4444363117218,177.52074575424194,300.25380766391754,2021
2021-05-25,8.754751,34.97502,8.754751,17.386910676956177,111.73475766181946,183.6223247051239,309.0085588693619,2021
2021-05-26,9.507173,31.07926,9.507173,24.12261962890625,87.57771515846252,188.98329615592957,318.51573145389557,2021
2021-05-27,8.628655,32.290234,8.628655,26.890579223632812,82.5528633594513,194.09027814865112,326.9480159878731,2021
2021-05-28,9.870091,21.866814,9.870091,28.005919456481934,67.51932740211487,188.98082399368286,332.42241221666336,2021
2021-05-29,11.824558,47.81686,11.824558,30.323305130004883,57.21738839149475,181.07779169082642,341.8327389359474,2021
2021-05-30,13.108865,49.71529,13.108865,34.80351448059082,67.55478954315186,184.54568719863892,354.8797787427902,2021
2021-05-31,65.67783,309.99054,65.67783,90.61125659942627,127.37192726135254,246.91410946846008,416.9708923101425,2021
2021-06-01,52.213963,128.67342,52.213963,131.00066089630127,170.83113861083984,287.030326128006,464.7210158109665,2021
2021-06-02,15.224575,53.426567,15.224575,133.11637115478516,176.54854106903076,297.7904713153839,456.6368407011032,2021
2021-06-03,11.2147255,45.70072,11.2147255,78.65326309204102,179.13461112976074,275.34098172187805,443.87590968608856,2021
2021-06-04,10.444952,44.136456,10.444952,36.88425254821777,179.70947170257568,272.13242650032043,445.9682320356369,2021
2021-06-05,17.899801,63.028824,17.899801,39.559478759765625,185.7847146987915,265.128600358963,453.5149964094162,2021
2021-06-06,12.230945,40.34565,12.230945,40.575697898864746,184.90679454803467,255.23304772377014,455.0284603834152,2021
2021-06-07,12.8859625,52.17525,12.8859625,43.01670837402344,132.11492347717285,265.3475465774536,438.2306307554245,2021
2021-06-08,41.378338,160.15045,41.378338,66.4952449798584,121.27929878234863,300.8651885986328,478.38593435287476,2021
2021-06-09,7.521176,64.17152,7.521176,61.785476207733154,113.57589960098267,299.6316132545471,483.253937959671,2021
2021-06-10,1.7742108,18.521002,1.7742108,50.67372453212738,104.13538491725922,291.89865148067474,480.8819476366043,2021
2021-06-11,17.91625,37.0376,17.91625,27.211636900901794,111.60668313503265,301.1862462759018,495.2765244245529,2021
2021-06-12,26.100475,121.85672,26.100475,45.79093635082245,119.80735719203949,317.41663014888763,506.3974541425705,2021
2021-06-13,8.653285,39.889095,8.653285,52.670010566711426,116.2296975851059,314.2453569173813,495.3231486082077,2021
2021-06-14,13.189177,34.887196,13.189177,47.94293689727783,116.53291165828705,314.3256686925888,498.8713558912277,2021
2021-06-15,9.558268,37.61186,9.558268,31.400729179382324,84.71284139156342,258.2061027288437,505.1202121973038,2021
2021-06-16,19.41624,48.30305,19.41624,42.1636848449707,96.60790622234344,225.40838086605072,512.4387069940567,2021
2021-06-17,7.4166455,51.44595,7.4166455,36.39115381240845,102.25034093856812,217.6004513502121,515.390922665596,2021
2021-06-18,17.191948,47.240894,17.191948,44.02483415603638,101.526038646698,223.57767379283905,498.9186555147171,2021
2021-06-19,16.707216,70.1119,16.707216,41.31580972671509,92.13277959823608,229.83993804454803,501.97236454486847,2021
2021-06-20,34.13922,100.07899,34.13922,68.03838539123535,117.61871576309204,246.07935798168182,511.20795834064484,2021
2021-06-21,12.417494,65.045105,12.417494,63.26393127441406,116.84703302383423,246.26590716838837,501.4989548921585,2021
2021-06-22,5.4222236,17.147184,5.4222236,51.978938579559326,112.71098899841309,238.80216825008392,504.14971482753754,2021
2021-06-23,4.311492,16.990742,4.311492,22.151209354400635,97.60624027252197,201.73532235622406,502.6005109548569,2021
2021-06-24,35.96802,178.99911,35.96802,45.70173692703247,126.15761613845825,230.18216788768768,529.8137811422348,2021
2021-06-25,42.98839,213.02332,42.98839,83.26790523529053,151.95406007766724,271.39634895324707,563.2950004339218,2021
2021-06-26,22.71833,148.62766,22.71833,101.67474365234375,157.96517419815063,276.198429107666,577.3846753835678,2021
2021-06-27,33.981556,117.28521,33.981556,99.68827819824219,157.8075089454651,284.0795097351074,601.496139883995,2021
2021-06-28,64.00718,323.19495,64.00718,120.70706558227539,209.39719438552856,339.43340396881104,653.6787608861923,2021
2021-06-29,107.85236,507.0381,107.85236,205.8410987854004,311.8273344039917,434.0965909957886,748.4222596883774,2021
2021-06-30,69.79344,224.53996,69.79344,241.65298461914062,377.3092842102051,494.3317651748657,752.5378679037094,2021
2021-07-01,23.156712,90.147934,23.156712,200.80251693725586,364.49797439575195,498.0722360610962,723.4806169271469,2021
2021-07-02,19.594261,74.15477,19.594261,112.54441452026367,341.10384368896484,510.2498517036438,727.8503030538559,2021
2021-07-03,24.877163,107.13458,24.877163,67.62813568115234,343.2626762390137,517.9350666999817,741.5127404928207,2021
2021-07-04,82.587524,281.53873,82.587524,127.0589485168457,391.86864471435547,583.8153748512268,813.6553128957748,2021
2021-07-05,18.91102,110.67892,18.91102,126.37570762634277,346.7724857330322,568.5871739387512,814.666531920433,2021
2021-07-06,11.457142,65.267876,11.457142,112.95568656921387,250.37726402282715,567.6268219947815,813.8927291631699,2021
2021-07-07,23.554474,108.47451,23.554474,53.92263603210449,204.13829612731934,585.759072303772,824.5612405538559,2021
2021-07-08,21.245636,47.675346,21.245636,56.25725173950195,202.22722053527832,602.6932163238525,804.4285386800766,2021
2021-07-09,4.563967,16.949251,4.563967,49.36407709121704,187.19692659378052,571.2891621589661,801.4713300466537,2021
2021-07-10,9.231056,43.085213,9.231056,35.04065942764282,171.55081987380981,537.5318264961243,808.9281754493713,2021
2021-07-11,8.866424,33.245018,8.866424,22.661447048187256,97.82971906661987,523.679919719696,799.8783488273621,2021
2021-07-12,4.3341455,21.660955,4.3341455,22.431625366210938,83.25284433364868,494.0325093269348,778.1120190620422,2021
2021-07-13,11.447886,53.26658,11.447886,24.64845561981201,83.24358892440796,441.4732165336609,780.9066205024719,2021
2021-07-14,31.791403,150.59285,31.791403,47.573434829711914,91.4805178642273,365.41225576400757,799.5088467597961,2021
2021-07-15,11.441716,37.394154,11.441716,54.68100547790527,81.676598072052,307.06053018569946,801.3922953605652,2021
2021-07-16,4.131071,22.37164,4.131071,47.364190101623535,81.24370193481445,288.03488969802856,786.1071257591248,2021
2021-07-17,25.503765,131.97437,25.503765,41.076552391052246,97.51641082763672,293.94439363479614,804.1942453384399,2021
2021-07-18,5.074562,16.050539,5.074562,34.70939826965332,93.72454929351807,274.14179277420044,792.0768594741821,2021
2021-07-19,11.385799,45.43411,11.385799,41.96412658691406,100.77620315551758,202.94006776809692,786.7554426193237,2021
2021-07-20,15.891955,57.771324,15.891955,32.35231685638428,105.22027206420898,199.92100286483765,768.5081768035889,2021
2021-07-21,8.201642,61.940414,8.201642,35.47939682006836,81.63051128387451,196.66550302505493,764.2923250198364,2021
2021-07-22,7.03266,31.944363,7.03266,31.12625741958618,77.22145509719849,180.1436891555786,765.9027614593506,2021
2021-07-23,3.9419067,17.346006,3.9419067,19.17620873451233,77.03229069709778,162.83995985984802,765.5331761837006,2021
2021-07-24,6.043607,17.598444,6.043607,17.018173933029175,57.57213282585144,164.31959986686707,735.6087620258331,2021
2021-07-25,8.999715,48.710762,8.999715,18.985228776931763,61.49728560447693,164.08825850486755,701.6200850009918,2021
2021-07-26,4.0386434,22.83688,4.0386434,19.081965446472168,54.150129556655884,159.26047825813293,682.940397977829,2021
2021-07-27,4.5202265,34.27947,4.5202265,17.558584690093994,42.77840065956116,159.44655919075012,653.4790685176849,2021
2021-07-28,2.8534281,12.277014,2.8534281,11.41229796409607,37.43018674850464,150.8521008491516,592.3253173828125,2021
2021-07-29,10.727233,31.398502,10.727233,18.100887537002563,41.124759674072266,129.78793096542358,495.20018672943115,2021
2021-07-30,16.411434,56.46544,16.411434,29.992095232009888,53.594287157058716,134.75764894485474,441.8181791305542,2021
2021-07-31,35.4216,98.87983,35.4216,62.56026744842529,82.97228026390076,166.04817819595337,454.08306789398193,2021
2021-08-01,13.352135,62.707203,13.352135,65.1851692199707,87.3247001171112,153.89654779434204,447.8409414291382,2021
2021-08-02,16.441359,58.84784,16.441359,65.2150936126709,99.72741532325745,165.26334428787231,439.40513706207275,2021
2021-08-03,5.232325,24.452421,5.232325,35.02581834793091,100.43951392173767,159.10986995697021,362.04993772506714,2021
2021-08-04,14.003823,54.8965,14.003823,35.67750692367554,111.58990907669067,157.2217378616333,357.14274072647095,2021
2021-08-05,2.7763746,12.583922,2.7763746,22.01252293586731,103.63905072212219,151.79647040367126,348.4619734287262,2021
2021-08-06,1.446885,27.559227,1.446885,18.22708284854889,88.67450153827667,146.21069538593292,326.35438454151154,2021
2021-08-07,30.567839,110.09875,30.567839,34.79109823703766,83.82073986530304,172.83662736415863,335.67658722400665,2021
2021-08-08,16.984287,66.50882,16.984287,48.9990109205246,87.45289242267609,183.7773073911667,348.09690725803375,2021
2021-08-09,24.083704,143.68855,24.083704,71.63582992553711,95.09523785114288,198.86129653453827,362.9495550394058,2021
2021-08-10,57.244537,241.22331,57.244537,98.31252861022949,147.10745012760162,252.06719052791595,411.3276687860489,2021
2021-08-11,24.749315,106.32538,24.749315,106.07755661010742,157.85294210910797,272.2962793111801,431.74283850193024,2021
2021-08-12,57.51635,234.18425,57.51635,139.5102024078369,212.5929173231125,326.9592009782791,477.8113018274307,2021
2021-08-13,45.477894,201.53833,45.477894,127.74355888366699,256.6239261627197,361.7098618745804,491.49779284000397,2021
2021-08-14,73.97855,421.0238,73.97855,176.97279739379883,300.03464126586914,419.27698147296906,554.0346304178238,2021
2021-08-15,35.135864,111.694336,35.135864,154.59231185913086,318.18621826171875,418.9912453889847,585.039423584938,2021
2021-08-16,9.669587,30.363235,9.669587,118.7840051651001,303.7721014022827,415.3086978197098,569.2052456140518,2021
2021-08-17,14.064285,49.95433,14.064285,58.869736671447754,260.5918493270874,412.9316245317459,578.1949688196182,2021
2021-08-18,28.72066,167.37187,28.72066,52.4545316696167,264.563193321228,436.41995871067047,595.5298286676407,2021
2021-08-19,24.724407,128.5642,24.724407,67.50935173034668,231.77125072479248,447.1405426263809,604.3622804880142,2021
2021-08-20,21.747837,121.7783,21.747837,75.19290351867676,208.04119396209717,466.11200511455536,617.9084755182266,2021
2021-08-21,7.2302613,31.155287,7.2302613,53.702505588531494,141.2929015159607,471.8953814506531,618.106076836586,2021
2021-08-22,7.214844,28.159683,7.214844,36.19294261932373,113.37188148498535,448.542387008667,621.3790143728256,2021
2021-08-23,59.222126,281.24353,59.222126,73.66723155975342,162.9244203567505,490.7802257537842,674.5575331449509,2021
2021-08-24,43.97003,221.20247,43.97003,110.40700197219849,192.83016681671143,510.66655349731445,709.5278500318527,2021
2021-08-25,12.664507,49.756207,12.664507,115.85666465759277,176.77401447296143,466.0865230560303,718.1537135839462,2021
2021-08-26,69.59109,286.46802,69.59109,126.22562599182129,221.6406946182251,510.92829513549805,783.2245744466782,2021
2021-08-27,29.0687,75.02905,29.0687,111.32429504394531,228.96155834197998,482.48064613342285,809.439847111702,2021
2021-08-28,13.043529,33.28809,13.043529,111.7033166885376,234.77482557296753,450.0462808609009,811.7561427354813,2021
2021-08-29,3.4595027,19.019213,3.4595027,45.57173204421997,231.01948404312134,379.5272297859192,798.8042112588882,2021
2021-08-30,5.01226,19.997347,5.01226,21.515291213989258,176.80961799621582,349.40362548828125,768.3948708772659,2021
2021-08-31,8.878866,46.593338,8.878866,17.35062885284424,141.71845245361328,348.612904548645,763.9216023683548,2021
2021-09-01,2.0157378,18.441267,2.0157378,15.906863927841187,131.06968331336975,336.5643570423126,749.4959815740585,2021
2021-09-02,12.917208,60.22678,12.917208,23.811811685562134,74.39580368995667,320.7609055042267,757.1808642148972,2021
2021-09-03,2.4494655,16.632227,2.4494655,17.382411003112793,47.77656841278076,298.48596382141113,745.626506447792,2021
2021-09-04,3.8447423,22.781952,3.8447423,19.2114155292511,38.57778215408325,280.58286905288696,746.6948741674423,2021
2021-09-05,4.1920295,27.89046,4.1920295,10.486237287521362,39.31030893325806,277.54463720321655,749.4400186538696,2021
2021-09-06,10.721714,34.40502,10.721714,18.758485794067383,45.01976299285889,281.0515069961548,729.5938940048218,2021
2021-09-07,24.003847,88.53057,24.003847,38.917590618133545,60.14474391937256,245.8332281112671,736.6134538650513,2021
2021-09-08,3.9816837,14.086223,3.9816837,38.707244873046875,62.110689878463745,205.84488010406494,716.5114336013794,2021
2021-09-09,1.369083,4.9177847,1.369083,29.35461390018463,50.562565207481384,194.54945623874664,660.6359792947769,2021
2021-09-10,1.6748236,8.53329,1.6748236,7.025590419769287,49.78792333602905,126.63319253921509,637.5614876747131,2021
2021-09-11,2.8968937,13.42479,2.8968937,5.940800428390503,48.84007477760315,100.46138548851013,582.942031621933,2021
2021-09-12,0.11425274,1.745249,0.11425274,4.6859701201319695,44.76229804009199,87.53210967034101,537.5783905312419,2021
2021-09-13,0.97062886,12.887587,0.97062886,3.9817753359675407,35.01121287792921,85.04323583096266,464.57046561688185,2021
2021-09-14,13.342797,57.781708,13.342797,14.427678875625134,24.350163035094738,93.37377315014601,442.77739863842726,2021
2021-09-15,1.7243084,10.474203,1.7243084,16.037734508514404,22.09278767555952,86.21921532601118,434.8321198746562,2021
2021-09-16,7.2207108,29.096865,7.2207108,22.287816405296326,27.944415383040905,91.4241883084178,427.9885453507304,2021
2021-09-17,8.547779,26.52079,8.547779,17.49279820919037,34.81737082451582,87.05475967377424,407.8156651780009,2021
2021-09-18,11.247565,46.241608,11.247565,27.0160551071167,43.16804235428572,95.85285943001509,394.3388232514262,2021
2021-09-19,8.738759,37.229633,8.738759,28.534103393554688,51.79254865646362,100.74687617272139,381.32974522560835,2021
2021-09-20,0.5149094,2.5733848,0.5149094,20.50123369693756,51.33682918548584,97.06975608319044,374.614393286407,2021
2021-09-21,11.219259,39.0677,11.219259,20.472927689552307,49.21329116821289,97.56730132550001,378.6188083216548,2021
2021-09-22,12.108022,55.59835,12.108022,23.842190384864807,59.597004532814026,85.67147593945265,331.50470405071974,2021
2021-09-23,0.74457526,5.7081428,0.74457526,24.071856260299683,53.1208690404892,82.43436747044325,288.2792475745082,2021
2021-09-24,1.1582445,10.7014675,1.1582445,14.010841488838196,45.73133444786072,82.22352891415358,276.7729851529002,2021
2021-09-25,0.59464383,3.1627047,0.59464383,2.497463583946228,35.078413009643555,81.14334910362959,207.77654164284468,2021
2021-09-26,2.4692116,16.627377,2.4692116,4.2220999002456665,28.808865547180176,80.71566694229841,181.17705243080854,2021
2021-09-27,2.4165583,10.741562,2.4165583,5.4804136753082275,30.710514426231384,83.01797246932983,170.55008213967085,2021
2021-09-28,5.452792,15.866739,5.452792,10.33856201171875,24.944047331809998,87.5001357793808,172.54337161034346,2021
2021-09-29,5.718615,29.11197,5.718615,13.587965488433838,18.554640650749207,79.87595355510712,173.24972670525312,2021
2021-09-30,5.093736,19.520948,5.093736,16.265143394470215,22.903801560401917,83.24538135528564,169.46459668129683,2021
2021-10-01,0.09418496,0.82265735,0.09418496,10.906536184251308,21.83974202722311,76.11885555833578,167.54304386675358,2021
2021-10-02,7.050486,42.631485,7.050486,12.238407216966152,28.29558428376913,74.6215625628829,161.67632223665714,2021
2021-10-03,14.243718,64.95718,14.243718,21.388389192521572,40.07009085267782,77.61771544069052,173.4705748707056,2021
2021-10-04,37.276913,86.71953,37.276913,58.57111692428589,74.93044527620077,106.15586908906698,206.90274526178837,2021
2021-10-05,37.37025,119.92347,37.37025,88.89088153839111,106.8479038104415,143.01121040433645,240.0809664875269,2021
2021-10-06,4.0142913,45.374607,4.0142913,78.66145467758179,105.14358004182577,135.80624242872,233.37354375422,2021
2021-10-07,2.5619147,19.631111,2.5619147,43.94645667076111,102.61175855249166,126.26013537496328,211.93161131441593,2021
2021-10-08,3.0360715,31.34078,3.0360715,9.612277507781982,105.55364513397217,128.55163165181875,210.985999122262,2021
2021-10-09,5.0800066,39.96221,5.0800066,10.677992820739746,103.58316564559937,132.47339376062155,214.69692267477512,2021
2021-10-10,6.896124,48.97956,6.896124,15.012202024459839,96.23557138442993,138.7748738154769,219.91822291910648,2021
2021-10-11,0.009241642,0.14322235,0.009241642,11.985372127965093,58.96790033765137,136.31490387953818,217.0305708218366,2021
2021-10-12,0.0,0.0,0.0,6.905365528538823,21.597649635747075,133.89834561385214,216.91631808318198,2021
2021-10-13,0.0,0.0,0.0,0.00924164243042469,17.58335834927857,128.44555344618857,215.94568922556937,2021
2021-10-14,0.3581871,4.162718,0.3581871,0.35818710923194885,15.379630776122212,123.08512550033629,202.9610790554434,2021
2021-10-15,3.4338334,23.599943,3.4338334,3.792020469903946,15.777392597869039,121.42522268928587,204.67060404457152,2021
2021-10-16,2.9966183,32.9398,2.9966183,6.788638740777969,13.694004269316792,124.32765600271523,200.446511561051,2021
2021-10-17,1.6296645,22.54761,1.6296645,8.060116171836853,8.427544923499227,118.90683445520699,193.5283970180899,2021
2021-10-18,1.4369997,12.917361,1.4369997,6.063282489776611,9.855302959680557,106.10011598654091,183.71783142723143,2021
2021-10-19,14.405902,34.282093,14.405902,17.4725661277771,24.26120486855507,83.22910520620644,189.38497429527342,2021
2021-10-20,18.749784,57.290195,18.749784,34.59268605709076,43.01098933815956,64.60863897390664,207.6198493782431,2021
2021-10-21,35.94138,111.03421,35.94138,69.09706592559814,78.59418177604675,96.53572723455727,232.34196966327727,2021
2021-10-22,1.3472832,18.283749,1.3472832,56.03844726085663,76.50763165950775,95.32109579630196,221.58123117126524,2021
2021-10-23,0.0,0.0,0.0,37.288662791252136,73.51101338863373,92.28502425737679,220.83665590919554,2021
2021-10-24,0.0,0.0,0.0,1.3472832441329956,71.8813488483429,87.20501765795052,219.67841141857207,2021
2021-10-25,0.0,0.0,0.0,0.0,70.44434916973114,80.30889377184212,219.08376758731902,2021
2021-10-26,0.32177854,6.846747,0.32177854,0.3217785358428955,56.360225796699524,80.6214306652546,216.93633454479277,2021
2021-10-27,0.8970468,10.119196,0.8970468,1.218825340270996,38.50748813152313,81.5184774696827,215.41682308353484,2021
2021-10-28,0.008862346,0.20566434,0.008862346,1.2276876866817474,2.574970930814743,81.52733981609344,209.972893262282,2021
2021-10-29,0.0,0.0,0.0,0.9059091508388519,1.2276876866817474,81.1691527068615,204.25427820719779,2021
2021-10-30,0.0,0.0,0.0,0.008862346410751343,1.2276876866817474,77.7353193461895,199.16054203547537,2021
2021-10-31,0.0,0.0,0.0,0.0,1.2276876866817474,74.73870107531548,199.0663570780307,2021
2021-11-01,0.0,0.0,0.0,0.0,1.2276876866817474,73.10903653502464,192.01587099023163,2021
2021-11-02,0.0,0.0,0.0,0.0,0.9059091508388519,71.67203685641289,177.7721528429538,2021
2021-11-03,0.0,0.0,0.0,0.0,0.008862346410751343,57.266134947538376,140.49524015374482,2021
2021-11-04,0.0,0.0,0.0,0.0,0.0,38.516350477933884,103.12498945184052,2021
2021-11-05,0.0,0.0,0.0,0.0,0.0,2.574970930814743,99.11069816537201,2021
2021-11-06,0.0,0.0,0.0,0.0,0.0,1.2276876866817474,96.54878348298371,2021
2021-11-07,0.0,0.0,0.0,0.0,0.0,1.2276876866817474,93.51271194405854,2021
2021-11-08,0.0,0.0,0.0,0.0,0.0,1.2276876866817474,88.43270534463227,2021
2021-11-09,0.0,0.0,0.0,0.0,0.0,1.2276876866817474,81.53658145852387,2021
2021-11-10,0.0,0.0,0.0,0.0,0.0,0.9059091508388519,81.52733981609344,2021
2021-11-11,0.0,0.0,0.0,0.0,0.0,0.008862346410751343,81.52733981609344,2021
2021-11-12,0.011824287,0.2944414,0.011824287,0.011824286542832851,0.011824286542832851,0.011824286542832851,81.53916410263628,2021
2021-11-13,0.0,0.0,0.0,0.011824286542832851,0.011824286542832851,0.011824286542832851,81.18097699340433,2021
2021-11-14,0.0,0.0,0.0,0.011824286542832851,0.011824286542832851,0.011824286542832851,77.74714363273233,2021
2021-11-15,0.0,0.0,0.0,0.0,0.011824286542832851,0.011824286542832851,74.75052536185831,2021
2021-11-16,0.0,0.0,0.0,0.0,0.011824286542832851,0.011824286542832851,73.12086082156748,2021
2021-11-17,0.0,0.0,0.0,0.0,0.011824286542832851,0.011824286542832851,71.68386114295572,2021
2021-11-18,0.0,0.0,0.0,0.0,0.011824286542832851,0.011824286542832851,57.27795923408121,2021
2021-11-19,0.0,0.0,0.0,0.0,0.0,0.011824286542832851,38.52817476447672,2021
2021-11-20,0.0,0.0,0.0,0.0,0.0,0.011824286542832851,2.586795217357576,2021
2021-11-21,0.0,0.0,0.0,0.0,0.0,0.011824286542832851,1.2395119732245803,2021
2021-11-22,0.0,0.0,0.0,0.0,0.0,0.011824286542832851,1.2395119732245803,2021
2021-11-23,0.16527955,3.2904162,0.16527955,0.1652795523405075,0.1652795523405075,0.17710383888334036,1.4047915255650878,2021
2021-11-24,0.0,0.0,0.0,0.1652795523405075,0.1652795523405075,0.17710383888334036,1.4047915255650878,2021
2021-11-25,0.0,0.0,0.0,0.1652795523405075,0.1652795523405075,0.17710383888334036,1.0830129897221923,2021
2021-11-26,0.0,0.0,0.0,0.0,0.1652795523405075,0.17710383888334036,0.1859661852940917,2021
2021-11-27,0.0,0.0,0.0,0.0,0.1652795523405075,0.1652795523405075,0.17710383888334036,2021
2021-11-28,0.0,0.0,0.0,0.0,0.1652795523405075,0.1652795523405075,0.17710383888334036,2021
2021-11-29,0.0,0.0,0.0,0.0,0.1652795523405075,0.1652795523405075,0.17710383888334036,2021
2021-11-30,0.0,0.0,0.0,0.0,0.0,0.1652795523405075,0.17710383888334036,2021
2021-12-01,0.0,0.0,0.0,0.0,0.0,0.1652795523405075,0.17710383888334036,2021
2021-12-02,0.0,0.0,0.0,0.0,0.0,0.1652795523405075,0.17710383888334036,2021
2021-12-03,0.0,0.0,0.0,0.0,0.0,0.1652795523405075,0.17710383888334036,2021
2021-12-04,0.0,0.0,0.0,0.0,0.0,0.1652795523405075,0.17710383888334036,2021
2021-12-05,0.028945945,0.5888828,0.028945945,0.02894594520330429,0.02894594520330429,0.1942254975438118,0.20604978408664465,2021
2021-12-06,0.6478889,5.5228724,0.6478889,0.6768348440527916,0.6768348440527916,0.8421143963932991,0.853938682936132,2021
2021-12-07,3.2918074,35.736107,3.2918074,3.968642257153988,3.968642257153988,4.133921809494495,4.145746096037328,2021
2021-12-08,2.3210618,17.525217,2.3210618,6.2607581615448,6.289704106748104,6.289704106748104,6.4668079456314445,2021
2021-12-09,0.0,0.0,0.0,5.6128692626953125,6.289704106748104,6.289704106748104,6.4668079456314445,2021
2021-12-10,0.0,0.0,0.0,2.321061849594116,6.289704106748104,6.289704106748104,6.4668079456314445,2021
2021-12-11,0.48656315,9.276819,0.48656315,0.48656314611434937,6.7762672528624535,6.7762672528624535,6.953371091745794,2021
2021-12-12,0.0,0.0,0.0,0.48656314611434937,6.747321307659149,6.7762672528624535,6.941546805202961,2021
2021-12-13,0.0,0.0,0.0,0.48656314611434937,6.099432408809662,6.7762672528624535,6.941546805202961,2021
2021-12-14,0.0,0.0,0.0,0.0,2.8076249957084656,6.7762672528624535,6.941546805202961,2021
2021-12-15,0.0,0.0,0.0,0.0,0.48656314611434937,6.7762672528624535,6.941546805202961,2021
2021-12-16,0.0,0.0,0.0,0.0,0.48656314611434937,6.7762672528624535,6.941546805202961,2021
2021-12-17,0.0,0.0,0.0,0.0,0.48656314611434937,6.7762672528624535,6.941546805202961,2021
2021-12-18,0.0,0.0,0.0,0.0,0.0,6.7762672528624535,6.941546805202961,2021
2021-12-19,0.0,0.0,0.0,0.0,0.0,6.7762672528624535,6.941546805202961,2021
2021-12-20,0.0,0.0,0.0,0.0,0.0,6.747321307659149,6.941546805202961,2021
2021-12-21,0.0,0.0,0.0,0.0,0.0,6.099432408809662,6.941546805202961,2021
2021-12-22,0.0,0.0,0.0,0.0,0.0,2.8076249957084656,6.941546805202961,2021
2021-12-23,3.037408,25.425722,3.037408,3.0374081134796143,3.0374081134796143,3.5239712595939636,9.813675366342068,2021
2021-12-24,0.0,0.0,0.0,3.0374081134796143,3.0374081134796143,3.5239712595939636,9.813675366342068,2021
2021-12-25,0.24856552,3.7731357,0.24856552,3.2859736382961273,3.2859736382961273,3.7725367844104767,10.06224089115858,2021
2021-12-26,0.87615365,8.825035,0.87615365,1.1247191727161407,4.162127286195755,4.162127286195755,10.938394539058208,2021
2021-12-27,0.08865745,1.0093576,0.08865745,1.2133766263723373,4.250784739851952,4.250784739851952,11.027051992714405,2021
2021-12-28,0.053669564,0.83847463,0.053669564,1.0184806659817696,4.304454304277897,4.304454304277897,11.08072155714035,2021
2021-12-29,0.0,0.0,0.0,0.14232701808214188,4.304454304277897,4.304454304277897,11.08072155714035,2021
2021-12-30,0.054674402,1.3021667,0.054674402,0.10834396630525589,1.3217205926775932,4.3591287061572075,11.135395959019661,2021
2021-12-31,0.1424784,1.0120124,0.1424784,0.19715280830860138,1.464198999106884,4.501607112586498,11.277874365448952,2021
2022-01-01,0.0,0.0,0.0,0.19715280830860138,1.215633474290371,4.501607112586498,11.277874365448952,2022
2022-01-02,0.0,0.0,0.0,0.14247840642929077,0.33947982639074326,4.501607112586498,11.277874365448952,2022
2022-01-03,0.0,0.0,0.0,0.0,0.25082237273454666,4.501607112586498,11.277874365448952,2022
2022-01-04,0.0,0.0,0.0,0.0,0.19715280830860138,4.501607112586498,11.248928420245647,2022
2022-01-05,0.0,0.0,0.0,0.0,0.19715280830860138,4.501607112586498,10.60103952139616,2022
2022-01-06,0.0,0.0,0.0,0.0,0.14247840642929077,4.501607112586498,7.309232108294964,2022
2022-01-07,0.0,0.0,0.0,0.0,0.0,1.464198999106884,4.988170258700848,2022
2022-01-08,0.0,0.0,0.0,0.0,0.0,1.464198999106884,4.988170258700848,2022
2022-01-09,0.0,0.0,0.0,0.0,0.0,1.215633474290371,4.988170258700848,2022
2022-01-10,0.0,0.0,0.0,0.0,0.0,0.33947982639074326,4.501607112586498,2022
2022-01-11,0.0,0.0,0.0,0.0,0.0,0.25082237273454666,4.501607112586498,2022
2022-01-12,3.0825372,7.310374,3.0825372,3.0825371742248535,3.0825371742248535,3.279689982533455,7.584144286811352,2022
2022-01-13,9.0415745,20.70493,9.0415745,12.124111652374268,12.124111652374268,12.321264460682869,16.625718764960766,2022
2022-01-14,0.42228335,3.6168644,0.42228335,12.546395003795624,12.546395003795624,12.688873410224915,17.048002116382122,2022
2022-01-15,0.0,0.0,0.0,9.46385782957077,12.546395003795624,12.546395003795624,17.048002116382122,2022
2022-01-16,0.0,0.0,0.0,0.4222833514213562,12.546395003795624,12.546395003795624,17.048002116382122,2022
2022-01-17,0.0,0.0,0.0,0.0,12.546395003795624,12.546395003795624,17.048002116382122,2022
2022-01-18,0.0,0.0,0.0,0.0,12.546395003795624,12.546395003795624,17.048002116382122,2022
2022-01-19,0.0,0.0,0.0,0.0,9.46385782957077,12.546395003795624,17.048002116382122,2022
2022-01-20,1.7309765,18.767202,1.7309765,1.7309764623641968,2.153259813785553,14.27737146615982,18.77897857874632,2022
2022-01-21,3.584487,13.2944765,3.584487,5.315463423728943,5.315463423728943,17.861858427524567,22.363465540111065,2022
2022-01-22,0.50418234,5.4849553,0.50418234,5.8196457624435425,5.8196457624435425,18.366040766239166,19.83023976534605,2022
2022-01-23,0.13052556,1.0129737,0.13052556,4.219194859266281,5.950171321630478,18.4965663254261,19.960765324532986,2022
2022-01-24,0.45855728,2.729604,0.45855728,1.093265175819397,6.40872859954834,18.955123603343964,20.170757077634335,2022
2022-01-25,0.0032858262,0.17414878,0.0032858262,0.5923686632886529,6.412014425732195,18.95840942952782,19.297889255918562,2022
2022-01-26,1.1236784,5.049713,1.1236784,1.5855215499177575,7.535692871548235,20.08208787534386,20.332910248078406,2022
2022-01-27,3.5327382,12.451625,3.5327382,4.6597024807706475,9.33745461795479,20.532288909889758,23.811978892423213,2022
2022-01-28,0.52706224,4.693776,0.52706224,5.183478891849518,6.28002989385277,12.01777666900307,24.33904112968594,2022
2022-01-29,0.15409186,4.832998,0.15409186,4.213892310857773,5.929939419962466,11.749585182406008,24.438458592630923,2022
2022-01-30,0.0,0.0,0.0,0.6811541020870209,5.79941386077553,11.749585182406008,24.295980186201632,2022
2022-01-31,0.0,0.0,0.0,0.15409186482429504,5.340856582857668,11.749585182406008,24.295980186201632,2022
2022-02-01,0.09315586,1.1247802,0.09315586,0.0931558609008789,5.430726617574692,11.842741043306887,24.38913604710251,2022
2022-02-02,3.4056785,12.683581,3.4056785,3.4988343715667725,7.712726682424545,15.24841955397278,27.794814557768404,2022
2022-02-03,0.32158345,4.7930117,0.32158345,3.820417821407318,4.501571923494339,15.570003003813326,28.11639800760895,2022
2022-02-04,1.5803713,8.737534,1.5803713,5.307633221149445,5.5548809468746185,15.419397802092135,29.696769268251956,2022
2022-02-05,23.310225,42.07994,23.310225,25.212179243564606,28.711013615131378,35.14513537380844,53.00699380133301,2022
2022-02-06,2.0866303,10.320747,2.0866303,26.97722613811493,30.797643959522247,36.72758337948471,55.09362414572388,2022
2022-02-07,0.0,0.0,0.0,25.396854877471924,30.797643959522247,36.59705782029778,55.09362414572388,2022
2022-02-08,0.0,0.0,0.0,2.086630344390869,30.70448809862137,36.138500542379916,55.09362414572388,2022
2022-02-09,0.0,0.0,0.0,0.0,27.298809587955475,36.13521471619606,55.09362414572388,2022
2022-02-10,0.0,0.0,0.0,0.0,26.97722613811493,35.01153627038002,55.09362414572388,2022
2022-02-11,1.1887757,12.3385105,1.1887757,1.188775658607483,26.585630536079407,32.66757372021675,53.19986263010651,2022
2022-02-12,0.14989921,3.2174592,0.14989921,1.3386748731136322,3.4253052175045013,32.290410697460175,44.308187366463244,2022
2022-02-13,0.0,0.0,0.0,1.3386748731136322,1.3386748731136322,32.13631883263588,43.88590401504189,2022
2022-02-14,0.0,0.0,0.0,0.1498992145061493,1.3386748731136322,32.13631883263588,43.88590401504189,2022
2022-02-15,0.0,0.0,0.0,0.0,1.3386748731136322,32.13631883263588,43.88590401504189,2022
2022-02-16,0.0,0.0,0.0,0.0,1.3386748731136322,32.043162971735,43.88590401504189,2022
2022-02-17,0.0,0.0,0.0,0.0,1.3386748731136322,28.637484461069107,43.88590401504189,2022
2022-02-18,0.0,0.0,0.0,0.0,0.1498992145061493,28.31590101122856,43.88590401504189,2022
2022-02-19,0.0,0.0,0.0,0.0,0.0,26.735529750585556,42.15492755267769,2022
2022-02-20,0.05778445,1.8123741,0.05778445,0.05778444930911064,0.05778444930911064,3.483089666813612,38.628225040622056,2022
2022-02-21,2.210847,10.347977,2.210847,2.268631350249052,2.268631350249052,3.6073062233626842,40.3348896028474,2022
2022-02-22,4.434424,19.638844,4.434424,6.703055273741484,6.703055273741484,8.041730146855116,44.63878796715289,2022
2022-02-23,0.0,0.0,0.0,6.645270824432373,6.703055273741484,8.041730146855116,44.18023068923503,2022
2022-02-24,0.0,0.0,0.0,4.434423923492432,6.703055273741484,8.041730146855116,44.176944863051176,2022
2022-02-25,5.561826,17.265135,5.561826,5.561826229095459,12.264881502836943,13.603556375950575,48.615092646330595,2022
2022-02-26,4.1367817,10.56866,4.1367817,9.698607921600342,16.401663195341825,16.551562409847975,49.219136130064726,2022
2022-02-27,0.0,0.0,0.0,9.698607921600342,16.343878746032715,16.401663195341825,48.692073892802,2022
2022-02-28,0.0,0.0,0.0,4.136781692504883,14.133031845092773,16.401663195341825,48.537982027977705,2022
2022-03-01,0.115439326,1.6781242,0.115439326,0.11543932557106018,9.814047247171402,16.517102520912886,48.653421353548765,2022
2022-03-02,0.0,0.0,0.0,0.11543932557106018,9.814047247171402,16.517102520912886,48.653421353548765,2022
2022-03-03,0.0,0.0,0.0,0.11543932557106018,9.814047247171402,16.517102520912886,48.560265492647886,2022
2022-03-04,0.0,0.0,0.0,0.0,4.252221018075943,16.517102520912886,45.15458698198199,2022
2022-03-05,0.0,0.0,0.0,0.0,0.11543932557106018,16.517102520912886,44.83300353214145,2022
2022-03-06,0.0,0.0,0.0,0.0,0.11543932557106018,16.517102520912886,43.25263227149844,2022
2022-03-07,0.0,0.0,0.0,0.0,0.11543932557106018,16.459318071603775,19.942407738417387,2022
2022-03-08,0.0,0.0,0.0,0.0,0.0,14.248471170663834,17.855777394026518,2022
2022-03-09,0.0,0.0,0.0,0.0,0.0,9.814047247171402,17.855777394026518,2022
2022-03-10,0.0,0.0,0.0,0.0,0.0,9.814047247171402,17.855777394026518,2022
2022-03-11,0.0,0.0,0.0,0.0,0.0,9.814047247171402,17.855777394026518,2022
2022-03-12,0.0,0.0,0.0,0.0,0.0,4.252221018075943,17.855777394026518,2022
2022-03-13,0.0,0.0,0.0,0.0,0.0,0.11543932557106018,16.667001735419035,2022
2022-03-14,0.0,0.0,0.0,0.0,0.0,0.11543932557106018,16.517102520912886,2022
2022-03-15,0.0,0.0,0.0,0.0,0.0,0.11543932557106018,16.517102520912886,2022
2022-03-16,0.0,0.0,0.0,0.0,0.0,0.0,16.517102520912886,2022
2022-03-17,0.0,0.0,0.0,0.0,0.0,0.0,16.517102520912886,2022
2022-03-18,0.0,0.0,0.0,0.0,0.0,0.0,16.517102520912886,2022
2022-03-19,0.0,0.0,0.0,0.0,0.0,0.0,16.517102520912886,2022
2022-03-20,0.0,0.0,0.0,0.0,0.0,0.0,16.517102520912886,2022
2022-03-21,0.0,0.0,0.0,0.0,0.0,0.0,16.517102520912886,2022
2022-03-22,0.0539851,1.2715734,0.0539851,0.053985100239515305,0.053985100239515305,0.053985100239515305,16.51330317184329,2022
2022-03-23,0.33453614,4.670098,0.33453614,0.3885212354362011,0.3885212354362011,0.3885212354362011,14.636992406100035,2022
2022-03-24,1.3914596,5.6542335,1.3914596,1.7799808196723461,1.7799808196723461,1.7799808196723461,11.594028066843748,2022
2022-03-25,15.823436,81.41839,15.823436,17.54943150281906,17.603416603058577,17.603416603058577,27.41746385022998,2022
2022-03-26,57.09127,366.7546,57.09127,74.30616581439972,74.69468704983592,74.69468704983592,84.50873429700732,2022
2022-03-27,20.208088,116.55745,20.208088,93.12279415130615,94.9027749709785,94.9027749709785,99.15499598905444,2022
2022-03-28,1.121808,19.798872,1.121808,78.42116641998291,96.02458302304149,96.02458302304149,96.14002234861255,2022
2022-03-29,1.4268358,18.040218,1.4268358,22.756731748580933,97.39743369817734,97.45141879841685,97.56685812398791,2022
2022-03-30,0.8238286,4.040704,0.8238286,3.372472405433655,97.88672614097595,98.27524737641215,98.39068670198321,2022
2022-03-31,10.942872,57.232452,10.942872,13.193536400794983,107.43813860416412,109.21811942383647,109.21811942383647,2022
2022-04-01,60.150967,282.4433,60.150967,71.91766726970673,151.765669465065,169.36908606812358,169.36908606812358,2022
2022-04-02,65.759125,383.47897,65.759125,136.8529634475708,160.43352377414703,235.12821082398295,235.12821082398295,2022
2022-04-03,2.68348,15.990263,2.68348,128.59357142448425,142.90891587734222,237.81169084832072,237.81169084832072,2022
2022-04-04,72.45172,362.10593,72.45172,140.8943259716034,214.2388290166855,310.263412039727,310.263412039727,2022
2022-04-05,43.031734,299.45984,43.031734,118.16693568229675,255.84372770786285,353.2951465062797,353.2951465062797,2022
2022-04-06,7.408525,38.76783,7.408525,122.89198064804077,262.42842411994934,360.649686396122,360.7036714963615,2022
2022-04-07,3.9795349,52.30581,3.9795349,54.41979432106018,255.46508693695068,364.29468512535095,364.68320636078715,2022
2022-04-08,1.8265789,17.116755,1.8265789,13.214638710021973,197.1406991481781,364.72980439662933,366.5097852163017,2022
2022-04-09,3.4321358,14.076901,3.4321358,9.23824954032898,134.81371021270752,352.3385044336319,369.9419210366905,2022
2022-04-10,7.6498494,22.386297,7.6498494,12.90856409072876,139.7800796031952,302.89708340168,377.5917704515159,2022
2022-04-11,10.325723,37.274334,10.325723,21.407707929611206,77.65408110618591,293.0147181749344,387.9174931459129,2022
2022-04-12,3.7350962,27.418888,3.7350962,21.710668325424194,38.35744285583496,295.6280063390732,391.65258936211467,2022
2022-04-13,14.949534,48.78631,14.949534,29.010353326797485,45.898452281951904,309.15070497989655,406.6021237783134,2022
2022-04-14,26.764156,117.3897,26.764156,45.44878697395325,68.68307375907898,335.091032743454,433.36628011986613,2022
2022-04-15,56.20654,188.03505,56.20654,97.9202299118042,123.06303405761719,380.3546998500824,489.57281927391887,2022
2022-04-16,23.30485,80.9199,23.30485,106.27554512023926,142.93574786186218,343.5085828304291,512.8776688985527,2022
2022-04-17,33.83455,136.86012,33.83455,113.34593772888184,169.12044739723206,311.584007024765,546.712217848748,2022
2022-04-18,23.53572,65.03802,23.53572,80.67511940002441,182.3304455280304,332.43624782562256,570.2479386739433,2022
2022-04-19,4.9669986,37.91046,4.9669986,62.337268352508545,183.56234788894653,264.95152521133423,575.2149372510612,2022
2022-04-20,25.103035,76.765076,25.103035,53.605754375457764,193.71584844589233,247.02282571792603,600.3179722242057,2022
2022-04-21,1.6390855,17.200462,1.6390855,31.709119081497192,168.59077763557434,241.25338625907898,601.903072655201,2022
2022-04-22,2.658725,20.417063,2.658725,29.400845527648926,115.04296350479126,239.93257641792297,604.2272615432739,2022
2022-04-23,3.3031878,16.164324,3.3031878,7.600998401641846,95.04130172729492,241.4091854095459,606.1389898061752,2022
2022-04-24,1.3993677,8.339995,1.3993677,7.361280560493469,62.606120467185974,239.37641727924347,591.7149217128754,2022
2022-04-25,1.454529,20.963198,1.454529,6.157084584236145,40.52492868900299,233.18109691143036,536.0781803131104,2022
2022-04-26,1.1176339,5.8898234,1.1176339,3.9715306758880615,36.67556405067444,223.97300815582275,516.9877263307571,2022
2022-04-27,5.6009693,14.56406,5.6009693,8.173132300376892,17.173498392105103,225.83888125419617,521.4668875932693,2022
2022-04-28,1.1240151,12.090202,1.1240151,7.842618346214294,16.658427953720093,212.01336193084717,521.1640669107437,2022
2022-04-29,2.8677104,33.813477,2.8677104,9.592694759368896,16.86741328239441,188.1169159412384,523.2079486846924,2022
2022-04-30,19.843485,36.209404,19.843485,23.83521032333374,33.407710313797,151.7538616657257,532.1085615158081,2022
2022-05-01,8.119624,23.947031,8.119624,30.830819368362427,40.12796676158905,136.56863617897034,480.0772190093994,2022
2022-05-02,23.509632,77.88341,23.509632,51.47274112701416,62.183069825172424,126.24371933937073,437.82772636413574,2022
2022-05-03,5.514835,25.114033,5.514835,37.14409112930298,66.58027076721191,108.22283339500427,440.65908122062683,2022
2022-05-04,7.9861755,31.106447,7.9861755,37.010642528533936,68.9654769897461,111.24201035499573,376.19353556632996,2022
2022-05-05,1.4557472,11.151459,1.4557472,14.956757664680481,69.29720914363861,87.59472262859344,334.61754834651947,2022
2022-05-06,6.590484,40.025505,6.590484,16.03240692615509,73.01998293399811,92.54612123966217,333.79950749874115,2022
2022-05-07,0.76813567,9.326465,0.76813567,8.814367055892944,53.9446337223053,90.65553188323975,330.5881083011627,2022
2022-05-08,0.42391703,2.630622,0.42391703,7.782536834478378,46.24892660975456,87.77626106142998,329.1854464709759,2022
2022-05-09,2.9155087,38.86493,2.9155087,4.107561439275742,25.65480324625969,89.29240211844444,328.6688193976879,2022
2022-05-10,9.56792,32.84421,9.56792,12.90734550356865,29.70788809657097,97.40579280257225,330.5868897140026,2022
2022-05-11,27.680378,101.6565,27.680378,40.163806438446045,49.40209051966667,123.96853682398796,347.9415449798107,2022
2022-05-12,59.61799,209.44115,59.61799,96.866286277771,107.5643318593502,177.98555609583855,403.8244373500347,2022
2022-05-13,93.41396,387.65167,93.41396,180.71232986450195,194.38781103491783,270.2755043208599,482.2888662517071,2022
2022-05-14,98.15597,256.66788,98.15597,251.18791961669922,291.77564308047295,365.5637616813183,553.6806776225567,2022
2022-05-15,83.60537,252.80356,83.60537,275.17530059814453,374.95709562301636,429.32564637064934,581.079508036375,2022
2022-05-16,119.782166,505.81497,119.782166,301.5435028076172,491.8237524032593,540.9881877601147,677.556823939085,2022
2022-05-17,112.00694,341.09674,112.00694,315.3944778442383,594.2627754211426,629.4854983985424,755.7292177379131,2022
2022-05-18,51.6252,188.72537,51.6252,283.414306640625,618.2075958251953,675.5958618819714,783.8186952769756,2022
2022-05-19,55.94509,160.65984,55.94509,219.57723236083984,614.5346984863281,723.5547775924206,834.7967879474163,2022
2022-05-20,35.908497,76.83266,35.908497,143.47878646850586,557.0292320251465,758.0075272023678,845.6022498309612,2022
2022-05-21,39.759274,151.15381,39.759274,131.61286163330078,498.6325378417969,791.176316589117,883.7224378287792,2022
2022-05-22,8.947477,63.564625,8.947477,84.61524772644043,423.974645614624,799.3556582629681,890.0111901462078,2022
2022-05-23,13.966138,43.821007,13.966138,62.67288875579834,318.15861797332764,812.8978791236877,900.6741401851177,2022
2022-05-24,0.0,0.0,0.0,22.913615226745605,206.1516752243042,809.9823703765869,899.2747724950314,2022
2022-05-25,2.268372,19.212757,2.268372,16.23450994491577,156.7948489189148,802.6828227043152,900.0886155068874,2022
2022-05-26,5.690196,28.737019,5.690196,7.958568096160889,106.53995370864868,780.6926407814026,904.6611776053905,2022
2022-05-27,2.7195907,21.781816,2.7195907,10.6781587600708,73.35104751586914,723.7942428588867,901.7797989547253,2022
2022-05-28,2.3714972,12.799383,2.3714972,10.781283855438232,35.963271141052246,632.7517766952515,903.0272810161114,2022
2022-05-29,3.319451,50.980137,3.319451,8.410538911819458,30.33524489402771,537.9152600765228,903.4790217578411,2022
2022-05-30,1.34999,20.723555,1.34999,7.0409382581710815,17.719097018241882,455.65988051891327,884.9855268895626,2022
2022-05-31,4.794282,33.046085,4.794282,9.463723063468933,22.513378977775574,340.6719969511032,881.6601847112179,2022
2022-06-01,5.1618824,51.68805,5.1618824,11.306154370307922,25.40688931941986,233.82693660259247,863.3124350011349,2022
2022-06-02,21.391693,65.43459,21.391693,31.34785747528076,41.108386397361755,203.59343135356903,879.1892932355404,2022
2022-06-03,21.891098,77.51521,21.891098,48.44467353820801,60.27989375591278,169.53943812847137,893.094215720892,2022
2022-06-04,51.506836,209.13309,51.506836,94.78962707519531,109.41523253917694,185.13777720928192,943.1453044116497,2022
2022-06-05,38.294792,115.647705,38.294792,111.6927261352539,144.3905736207962,183.67329585552216,974.8496124446392,2022
2022-06-06,94.17914,231.51416,94.17914,183.98076629638672,237.21972179412842,268.90495669841766,1068.2606149613857,2022
2022-06-07,23.328901,72.14085,23.328901,155.80283164978027,255.75434112548828,278.26772010326385,1091.1655992269516,2022
2022-06-08,20.799768,74.33483,20.799768,138.30780792236328,271.39222717285156,299.06748855113983,1109.0498589277267,2022
2022-06-09,30.349962,93.4323,30.349962,74.4786319732666,280.35049629211426,327.1490787267685,1129.8319014310837,2022
2022-06-10,23.634756,81.992165,23.634756,74.78448677062988,282.09415435791016,345.09363877773285,1125.7862795591354,2022
2022-06-11,6.988598,21.270792,6.988598,60.97331619262695,237.5759162902832,349.362645983696,1073.1568888425827,2022
2022-06-12,101.77946,330.7008,101.77946,132.40281105041504,301.0605812072754,448.7706059217453,1081.5223826169968,2022
2022-06-13,114.88363,445.58502,114.88363,223.65168380737305,321.7650718688965,560.3347836732864,1098.2500437498093,2022
2022-06-14,30.502073,116.26216,30.502073,247.16515922546387,328.9382438659668,589.4868669509888,1045.146747469902,2022
2022-06-15,184.26009,779.4168,184.26009,329.645788192749,492.39856147766113,768.9526710510254,1109.6246680021286,2022
2022-06-16,165.59697,669.99207,165.59697,380.35912895202637,627.6455688476562,929.3877582550049,1163.2146948575974,2022
2022-06-17,233.6988,979.1448,233.6988,583.5558624267578,837.7096195220947,1141.6948719024658,1345.2883032560349,2022
2022-06-18,55.574883,132.27985,55.574883,454.8706588745117,886.2959041595459,1175.378656387329,1344.9180945158005,2022
2022-06-19,67.54858,235.00317,67.54858,356.822265625,852.0650234222412,1191.4203968048096,1376.5581740140915,2022
2022-06-20,37.020977,102.441414,37.020977,160.14443588256836,774.20237159729,1190.1465816497803,1373.8198775053024,2022
2022-06-21,34.35537,225.03708,34.35537,138.92492294311523,778.0556678771973,1130.3228130340576,1399.2277697324753,2022
2022-06-22,6.438676,27.123938,6.438676,77.8150224685669,600.2342576980591,1113.4325876235962,1391.70030772686,2022
2022-06-23,7.381341,43.063686,7.381341,48.17538642883301,442.0186290740967,1100.01416015625,1399.0816487073898,2022
2022-06-24,5.707242,33.78335,5.707242,19.52725887298584,214.0270643234253,1075.3714399337769,1402.5205186605453,2022
2022-06-25,8.635533,33.975082,8.635533,21.724116325378418,167.08771514892578,1060.3722171783447,1405.4658559560776,2022
2022-06-26,14.799387,53.72123,14.799387,29.142162322998047,114.33852577209473,1068.183006286621,1417.545652270317,2022
2022-06-27,14.377685,62.141014,14.377685,37.812604904174805,91.69523334503174,980.7812337875366,1429.551839709282,2022
2022-06-28,41.86915,201.02293,41.86915,71.04621982574463,99.20901203155518,907.7667531967163,1468.1015368700027,2022
2022-06-29,25.175196,80.26154,25.175196,81.42202854156494,117.94553184509277,902.4398756027222,1491.926742553711,2022
2022-06-30,30.259918,101.872025,30.259918,97.30426216125488,140.8241090774536,748.4397077560425,1517.3923788070679,2022
2022-07-01,16.487871,58.52119,16.487871,71.9229850769043,151.60473823547363,599.3306093215942,1528.7183675765991,2022
2022-07-02,5.626631,32.31505,5.626631,52.374420166015625,148.59583568572998,371.25843334198,1512.9533052444458,2022
2022-07-03,9.300407,46.068474,9.300407,31.41490936279297,143.09685611724854,324.98395824432373,1500.3626146316528,2022
2022-07-04,5.1537333,31.451393,5.1537333,20.080771446228027,133.87290477752686,262.58911514282227,1454.0095119476318,2022
2022-07-05,1.4278163,12.7781925,1.4278163,15.881956934928894,93.43157279491425,226.99595439434052,1417.1425360441208,2022
2022-07-06,15.842424,59.31265,15.842424,22.42397391796112,84.09880149364471,208.48300921916962,1338.8058222532272,2022
2022-07-07,1.0706401,6.0303245,1.0706401,18.340880751609802,54.909523367881775,203.11497342586517,1316.5475610494614,2022
2022-07-08,1.1266161,13.732517,1.1266161,18.03968060016632,39.54826831817627,196.86024856567383,1296.8744087219238,2022
2022-07-09,3.9780095,37.427322,3.9780095,6.175265669822693,37.89964699745178,195.13101601600647,1270.5024559497833,2022
2022-07-10,2.0069282,10.263446,2.0069282,7.11155378818512,30.606167793273926,188.50241088867188,1248.8746280670166,2022
2022-07-11,7.8402405,37.11195,7.8402405,13.825178146362305,33.29267501831055,181.5432643890381,1249.7262706756592,2022
2022-07-12,9.648237,70.36804,9.648237,19.495405912399292,41.51309597492218,176.81381702423096,1157.5950508117676,2022
2022-07-13,2.326056,12.659586,2.326056,19.814533710479736,27.99672758579254,137.27072477340698,1045.0374779701233,2022
2022-07-14,1.7461346,21.069324,1.7461346,13.720427870750427,28.672222137451172,113.84166371822357,1016.2815393209457,2022
2022-07-15,3.7823975,26.29597,3.7823975,7.854588150978088,31.328003525733948,87.36414301395416,835.8038507699966,2022
2022-07-16,3.1476967,30.68414,3.1476967,8.676228880882263,30.497690796852112,74.02396857738495,673.3545778989792,2022
2022-07-17,14.701173,51.36374,14.701173,21.631267070770264,43.191935420036316,83.09851062297821,454.3569439649582,2022
2022-07-18,10.102378,66.124306,10.102378,27.951247453689575,45.45407283306122,83.90048110485077,408.8844393491745,2022
2022-07-19,12.89317,60.166134,12.89317,37.69672107696533,48.69900596141815,91.63991820812225,354.2290333509445,2022
2022-07-20,24.838959,87.44388,24.838959,47.83450698852539,71.21190869808197,115.0510606765747,342.0470150709152,2022
2022-07-21,15.416116,43.051815,15.416116,53.148244857788086,84.88188982009888,114.62475204467773,323.10776126384735,2022
2022-07-22,14.6575775,68.10994,14.6575775,54.912652015686035,95.7570698261261,128.2116894721985,331.32666289806366,2022
2022-07-23,3.0000753,13.09647,3.0000753,33.073768615722656,95.60944843292236,130.08514869213104,326.94539725780487,2022
2022-07-24,27.380663,89.00999,27.380663,45.038315773010254,108.28893852233887,153.4878021478653,348.61881816387177,2022
2022-07-25,26.45958,103.06274,26.45958,56.840317726135254,124.64614009857178,177.94045341014862,366.4428642988205,2022
2022-07-26,8.217836,32.115803,8.217836,62.05807876586914,119.97080612182617,178.31804931163788,359.86131370067596,2022
2022-07-27,15.26126,82.1173,15.26126,49.93867588043213,110.3931074142456,183.93107211589813,360.7448891401291,2022
2022-07-28,16.136478,78.72465,16.136478,39.61557483673096,111.11347007751465,197.74149453639984,335.0122193098068,2022
2022-07-29,9.983735,47.10414,9.983735,41.381473541259766,106.4396276473999,205.97909498214722,319.8207587003708,2022
2022-07-30,13.977383,42.801777,13.977383,40.097596168518066,117.41693496704102,216.1740801334381,303.5382231473923,2022
2022-07-31,38.603226,105.46195,38.603226,62.56434345245361,128.639497756958,251.6296091079712,325.65357768535614,2022
2022-08-01,22.171844,59.85456,22.171844,74.7524528503418,124.35176277160645,259.10028076171875,342.19879138469696,2022
2022-08-02,5.250493,19.642092,5.250493,66.02556324005127,121.38441944122314,254.2483959197998,338.1488770246506,2022
2022-08-03,12.822458,141.67047,12.822458,40.24479579925537,118.94561767578125,254.17768383026123,345.8176020383835,2022
2022-08-04,9.28381,40.514038,9.28381,27.35676097869873,112.09294891357422,238.6225347518921,353.6735954284668,2022
2022-08-05,10.278009,70.48962,10.278009,32.38427734375,112.38722324371338,233.48442840576172,348.10918045043945,2022
2022-08-06,17.205723,82.49798,17.205723,36.76754188537598,115.61556339263916,236.03257369995117,364.24426317214966,2022
2022-08-07,6.9166074,46.87521,6.9166074,34.40033960342407,83.92894506454468,239.9491057395935,370.03425443172455,2022
2022-08-08,14.034708,37.83346,14.034708,38.15703821182251,75.79180860519409,226.60315084457397,380.09095299243927,2022
2022-08-09,9.367969,42.72019,9.367969,30.319283962249756,79.90928411483765,209.51153993606567,387.4519933462143,2022
2022-08-10,6.8484564,26.989326,6.8484564,30.25113296508789,73.9352822303772,208.14215993881226,386.46020925045013,2022
2022-08-11,1.2279415,5.6544003,1.2279415,17.444366455078125,65.87941408157349,194.10884141921997,378.0399135351181,2022
2022-08-12,0.40849563,5.4667263,0.40849563,8.484893530607224,56.00990030169487,178.38085862994194,376.1223531663418,2022
2022-08-13,2.6481242,27.089111,2.6481242,4.284561365842819,41.45230171084404,171.0452477633953,377.0243427455425,2022
2022-08-14,9.258752,51.06875,9.258752,12.315371721982956,43.79444620013237,166.32661697268486,382.50069710612297,2022
2022-08-15,10.458639,66.785934,10.458639,22.36551523208618,40.21837732195854,138.1820304095745,389.8116395175457,2022
2022-08-16,3.3639197,24.099747,3.3639197,23.081310749053955,34.21432849764824,119.37410566210747,378.4743864238262,2022
2022-08-17,6.2994,33.983917,6.2994,20.12195873260498,33.66527196764946,120.42301246523857,374.6714083850384,2022
2022-08-18,0.17870563,1.7016269,0.17870563,9.842025220394135,32.61603608727455,107.77925983071327,361.9569436609745,2022
2022-08-19,1.0386629,7.468209,1.0386629,7.516768395900726,33.24620336294174,99.53411307930946,338.15664783120155,2022
2022-08-20,14.399582,94.48043,14.399582,15.616950452327728,44.99766105413437,103.6556855738163,337.140113979578,2022
2022-08-21,1.7382932,9.087715,1.7382932,17.17653799057007,37.477202355861664,88.18825593590736,324.22082963585854,2022
2022-08-22,5.390219,37.416134,5.390219,21.52809429168701,32.40878242254257,86.6618677675724,326.6109735071659,2022
2022-08-23,32.153934,160.48543,32.153934,39.28244686126709,61.198797166347504,104.78109422326088,331.38424506783485,2022
2022-08-24,12.004362,49.697937,12.004362,49.54851579666138,66.90375941991806,107.41748777031898,316.92902770638466,2022
2022-08-25,1.2167393,7.213217,1.2167393,45.375035881996155,67.94179308414459,101.78577068448067,309.9279306232929,2022
2022-08-26,2.5222423,28.027824,2.5222423,15.743343710899353,69.42537248134613,103.08007147908211,297.1889128983021,2022
2022-08-27,8.915151,55.26188,8.915151,12.65413224697113,63.94094121456146,111.58672648668289,289.96758511662483,2022
2022-08-28,42.028717,176.34416,42.028717,53.46610999107361,104.23136508464813,150.96731930971146,322.01256707310677,2022
2022-08-29,5.5531526,17.34717,5.5531526,56.49702024459839,104.39429843425751,147.26172000169754,313.5883369743824,2022
2022-08-30,19.467161,91.109634,19.467161,67.04903078079224,91.70752513408661,156.27024203538895,294.45227244496346,2022
2022-08-31,11.764421,49.832172,11.764421,36.78473520278931,91.46758449077606,164.6707437634468,284.0448494255543,2022
2022-09-01,13.422312,44.815014,13.422312,44.65389442443848,103.67315697669983,171.79365569353104,292.2166681587696,2022
2022-09-02,14.5672,41.82574,14.5672,39.75393295288086,115.71811437606812,186.18214976787567,293.96140959858894,2022
2022-09-03,17.924686,97.55879,17.924686,45.91419792175293,124.72765016555786,203.068173289299,302.6022863686085,2022
2022-09-04,33.398495,85.43835,33.398495,65.890380859375,116.09742784500122,222.0670861005783,325.7227716743946,2022
2022-09-05,18.292974,48.803036,18.292974,69.61615562438965,128.83724975585938,238.62176740169525,326.8100233376026,2022
2022-09-06,5.0830307,34.11762,5.0830307,56.77449989318848,114.4531192779541,238.31457889080048,324.9764466583729,2022
2022-09-07,6.163127,51.54694,6.163127,29.539132118225098,108.85182476043701,212.32377135753632,317.1048655807972,2022
2022-09-08,5.631124,41.827183,5.631124,16.877281665802002,101.0606369972229,205.95053327083588,313.36802104115486,2022
2022-09-09,1.84816,17.54663,1.84816,13.64241099357605,88.34159731864929,206.58195400238037,308.36772468686104,2022
2022-09-10,0.08065053,1.6198058,0.08065053,7.559934578835964,70.49756141752005,204.14036222547293,307.22043370455503,2022
2022-09-11,9.474251,28.919691,9.474251,11.403061352670193,46.57331749051809,204.69946237653494,316.28618886321783,2022
2022-09-12,20.675158,63.115383,20.675158,30.23005887120962,48.955500565469265,183.34590288251638,334.31322219222784,2022
2022-09-13,21.127531,53.211708,21.127531,51.276939392089844,65.00000091642141,198.92028137296438,346.1820013746619,2022
2022-09-14,17.712662,49.198753,17.712662,59.515350341796875,76.54953571408987,197.16578193753958,353.4360239729285,2022
2022-09-15,29.34238,95.261,29.34238,68.18257331848145,100.26079221814871,214.74374099820852,379.41448476165533,2022
2022-09-16,31.87934,132.40996,31.87934,78.93438148498535,130.29197140783072,233.20076843351126,404.9944241270423,2022
2022-09-17,2.9127915,17.880085,2.9127915,64.1345112323761,133.12411236763,221.54636021703482,407.7285099849105,2022
2022-09-18,0.47428343,5.7095933,0.47428343,35.266414135694504,124.12414500117302,204.0959572121501,407.1641305014491,2022
2022-09-19,19.481926,106.33583,19.481926,22.869000881910324,122.93091341853142,190.17938845604658,412.2464745566249,2022
2022-09-20,16.224464,98.82827,16.224464,36.18067380785942,118.02784678339958,188.1108784005046,426.73264580219984,2022
2022-09-21,2.905556,17.953966,2.905556,38.61194634437561,103.22074100375175,185.93340366333723,424.2479825541377,2022
2022-09-22,9.411296,36.953995,9.411296,28.541316270828247,83.28965637087822,189.18157260864973,401.50534396618605,2022
2022-09-23,4.1650968,13.115003,4.1650968,16.481948614120483,55.575413912534714,187.71554534882307,393.66607861965895,2022
2022-09-24,7.4899025,24.985205,7.4899025,21.06629514694214,60.152524918317795,193.35728781670332,399.9392418190837,2022
2022-09-25,10.42144,54.099743,10.42144,22.076439380645752,70.09968161582947,203.69807741045952,407.83843963593245,2022
2022-09-26,2.7185698,18.339157,2.7185698,20.62991237640381,53.3363254070282,196.9423963725567,401.6418587490916,2022
2022-09-27,3.4917283,33.142807,3.4917283,16.63173818588257,40.60358929634094,179.75896713137627,363.10487001389265,2022
2022-09-28,3.1788301,21.860987,3.1788301,9.3891282081604,40.87686347961426,161.81026622653008,360.73054759949446,2022
2022-09-29,3.2005777,16.873407,3.2005777,9.87113618850708,34.66614532470703,147.2981822192669,344.46396415680647,2022
2022-09-30,0.39674762,3.0490735,0.39674762,6.77615550160408,30.89779618382454,118.3525493144989,333.0962903127074,2022
2022-10-01,0.13307337,2.6726797,0.13307337,3.73039872944355,23.54096706211567,86.60628347098827,319.80705190449953,2022
2022-10-02,0.711414,3.3180666,0.711414,1.2412349730730057,13.830940917134285,84.4049059599638,305.9512661769986,2022
2022-10-03,15.496432,57.291695,15.496432,16.34091965854168,26.60880346596241,99.42705483734608,303.5230120494962,2022
2022-10-04,8.342525,22.980656,8.342525,24.550370812416077,31.459599688649178,88.28765340149403,278.4670418575406,2022
2022-10-05,13.227169,42.43838,13.227169,37.06612586975098,41.50793857872486,85.29035802185535,273.40123642235994,2022
2022-10-06,4.2045116,17.003613,4.2045116,25.774205207824707,42.51187248528004,86.58931370079517,272.5227173641324,2022
2022-10-07,2.206104,6.5331078,2.206104,19.637784719467163,44.32122890651226,79.38412185013294,268.5656944587827,2022
2022-10-08,3.872733,37.402115,3.872733,10.283348798751831,48.06088864803314,79.0917582064867,266.8073035553098,2022
2022-10-09,22.239853,80.28273,22.239853,28.318690061569214,69.58932757377625,93.84170861542225,287.19899643212557,2022
2022-10-10,12.000306,51.195534,12.000306,38.112892150878906,66.09320139884949,95.4205746203661,299.1186520308256,2022
2022-10-11,48.644806,125.9964,48.644806,82.88496494293213,106.3954827785492,141.34681077301502,338.2892071455717,2022
2022-10-12,21.130447,61.827778,21.130447,81.775559425354,114.29876112937927,158.98552985489368,338.74449698626995,2022
2022-10-13,24.357462,104.143654,24.357462,94.13271522521973,134.4517114162445,180.16416163742542,341.9744278639555,2022
2022-10-14,3.7240267,17.369556,3.7240267,49.21193599700928,135.9696340560913,180.68761058151722,327.9857928007841,2022
2022-10-15,0.28864762,3.7469203,0.28864762,28.370136231184006,132.38554856181145,180.5795105844736,298.9320598989725,2022
2022-10-16,0.0,0.0,0.0,4.012674301862717,110.14569565653801,180.4464372098446,267.05272068083286,2022
2022-10-17,0.0,0.0,0.0,0.2886476218700409,98.14538952708244,179.73502323031425,264.13992919027805,2022
2022-10-18,2.0058515,12.222362,2.0058515,2.0058515071868896,51.50643512606621,166.24444243311882,265.6714972704649,2022
2022-10-19,0.32291764,3.8341863,0.32291764,2.3287691473960876,30.698905378580093,158.2248355448246,246.51248894631863,2022
2022-10-20,0.0,0.0,0.0,2.3287691473960876,6.341443449258804,144.99766650795937,230.28802452981472,2022
2022-10-21,0.0,0.0,0.0,0.322917640209198,2.6174167692661285,140.7931548655033,227.38246856629848,2022
2022-10-22,0.0,0.0,0.0,0.0,2.3287691473960876,138.58705082535744,217.97117267549038,2022
2022-10-23,0.0,0.0,0.0,0.0,2.3287691473960876,134.71431770920753,213.80607591569424,2022
2022-10-24,0.9624409,4.5819006,0.9624409,0.9624409079551697,3.2912100553512573,113.43690571188927,207.27861432731152,2022
2022-10-25,106.25751,215.01701,106.25751,107.21994823217392,107.54286587238312,207.69410690665245,303.11468152701855,2022
2022-10-26,8.668261,26.612286,8.668261,115.88820880651474,115.88820880651474,167.71756157279015,309.06437234580517,2022
2022-10-27,0.34436715,4.4098096,0.34436715,115.27013504505157,116.23257595300674,146.93148133158684,305.9170111864805,2022
2022-10-28,0.0,0.0,0.0,9.012627720832825,116.23257595300674,122.57401940226555,302.73818103969097,2022
2022-10-29,0.0,0.0,0.0,0.3443671464920044,116.23257595300674,118.84999272227287,299.5376033037901,2022
2022-10-30,0.0,0.0,0.0,0.0,116.23257595300674,118.56134510040283,299.14085568487644,2022
2022-10-31,0.0,0.0,0.0,0.0,115.27013504505157,118.56134510040283,299.0077823102474,2022
2022-11-01,0.0,0.0,0.0,0.0,9.012627720832825,118.56134510040283,298.2963683307171,2022
2022-11-02,0.0,0.0,0.0,0.0,0.3443671464920044,116.55549359321594,282.79993602633476,2022
2022-11-03,0.55276114,5.424776,0.55276114,0.5527611374855042,0.5527611374855042,116.78533709049225,275.01017263531685,2022
2022-11-04,0.21122314,2.7141385,0.21122314,0.763984277844429,0.763984277844429,116.99656023085117,261.99422673881054,2022
2022-11-05,0.06909102,1.3931903,0.06909102,0.8330752998590469,0.8330752998590469,117.06565125286579,257.8588061183691,2022
2022-11-06,0.18982887,2.8185287,0.18982887,0.47014303505420685,1.022904172539711,117.25548012554646,255.8425309509039,2022
2022-11-07,0.0,0.0,0.0,0.258919894695282,1.022904172539711,117.25548012554646,251.969797834754,2022
2022-11-08,0.0,0.0,0.0,0.18982887268066406,1.022904172539711,116.29303921759129,229.72994492948055,2022
2022-11-09,0.0,0.0,0.0,0.0,1.022904172539711,10.035531893372536,217.729638800025,2022
2022-11-10,0.0,0.0,0.0,0.0,0.47014303505420685,1.3672713190317154,169.08483289182186,2022
2022-11-11,0.0,0.0,0.0,0.0,0.258919894695282,1.022904172539711,147.95438550412655,2022
2022-11-12,0.0,0.0,0.0,0.0,0.18982887268066406,1.022904172539711,123.59692357480526,2022
2022-11-13,0.0,0.0,0.0,0.0,0.0,1.022904172539711,119.87289689481258,2022
2022-11-14,0.0,0.0,0.0,0.0,0.0,1.022904172539711,119.58424927294254,2022
2022-11-15,0.0,0.0,0.0,0.0,0.0,1.022904172539711,119.58424927294254,2022
2022-11-16,0.0,0.0,0.0,0.0,0.0,1.022904172539711,119.58424927294254,2022
2022-11-17,0.0,0.0,0.0,0.0,0.0,1.022904172539711,117.57839776575565,2022
2022-11-18,0.0,0.0,0.0,0.0,0.0,0.47014303505420685,117.25548012554646,2022
2022-11-19,0.0,0.0,0.0,0.0,0.0,0.258919894695282,117.25548012554646,2022
2022-11-20,0.0,0.0,0.0,0.0,0.0,0.18982887268066406,117.25548012554646,2022
2022-11-21,0.0,0.0,0.0,0.0,0.0,0.0,117.25548012554646,2022
2022-11-22,0.0,0.0,0.0,0.0,0.0,0.0,117.25548012554646,2022
2022-11-23,0.0,0.0,0.0,0.0,0.0,0.0,116.29303921759129,2022
2022-11-24,0.0,0.0,0.0,0.0,0.0,0.0,10.035531893372536,2022
2022-11-25,0.0,0.0,0.0,0.0,0.0,0.0,1.3672713190317154,2022
2022-11-26,0.0,0.0,0.0,0.0,0.0,0.0,1.022904172539711,2022
2022-11-27,0.0,0.0,0.0,0.0,0.0,0.0,1.022904172539711,2022
2022-11-28,0.0,0.0,0.0,0.0,0.0,0.0,1.022904172539711,2022
2022-11-29,0.0,0.0,0.0,0.0,0.0,0.0,1.022904172539711,2022
2022-11-30,0.0,0.0,0.0,0.0,0.0,0.0,1.022904172539711,2022
2022-12-01,0.0,0.0,0.0,0.0,0.0,0.0,1.022904172539711,2022
2022-12-02,0.0,0.0,0.0,0.0,0.0,0.0,1.022904172539711,2022
2022-12-03,0.0,0.0,0.0,0.0,0.0,0.0,0.47014303505420685,2022
2022-12-04,0.0,0.0,0.0,0.0,0.0,0.0,0.258919894695282,2022
2022-12-05,0.0,0.0,0.0,0.0,0.0,0.0,0.18982887268066406,2022
2022-12-06,0.0,0.0,0.0,0.0,0.0,0.0,0.0,2022
2022-12-07,0.0,0.0,0.0,0.0,0.0,0.0,0.0,2022
2022-12-08,0.0,0.0,0.0,0.0,0.0,0.0,0.0,2022
2022-12-09,0.0,0.0,0.0,0.0,0.0,0.0,0.0,2022
2022-12-10,0.0,0.0,0.0,0.0,0.0,0.0,0.0,2022
2022-12-11,0.0,0.0,0.0,0.0,0.0,0.0,0.0,2022
2022-12-12,0.0,0.0,0.0,0.0,0.0,0.0,0.0,2022
2022-12-13,0.0,0.0,0.0,0.0,0.0,0.0,0.0,2022
2022-12-14,0.0,0.0,0.0,0.0,0.0,0.0,0.0,2022
2022-12-15,0.0,0.0,0.0,0.0,0.0,0.0,0.0,2022
2022-12-16,0.08969083,1.3570693,0.08969083,0.08969082683324814,0.08969082683324814,0.08969082683324814,0.08969082683324814,2022
2022-12-17,0.0,0.0,0.0,0.08969082683324814,0.08969082683324814,0.08969082683324814,0.08969082683324814,2022
2022-12-18,0.0,0.0,0.0,0.08969082683324814,0.08969082683324814,0.08969082683324814,0.08969082683324814,2022
2022-12-19,0.094338685,1.7772318,0.094338685,0.09433868527412415,0.18402951210737228,0.18402951210737228,0.18402951210737228,2022
2022-12-20,0.0,0.0,0.0,0.09433868527412415,0.18402951210737228,0.18402951210737228,0.18402951210737228,2022
2022-12-21,0.0,0.0,0.0,0.09433868527412415,0.18402951210737228,0.18402951210737228,0.18402951210737228,2022
2022-12-22,0.0,0.0,0.0,0.0,0.18402951210737228,0.18402951210737228,0.18402951210737228,2022
2022-12-23,0.0,0.0,0.0,0.0,0.09433868527412415,0.18402951210737228,0.18402951210737228,2022
2022-12-24,0.0,0.0,0.0,0.0,0.09433868527412415,0.18402951210737228,0.18402951210737228,2022
2022-12-25,0.0,0.0,0.0,0.0,0.09433868527412415,0.18402951210737228,0.18402951210737228,2022
2022-12-26,0.024475625,0.2864447,0.024475625,0.024475624784827232,0.024475624784827232,0.20850513689219952,0.20850513689219952,2022
2022-12-27,4.4998174,15.886484,4.4998174,4.524292996153235,4.524292996153235,4.708322508260608,4.708322508260608,2022
2022-12-28,0.20607853,3.5616362,0.20607853,4.730371525511146,4.730371525511146,4.914401037618518,4.914401037618518,2022
2022-12-29,0.0809522,1.4695336,0.0809522,4.786848098039627,4.811323722824454,4.995353234931827,4.995353234931827,2022
2022-12-30,0.0,0.0,0.0,0.28703072667121887,4.811323722824454,4.995353234931827,4.995353234931827,2022
2022-12-31,0.0,0.0,0.0,0.08095219731330872,4.811323722824454,4.9056624080985785,4.995353234931827,2022
2023-01-01,0.0,0.0,0.0,0.0,4.811323722824454,4.9056624080985785,4.995353234931827,2023
2023-01-02,0.0059865676,0.31728807,0.0059865676,0.005986567586660385,4.7928346656262875,4.911648975685239,5.001339802518487,2023
2023-01-03,0.0,0.0,0.0,0.005986567586660385,0.29301729425787926,4.817310290411115,5.001339802518487,2023
2023-01-04,0.0,0.0,0.0,0.005986567586660385,0.0869387648999691,4.817310290411115,5.001339802518487,2023
2023-01-05,0.0,0.0,0.0,0.0,0.005986567586660385,4.817310290411115,5.001339802518487,2023
2023-01-06,0.0,0.0,0.0,0.0,0.005986567586660385,4.817310290411115,5.001339802518487,2023
2023-01-07,0.0,0.0,0.0,0.0,0.005986567586660385,4.817310290411115,5.001339802518487,2023
2023-01-08,0.0,0.0,0.0,0.0,0.005986567586660385,4.817310290411115,5.001339802518487,2023
2023-01-09,0.0,0.0,0.0,0.0,0.0,4.817310290411115,5.001339802518487,2023
2023-01-10,0.0,0.0,0.0,0.0,0.0,4.7928346656262875,5.001339802518487,2023
2023-01-11,0.0,0.0,0.0,0.0,0.0,0.29301729425787926,5.001339802518487,2023
2023-01-12,0.0,0.0,0.0,0.0,0.0,0.0869387648999691,5.001339802518487,2023
2023-01-13,0.0,0.0,0.0,0.0,0.0,0.005986567586660385,5.001339802518487,2023
2023-01-14,0.0,0.0,0.0,0.0,0.0,0.005986567586660385,5.001339802518487,2023
2023-01-15,0.0,0.0,0.0,0.0,0.0,0.005986567586660385,4.911648975685239,2023
2023-01-16,0.0,0.0,0.0,0.0,0.0,0.005986567586660385,4.911648975685239,2023
2023-01-17,0.0,0.0,0.0,0.0,0.0,0.0,4.911648975685239,2023
2023-01-18,0.0,0.0,0.0,0.0,0.0,0.0,4.817310290411115,2023
2023-01-19,0.0,0.0,0.0,0.0,0.0,0.0,4.817310290411115,2023
2023-01-20,0.0,0.0,0.0,0.0,0.0,0.0,4.817310290411115,2023
2023-01-21,0.0,0.0,0.0,0.0,0.0,0.0,4.817310290411115,2023
2023-01-22,0.0,0.0,0.0,0.0,0.0,0.0,4.817310290411115,2023
2023-01-23,0.0,0.0,0.0,0.0,0.0,0.0,4.817310290411115,2023
2023-01-24,0.0,0.0,0.0,0.0,0.0,0.0,4.817310290411115,2023
2023-01-25,0.0,0.0,0.0,0.0,0.0,0.0,4.7928346656262875,2023
2023-01-26,0.0,0.0,0.0,0.0,0.0,0.0,0.29301729425787926,2023
2023-01-27,0.0,0.0,0.0,0.0,0.0,0.0,0.0869387648999691,2023
2023-01-28,0.0,0.0,0.0,0.0,0.0,0.0,0.005986567586660385,2023
2023-01-29,0.0,0.0,0.0,0.0,0.0,0.0,0.005986567586660385,2023
2023-01-30,0.0,0.0,0.0,0.0,0.0,0.0,0.005986567586660385,2023
2023-01-31,0.0,0.0,0.0,0.0,0.0,0.0,0.005986567586660385,2023
2023-02-01,0.0,0.0,0.0,0.0,0.0,0.0,0.0,2023
2023-02-02,0.0,0.0,0.0,0.0,0.0,0.0,0.0,2023
2023-02-03,0.0,0.0,0.0,0.0,0.0,0.0,0.0,2023
2023-02-04,0.0,0.0,0.0,0.0,0.0,0.0,0.0,2023
2023-02-05,0.0,0.0,0.0,0.0,0.0,0.0,0.0,2023
2023-02-06,0.0,0.0,0.0,0.0,0.0,0.0,0.0,2023
2023-02-07,0.013320652,0.3894796,0.013320652,0.013320651836693287,0.013320651836693287,0.013320651836693287,0.013320651836693287,2023
2023-02-08,0.028594052,0.5412267,0.028594052,0.041914704255759716,0.041914704255759716,0.041914704255759716,0.041914704255759716,2023
2023-02-09,0.06554522,0.87728053,0.06554522,0.10745992790907621,0.10745992790907621,0.10745992790907621,0.10745992790907621,2023
2023-02-10,0.0,0.0,0.0,0.09413927607238293,0.10745992790907621,0.10745992790907621,0.10745992790907621,2023
2023-02-11,0.0,0.0,0.0,0.0655452236533165,0.10745992790907621,0.10745992790907621,0.10745992790907621,2023
2023-02-12,0.0,0.0,0.0,0.0,0.10745992790907621,0.10745992790907621,0.10745992790907621,2023
2023-02-13,0.05890258,2.7189522,0.05890258,0.05890258029103279,0.166362508200109,0.166362508200109,0.166362508200109,2023
2023-02-14,0.0,0.0,0.0,0.05890258029103279,0.15304185636341572,0.166362508200109,0.166362508200109,2023
2023-02-15,0.0,0.0,0.0,0.05890258029103279,0.12444780394434929,0.166362508200109,0.166362508200109,2023
2023-02-16,0.0,0.0,0.0,0.0,0.05890258029103279,0.166362508200109,0.166362508200109,2023
2023-02-17,0.0,0.0,0.0,0.0,0.05890258029103279,0.166362508200109,0.166362508200109,2023
2023-02-18,0.0,0.0,0.0,0.0,0.05890258029103279,0.166362508200109,0.166362508200109,2023
2023-02-19,0.0,0.0,0.0,0.0,0.05890258029103279,0.166362508200109,0.166362508200109,2023
2023-02-20,0.004196254,0.15707979,0.004196254,0.0041962540708482265,0.0041962540708482265,0.17055876227095723,0.17055876227095723,2023
2023-02-21,0.18993565,2.244161,0.18993565,0.1941319084726274,0.1941319084726274,0.3604944166727364,0.3604944166727364,2023
2023-02-22,2.1740532,16.440012,2.1740532,2.3681851006112993,2.3681851006112993,2.521226956974715,2.5345476088114083,2023
2023-02-23,3.6574588,11.765337,3.6574588,6.021447628736496,6.025643882807344,6.1500916867516935,6.192006391007453,2023
2023-02-24,0.15698516,2.9956555,0.15698516,5.9884971380233765,6.182629046496004,6.241531626787037,6.348991554696113,2023
2023-02-25,1.8453903,24.97947,1.8453903,5.659834265708923,8.028019366320223,8.086921946611255,8.194381874520332,2023
2023-02-26,0.0,0.0,0.0,2.0023754835128784,8.028019366320223,8.086921946611255,8.194381874520332,2023
2023-02-27,0.0,0.0,0.0,1.8453903198242188,8.023823112249374,8.086921946611255,8.194381874520332,2023
2023-02-28,0.0,0.0,0.0,0.0,7.833887457847595,8.028019366320223,8.194381874520332,2023
2023-03-01,0.0,0.0,0.0,0.0,5.659834265708923,8.028019366320223,8.194381874520332,2023
2023-03-02,0.0,0.0,0.0,0.0,2.0023754835128784,8.028019366320223,8.194381874520332,2023
2023-03-03,0.0,0.0,0.0,0.0,1.8453903198242188,8.028019366320223,8.194381874520332,2023
2023-03-04,0.0,0.0,0.0,0.0,0.0,8.028019366320223,8.194381874520332,2023
2023-03-05,0.0,0.0,0.0,0.0,0.0,8.028019366320223,8.194381874520332,2023
2023-03-06,0.04978637,0.6589679,0.04978637,0.04978637024760246,0.04978637024760246,8.077805736567825,8.244168244767934,2023
2023-03-07,0.3600831,5.264512,0.3600831,0.4098694734275341,0.4098694734275341,8.433692585676908,8.604251347947866,2023
2023-03-08,0.0,0.0,0.0,0.4098694734275341,0.4098694734275341,8.24375693127513,8.604251347947866,2023
2023-03-09,0.0,0.0,0.0,0.36008310317993164,0.4098694734275341,6.069703739136457,8.590930696111172,2023
2023-03-10,0.0,0.0,0.0,0.0,0.4098694734275341,2.4122449569404125,8.562336643692106,2023
2023-03-11,0.0,0.0,0.0,0.0,0.4098694734275341,2.255259793251753,8.49679142003879,2023
2023-03-12,0.0,0.0,0.0,0.0,0.4098694734275341,0.4098694734275341,8.49679142003879,2023
2023-03-13,0.0,0.0,0.0,0.0,0.36008310317993164,0.4098694734275341,8.49679142003879,2023
2023-03-14,0.0,0.0,0.0,0.0,0.0,0.4098694734275341,8.49679142003879,2023
2023-03-15,3.8723793,35.20771,3.8723793,3.8723793029785156,3.8723793029785156,4.28224877640605,12.310268142726272,2023
2023-03-16,5.399331,25.8786,5.399331,9.271710395812988,9.271710395812988,9.681579869240522,17.709599235560745,2023
2023-03-17,2.8258307,21.221224,2.8258307,12.097541093826294,12.097541093826294,12.507410567253828,20.53542993357405,2023
2023-03-18,1.7527136,13.330975,1.7527136,9.977875351905823,13.850254654884338,14.260124128311872,22.288143494632095,2023
2023-03-19,12.788867,30.340754,12.788867,17.367411255836487,26.639121651649475,27.04899112507701,35.07701049139723,2023
2023-03-20,32.367104,65.538315,32.367104,46.90868413448334,59.00622522830963,59.416094701737165,67.44411406805739,2023
2023-03-21,35.409588,88.44014,35.409588,80.56555843353271,94.41581308841705,94.77589619159698,102.85370192816481,2023
2023-03-22,15.600412,63.203384,15.600412,83.37710380554199,106.14384615421295,110.01622545719147,118.44991804286838,2023
2023-03-23,3.4586437,16.75742,3.4586437,54.4686439037323,104.20315873622894,113.47486913204193,121.71862606331706,2023
2023-03-24,1.4227045,7.4504895,1.4227045,20.481760501861572,102.80003249645233,114.89757359027863,120.96727732941508,2023
2023-03-25,2.6308339,27.087784,2.6308339,7.512181997299194,103.67815279960632,117.52840745449066,119.94065241143107,2023
2023-03-26,1.3071663,4.770655,1.3071663,5.360704660415649,92.1964521408081,118.83557379245758,121.09083358570933,2023
2023-03-27,5.096239,28.511482,5.096239,9.034239292144775,64.92558765411377,123.9318128824234,124.34168235585093,2023
2023-03-28,2.248462,10.680269,2.248462,8.651867389678955,31.764461755752563,126.18027484416962,126.59014431759715,2023
2023-03-29,2.142,19.688492,2.142,9.486701011657715,18.306049346923828,128.3222748041153,128.73214427754283,2023
2023-03-30,0.3200224,5.567301,0.3200224,4.710484325885773,15.167428076267242,124.76991790533066,129.0521666817367,2023
2023-03-31,1.5811149,18.104092,1.5811149,4.04313725233078,15.325838506221771,120.95170170068741,130.63328156992793,2023
2023-04-01,2.9834747,25.785109,2.9834747,4.884612023830414,15.678479373455048,121.10934573411942,133.61675630137324,2023
2023-04-02,25.912998,101.60386,25.912998,30.477587819099426,40.28431123495102,145.26963037252426,159.52975450083613,2023
2023-04-03,10.2087965,32.40278,10.2087965,39.10526943206787,45.39686864614487,142.6895598769188,169.7385510019958,2023
2023-04-04,2.4849873,36.619102,2.4849873,38.60678195953369,45.633393943309784,112.80744355916977,172.22353826090693,2023
2023-04-05,9.600014,46.92568,9.600014,22.293797492980957,53.09140771627426,86.9978694319725,181.7737656235695,2023
2023-04-06,1.3273963,19.067007,1.3273963,13.412397265434265,54.09878158569336,72.72485333681107,182.74107879400253,2023
2023-04-07,0.057752915,1.2443414,0.057752915,10.985162921249866,52.57541961222887,69.32396257668734,182.79883170872927,2023
2023-04-08,0.0,0.0,0.0,1.3851491883397102,49.59194488078356,67.90125811845064,182.79883170872927,2023
2023-04-09,0.0,0.0,0.0,0.05775291472673416,23.678946681320667,65.2704242542386,182.79883170872927,2023
2023-04-10,0.0,0.0,0.0,0.0,13.470150180161,63.96325791627169,182.79883170872927,2023
2023-04-11,0.0,0.0,0.0,0.0,10.985162921249866,58.867018826305866,182.79883170872927,2023
2023-04-12,0.0,0.0,0.0,0.0,1.3851491883397102,56.61855686455965,182.79883170872927,2023
2023-04-13,0.0,0.0,0.0,0.0,0.05775291472673416,54.47655690461397,182.79883170872927,2023
2023-04-14,0.0,0.0,0.0,0.0,0.0,54.15653450042009,178.92645240575075,2023
2023-04-15,0.0,0.0,0.0,0.0,0.0,52.57541961222887,173.52712131291628,2023
2023-04-16,0.0,0.0,0.0,0.0,0.0,49.59194488078356,170.70129061490297,2023
2023-04-17,0.0,0.0,0.0,0.0,0.0,23.678946681320667,168.94857705384493,2023
2023-04-18,0.5308875,5.8795457,0.5308875,0.5308874845504761,0.5308874845504761,14.001037664711475,156.69059754163027,2023
2023-04-19,0.40449545,4.7302976,0.40449545,0.9353829324245453,0.9353829324245453,11.920545853674412,124.72798941284418,2023
2023-04-20,10.558321,60.9149,10.558321,11.493703931570053,11.493703931570053,12.878853119909763,99.87672255188227,2023
2023-04-21,5.4029016,20.554142,5.4029016,16.365718096494675,16.89660558104515,16.954358495771885,89.67921183258295,2023
2023-04-22,5.825365,30.024868,5.825365,21.786587715148926,22.72197064757347,22.72197064757347,92.0459332242608,2023
2023-04-23,3.4255967,22.617956,3.4255967,14.653863430023193,26.147567361593246,26.147567361593246,94.04882548004389,2023
2023-04-24,15.029456,44.63054,15.029456,24.280417919158936,41.177023500204086,41.177023500204086,106.44744775444269,2023
2023-04-25,0.13568747,0.90379846,0.13568747,18.59074032306671,40.781823486089706,41.31271097064018,105.27596888691187,2023
2023-04-26,3.3163502,46.858646,3.3163502,18.481493830680847,43.69367825984955,44.629061192274094,103.49608001857996,2023
2023-04-27,1.422013,11.057857,1.422013,4.874050736427307,34.55737030506134,46.05107423663139,102.66963110119104,2023
2023-04-28,2.8473382,9.879849,2.8473382,7.5857014656066895,32.00180685520172,48.89841243624687,103.37496934086084,2023
2023-04-29,0.98559374,10.139451,0.98559374,5.254944980144501,27.162035524845123,49.884006172418594,104.04054067283869,2023
2023-04-30,9.656894,47.651142,9.656894,13.489825665950775,33.39333254098892,59.54089990258217,112.11631951481104,2023
2023-05-01,3.2294455,19.465899,3.2294455,13.871932923793793,21.59332185983658,62.770345360040665,112.36229024082422,2023
2023-05-02,6.603853,43.60506,6.603853,19.490192413330078,28.06148761510849,69.37419858574867,93.05314526706934,2023
2023-05-03,2.566495,34.6191,2.566495,12.39979362487793,27.311632335186005,71.40980604290962,85.4108437076211,2023
2023-05-04,14.624305,35.37517,14.624305,23.794652938842773,40.513924062252045,85.62961536645889,97.5501612201333,2023
2023-05-05,9.446095,28.592955,9.446095,26.636895179748535,47.112681329250336,84.51738983392715,97.39624295383692,2023
2023-05-06,1.4033324,14.322984,1.4033324,25.473732590675354,47.53041994571686,80.5178205370903,97.47217903286219,2023
2023-05-07,0.17458361,4.155723,0.17458361,11.024011433124542,38.04810982942581,74.86703908443451,97.58900973200798,2023
2023-05-08,1.2952209,6.7919564,1.2952209,2.873136818408966,36.11388522386551,72.73666322231293,98.88423058390617,2023
2023-05-09,0.0,0.0,0.0,1.4698044657707214,29.5100319981575,57.70720708370209,98.88423058390617,2023
2023-05-10,0.0,0.0,0.0,1.2952208518981934,26.943537056446075,57.57151961326599,98.88423058390617,2023
2023-05-11,1.8791953,12.498058,1.8791953,1.8791953325271606,14.198427617549896,56.13436472415924,100.76342591643333,2023
2023-05-12,1.0891294,8.654681,1.0891294,2.9683247804641724,5.841461598873138,55.80148112773895,101.85255536437035,2023
2023-05-13,0.243298,4.644908,0.243298,3.2116227746009827,4.681427240371704,53.197440922260284,102.09585335850716,2023
2023-05-14,0.000380806,0.012780286,0.000380806,1.332808248087531,4.507224432512885,52.21222799210227,102.09623416452087,2023
2023-05-15,1.6723528,13.26482,1.6723528,1.9160315909830388,4.884356371447211,44.227687052771216,103.76858695535338,2023
2023-05-16,12.1042,38.236588,12.1042,13.776933960005408,16.98855673460639,53.1024419584719,115.87278731851256,2023
2023-05-17,23.818907,59.587666,23.818907,37.595459938049316,40.80746351866401,70.31749551682151,139.69169410257018,2023
2023-05-18,12.014627,26.518742,12.014627,47.937734603881836,50.942895642801886,79.76562803177512,151.17543407468474,2023
2023-05-19,10.923904,26.651497,10.923904,46.75743865966797,60.77767061381019,76.0652276792971,161.694843045756,2023
2023-05-20,6.523924,64.74372,6.523924,29.46245574951172,67.05829649357474,73.14305608658469,157.66044592051185,2023
2023-05-21,10.435005,57.691067,10.435005,27.88283348083496,77.49292087554932,82.17472892193473,162.69254945902503,2023
2023-05-22,9.331957,27.147703,9.331957,26.29088592529297,85.15252494812012,91.33210217146552,166.19914125590003,2023
2023-05-23,0.41185367,2.3592181,0.41185367,20.178815722465515,73.46017825603485,90.44873499064124,163.18539821295417,2023
2023-05-24,6.9302793,22.415066,6.9302793,16.674089789390564,56.571550726890564,97.37901424555457,155.08622132925666,2023
2023-05-25,3.9621413,19.990208,3.9621413,11.304274201393127,48.51906454563141,101.34115552096046,158.91267513422645,2023
2023-05-26,20.262728,64.92259,20.262728,31.15514826774597,57.857887864112854,119.72468792586005,175.8590526500193,2023
2023-05-27,7.8787575,19.32874,7.8787575,32.10362648963928,59.21272146701813,126.51431595472968,182.31579708246863,2023
2023-05-28,11.469489,86.312325,11.469489,39.61097431182861,60.24720537662506,137.7405070581881,190.93794798044837,2023
2023-05-29,1.4410975,15.121555,1.4410975,20.78934407234192,52.356346011161804,139.18122375011444,191.3934517422167,2023
2023-05-30,3.8020391,28.770245,3.8020391,16.712625741958618,55.74653148651123,141.31091010570526,185.53859715847648,2023
2023-05-31,0.0,0.0,0.0,5.243136644363403,48.8162522315979,129.20670974254608,182.30915170101798,2023
2023-06-01,0.0,0.0,0.0,3.80203914642334,44.85411095619202,105.38780295848846,175.70529847530997,2023
2023-06-02,4.307739,27.362709,4.307739,4.307738780975342,28.8991219997406,97.68091428279877,177.4465423145739,2023
2023-06-03,1.0668948,11.444358,1.0668948,5.374633550643921,22.08725929260254,87.82390463352203,163.88913231281913,2023
2023-06-04,1.2784294,9.223199,1.2784294,6.65306293964386,11.896199584007263,82.5784101486206,155.7214662352053,2023
2023-06-05,1.2686872,11.393219,1.2686872,3.6140114068984985,11.72378933429718,73.4120922088623,155.58682113079703,2023
2023-06-06,1.5179962,8.195997,1.5179962,4.065112829208374,9.439746379852295,65.59813153743744,156.93023370890296,2023
2023-06-07,3.2842908,30.059967,3.2842908,6.070974230766296,12.724037170410156,68.47056865692139,158.91930364756263,2023
2023-06-08,1.8144227,8.709942,1.8144227,6.6167097091674805,14.53845989704132,63.35471212863922,160.7337263741938,2023
2023-06-09,15.885513,60.258034,15.885513,20.98422682285309,26.11623442173004,75.2780841588974,176.61923967985786,2023
2023-06-10,27.97096,96.14303,27.97096,45.67089664936066,53.02030026912689,82.98631703853607,202.71100496439612,2023
2023-06-11,51.01433,112.48589,51.01433,94.87080574035645,102.7562026977539,126.12189137935638,252.63620733408607,2023
2023-06-12,18.653389,51.099724,18.653389,97.63868141174316,120.1409044265747,133.30579125881195,271.04629831700004,2023
2023-06-13,9.803809,69.73198,9.803809,79.47152996063232,128.42671740055084,141.66850292682648,280.8497266769409,2023
2023-06-14,67.28092,272.4588,67.28092,95.73812007904053,192.42334854602814,205.1473857164383,346.45829582214355,2023
2023-06-15,76.30112,192.5544,76.30112,153.38584804534912,266.91004276275635,281.44850265979767,410.65521240234375,2023
2023-06-16,64.70387,300.2815,64.70387,208.2859115600586,315.72840213775635,346.15237534046173,451.5401782989502,2023
2023-06-17,71.55126,200.99033,71.55126,212.5562515258789,359.3087034225464,413.39589846134186,511.0768127441406,2023
2023-06-18,44.928516,165.74954,44.928516,181.18365097045898,353.2228879928589,457.25752007961273,545.0814247131348,2023
2023-06-19,53.22841,240.30603,53.22841,169.70818710327148,387.79790782928467,509.20749950408936,591.78590965271,2023
2023-06-20,17.243216,83.20278,17.243216,115.4001407623291,395.23731422424316,525.1820278167725,598.5941200256348,2023
2023-06-21,36.493347,128.51122,36.493347,106.9649715423584,364.44973945617676,560.1573787927628,625.7555103302002,2023
2023-06-22,81.015274,242.39442,81.015274,134.7518367767334,369.16389656066895,637.8883620500565,706.3589307069778,2023
2023-06-23,16.300953,56.338314,16.300953,133.80957412719727,320.76097679138184,652.3748922348022,715.7296043634415,2023
2023-06-24,2.6052334,22.333021,2.6052334,99.92146039009094,251.8149483203888,639.0946123600006,714.372696518898,2023
2023-06-25,6.090884,55.38894,6.090884,24.99707055091858,212.97731614112854,617.2145359516144,700.2008529901505,2023
2023-06-26,3.0378308,20.598272,3.0378308,11.733948469161987,162.78673815727234,569.2380349636078,695.3599263429642,2023
2023-06-27,12.202698,57.288986,12.202698,21.33141279220581,157.7462203502655,562.7873437404633,696.0931349992752,2023
2023-06-28,24.113726,73.65468,24.113726,39.35425424575806,145.3665988445282,577.0972602367401,718.7657631635666,2023
2023-06-29,48.2882,164.21156,48.2882,84.60462379455566,112.6395251750946,558.1045386791229,763.2519243955612,2023
2023-06-30,34.251156,173.63884,34.251156,106.6530818939209,130.58972811698914,516.054577589035,797.5030802488327,2023
2023-07-01,32.77749,174.37021,32.77749,115.31684494018555,160.7619833946228,484.12819361686707,830.2805689573288,2023
2023-07-02,59.989056,268.1021,59.989056,127.0177001953125,214.66015481948853,472.5659873485565,885.9618858098984,2023
2023-07-03,39.510654,232.88553,39.510654,132.2771987915039,251.13297843933105,467.14812541007996,924.4056454896927,2023
2023-07-04,24.043104,106.404366,24.043104,123.54281425476074,262.97338485717773,437.9628207683563,947.1703202724457,2023
2023-07-05,9.260723,69.75287,9.260723,72.81448173522949,248.12038230895996,429.9803283214569,955.1623561382294,2023
2023-07-06,27.34918,120.534134,27.34918,60.65300750732422,227.1813621520996,420.8361613750458,980.9935401678085,2023
2023-07-07,21.282318,144.52895,21.282318,57.892221450805664,214.2125244140625,361.1032054424286,998.991567492485,2023
2023-07-08,20.028849,116.049934,20.028849,68.66034698486328,201.4638843536377,364.8311011791229,1017.2059934139252,2023
2023-07-09,8.380198,24.106798,8.380198,49.69136428833008,149.8550262451172,370.6060652732849,1009.7006776332855,2023
2023-07-10,15.007008,65.619675,15.007008,43.416053771972656,125.35137939453125,379.52218866348267,996.736724615097,2023
2023-07-11,26.214865,77.783554,26.214865,49.60206985473633,127.52313995361328,402.69922256469727,971.937257528305,2023
2023-07-12,51.39004,376.9563,51.39004,92.61191368103027,169.65245819091797,441.8865661621094,1004.6739099025726,2023
2023-07-13,43.18453,437.4821,43.18453,120.7894344329834,185.48780632019043,460.957368850708,1038.0546290874481,2023
2023-07-14,26.122078,141.68513,26.122078,120.69664764404297,190.3275661468506,438.79124641418457,996.8957850933075,2023
2023-07-15,8.647393,65.364456,8.647393,77.95399951934814,178.94611072540283,413.1874837875366,929.2420613765717,2023
2023-07-16,1.6887158,12.0085945,1.6887158,36.458186984062195,172.25462901592255,382.09871089458466,866.2269045114517,2023
2023-07-17,2.8295715,25.601213,2.8295715,13.165680527687073,160.077192902565,324.93922674655914,797.5052140951157,2023
2023-07-18,3.2777367,19.05283,3.2777367,7.796023964881897,137.1400648355484,288.7063089609146,755.8544343709946,2023
2023-07-19,0.9840095,7.5521894,0.9840095,7.091317653656006,86.73403298854828,265.6472142934799,703.6100350618362,2023
2023-07-20,1.2489624,9.307122,1.2489624,5.510708570480347,44.79846704006195,257.63545358181,687.6157819032669,2023
2023-07-21,12.451126,51.774494,12.451126,14.6840980052948,31.127515196800232,242.7373994588852,663.573560833931,2023
2023-07-22,3.0355685,11.134267,3.0355685,16.73565697669983,25.515690445899963,224.49064981937408,585.5938552618027,2023
2023-07-23,9.516541,34.318714,9.516541,25.00323510169983,33.343515157699585,213.97834169864655,578.8094428777695,2023
2023-07-24,4.6901293,24.138958,4.6901293,17.24223828315735,35.20407295227051,210.28827345371246,580.8943387269974,2023
2023-07-25,6.0615177,37.616837,6.0615177,20.268187522888184,37.98785400390625,201.3427835702896,580.8649722337723,2023
2023-07-26,3.703434,27.032927,3.703434,14.45508098602295,40.70727849006653,178.83135282993317,581.5305753946304,2023
2023-07-27,21.97961,103.60844,21.97961,31.74456214904785,61.43792653083801,149.42092192173004,591.3074880838394,2023
2023-07-28,16.911999,120.274796,16.911999,42.59504318237305,65.8987991809845,123.14839231967926,584.1057611703873,2023
2023-07-29,12.155266,75.73053,12.155266,51.046875,75.0184965133667,109.1815801858902,547.9728266000748,2023
2023-07-30,3.236703,27.357473,3.236703,32.30396747589111,68.7386589050293,103.77088987827301,516.9583736658096,2023
2023-07-31,8.22984,33.098263,8.22984,23.621809005737305,72.27836990356445,110.31201434135437,492.410725235939,2023
2023-08-01,2.3868413,28.596615,2.3868413,13.853384494781494,68.60369348526001,109.86928415298462,434.80851089954376,2023
2023-08-02,5.230512,19.988895,5.230512,15.847193717956543,70.13077163696289,111.82205963134766,400.52836859226227,2023
2023-08-03,9.8834915,45.57315,9.8834915,17.500844955444336,58.03465270996094,120.7215416431427,386.3687559366226,2023
2023-08-04,11.957762,85.46251,11.957762,27.071765422821045,53.08041572570801,131.43034100532532,389.0657945871353,2023
2023-08-05,11.607362,76.02068,11.607362,33.448615074157715,52.532511711120605,130.58657670021057,373.32397615909576,2023
2023-08-06,23.15019,178.52635,23.15019,46.71531391143799,72.44599914550781,150.70119857788086,375.19184839725494,2023
2023-08-07,43.2061,274.7838,43.2061,77.96365261077881,107.42225933074951,184.3907585144043,398.36910021305084,2023
2023-08-08,22.351538,126.93519,22.351538,88.70782852172852,127.38695573806763,202.05216693878174,412.3404403924942,2023
2023-08-09,27.374197,174.46114,27.374197,92.93183517456055,149.53064060211182,223.36484622955322,424.70762979984283,2023
2023-08-10,11.007944,62.753735,11.007944,60.73367881774902,150.6550931930542,230.66935634613037,409.50070917606354,2023
2023-08-11,6.1827188,35.542957,6.1827188,44.56485986709595,144.88005018234253,214.87246465682983,364.2933865785599,2023
2023-08-12,14.264272,114.74187,14.264272,31.45493459701538,147.53696012496948,212.22473764419556,335.3731299638748,2023
2023-08-13,49.022243,275.93256,49.022243,69.46923398971558,173.4090132713318,249.09171533584595,358.27329552173615,2023
2023-08-14,5.210075,15.105838,5.210075,68.49659013748169,135.4129877090454,251.0650873184204,354.8359771966934,2023
2023-08-15,4.8803887,37.539177,4.8803887,59.11270713806152,117.94183874130249,247.71563577651978,358.02765011787415,2023
2023-08-16,3.260812,34.478462,3.260812,13.35127568244934,93.82845377922058,248.5896065235138,358.4588906764984,2023
2023-08-17,6.780572,49.176678,6.780572,14.921772718429565,89.60108160972595,250.13966631889343,361.9617259502411,2023
2023-08-18,12.940191,48.9326,12.940191,22.98157525062561,96.35855412483215,253.19636607170105,373.91790771484375,2023
2023-08-19,9.585279,49.413807,9.585279,29.306042671203613,91.67956185340881,250.82388377189636,382.2542247772217,2023
2023-08-20,1.439985,22.409803,1.439985,23.965455770492554,44.09730339050293,240.65650701522827,371.24308371543884,2023
2023-08-21,2.5038357,22.582718,2.5038357,13.529100179672241,41.391064167022705,220.0101523399353,370.71135091781616,2023
2023-08-22,5.8844447,22.744337,5.8844447,9.82826542854309,42.39512014389038,182.68849658966064,367.07925510406494,2023
2023-08-23,25.722265,108.3456,25.722265,34.11054563522339,64.85657334327698,186.05922412872314,388.1113910675049,2023
2023-08-24,30.151497,110.65342,30.151497,61.758206844329834,88.22749829292297,188.8365240097046,412.2013702392578,2023
2023-08-25,19.979359,72.3297,19.979359,75.85312080383301,95.26666569709778,197.80793857574463,428.477294921875,2023
2023-08-26,16.571253,54.96691,16.571253,66.70210838317871,102.25263905525208,208.1964726448059,423.06893730163574,2023
2023-08-27,70.359276,337.06638,70.359276,106.90988731384277,171.1719298362732,264.291476726532,476.51621437072754,2023
2023-08-28,37.467068,135.68256,37.467068,124.39759635925293,206.13516187667847,252.73630094528198,501.82801628112793,2023
2023-08-29,0.88279206,5.18745,0.88279206,108.7091355919838,201.13350921869278,248.409018099308,499.4741054177284,2023
2023-08-30,0.072587915,1.548043,0.072587915,38.42244768887758,175.4838318899274,243.60121727734804,491.3168530538678,2023
2023-08-31,2.861325,37.005184,2.861325,3.816704995930195,148.19366002827883,243.20173025876284,491.79133678227663,2023
2023-09-01,3.4452462,20.417162,3.4452462,6.379159159958363,131.65954757481813,239.8664045408368,490.00607085973024,2023
2023-09-02,3.2506022,27.95643,3.2506022,9.557173490524292,118.33889699727297,230.17681551724672,483.3731815889478,2023
2023-09-03,0.55581516,4.6793175,0.55581516,7.251663625240326,48.53543633967638,221.14735121279955,471.9712349846959,2023
2023-09-04,6.463316,36.21487,6.463316,10.269733369350433,17.531684584915638,226.1706821396947,466.82718915492296,2023
2023-09-05,0.5450152,3.5962806,0.5450152,7.564146339893341,17.193907745182514,224.21186167746782,444.2220140174031,2023
2023-09-06,1.992642,11.071224,1.992642,9.000973224639893,19.11396187543869,220.32005900889635,403.008555598557,2023
2023-09-07,4.276015,21.371315,4.276015,6.813672065734863,20.528651654720306,198.87380857020617,384.9330326989293,2023
2023-09-08,17.770266,80.14214,17.770266,24.038922429084778,34.85367101430893,186.49257726222277,375.32910127192736,2023
2023-09-09,5.2832465,13.583374,5.2832465,27.329526901245117,36.886315286159515,171.79646510630846,369.6044036820531,2023
2023-09-10,4.8923526,60.136486,4.8923526,27.9458646774292,41.22285270690918,160.11756486445665,368.31403750926256,2023
2023-09-11,6.2244687,36.2322,6.2244687,16.400067806243896,40.98400545120239,95.98275775462389,360.2742344811559,2023
2023-09-12,6.1691723,20.865885,6.1691723,17.285993576049805,46.60816252231598,64.68486232310534,317.4211632683873,2023
2023-09-13,10.641695,53.399006,10.641695,23.035336017608643,55.25721549987793,74.4437652900815,322.8527833893895,2023
2023-09-14,2.6587398,18.372046,2.6587398,19.46960711479187,53.6399405002594,77.02991718053818,320.6311344578862,2023
2023-09-15,2.0560453,14.016575,2.0560453,15.356480121612549,37.92572021484375,76.22463744878769,319.4263677075505,2023
2023-09-16,2.3650281,14.654843,2.3650281,7.079813241958618,35.00750184059143,75.14441937208176,315.01082391291857,2023
2023-09-17,1.1827165,8.990702,1.1827165,5.603789925575256,31.297865748405457,73.07653361558914,303.25334913283587,2023
2023-09-18,6.9028625,31.985981,6.9028625,10.450607180595398,31.97625958919525,79.42358100414276,300.5709322169423,2023
2023-09-19,12.748065,45.353275,12.748065,20.833644032478333,38.55515229701996,85.70833003520966,311.87901217490435,2023
2023-09-20,11.490479,32.594826,11.490479,31.141407012939453,39.40393674373627,96.65379428863525,320.8656559661031,2023
2023-09-21,31.47485,93.16175,31.47485,55.71339416503906,68.22004663944244,126.13600194454193,346.4560609534383,2023
2023-09-22,32.096138,106.58044,32.096138,75.06146717071533,98.26013934612274,153.95612514019012,352.8299337103963,2023
2023-09-23,12.645381,43.73497,12.645381,76.21636867523193,108.54049217700958,148.8312405347824,335.3238177970052,2023
2023-09-24,8.897026,35.351345,8.897026,53.63854503631592,116.2548017501831,152.44502007961273,324.2414851859212,2023
2023-09-25,9.433078,22.15141,9.433078,30.97548484802246,118.7850170135498,156.9857453107834,317.10331017524004,2023
2023-09-26,0.26987123,4.5812564,0.26987123,18.599975109100342,106.30682325363159,151.03114783763885,247.01390559226274,2023
2023-09-27,1.8127856,18.519732,1.8127856,11.515734672546387,96.62912940979004,146.6747611761093,211.35962349921465,2023
2023-09-28,1.5607624,11.697377,1.5607624,3.6434192657470703,66.71504211425781,137.5938285589218,212.03759384900331,2023
2023-09-29,1.8735784,14.385122,1.8735784,5.247126460075378,36.49248254299164,136.80866718292236,213.83858436346054,2023
2023-09-30,4.608754,28.590687,4.608754,8.043094992637634,28.45585572719574,139.3613760471344,215.5860134959221,2023
2023-10-01,5.323674,39.235394,5.323674,11.806006789207458,24.882503867149353,142.32002210617065,217.4644414782524,2023
2023-10-02,11.3260565,79.00823,11.3260565,21.258484840393066,26.775482535362244,152.46336209774017,225.53989571332932,2023
2023-10-03,17.563381,64.39589,17.563381,34.213111877441406,44.068992495536804,163.1238807439804,242.54746174812317,2023
2023-10-04,10.281384,29.167255,10.281384,39.17082214355469,52.537591338157654,160.657200217247,246.36553025245667,2023
2023-10-05,20.58363,53.26621,20.58363,48.42839527130127,71.56045854091644,169.750350356102,266.40414464473724,2023
2023-10-06,57.49847,180.36511,57.49847,88.3634843826294,127.18535041809082,195.77397096157074,321.90997290611267,2023
2023-10-07,29.895151,233.5068,29.895151,107.97725105285645,152.47174739837646,193.57298409938812,347.52910923957825,2023
2023-10-08,27.43666,197.34311,27.43666,114.83028221130371,174.5847339630127,208.36426389217377,357.1955044269562,2023
2023-10-09,10.877878,91.052055,10.877878,68.20969009399414,174.1365556716919,210.34511601924896,362.7901360988617,2023
2023-10-10,3.086558,27.305597,3.086558,41.40109705924988,159.65973258018494,203.99859631061554,360.9843416213989,2023
2023-10-11,0.011129756,0.1976114,0.011129756,13.975566049106419,149.38947786856443,203.73985483217984,354.7710026698187,2023
2023-10-12,1.7288506,17.142838,1.7288506,4.826538463123143,130.53469886351377,203.65591980982572,350.33068098593503,2023
2023-10-13,1.2777913,22.926308,1.2777913,3.017771621234715,74.31401981879026,203.37294866610318,340.966777225025,2023
2023-10-14,0.020238027,0.49510834,0.020238027,3.0268798917531967,44.43910670746118,201.51960826385766,338.32827544678,2023
2023-10-15,0.9708661,6.5291142,0.9708661,2.268895372748375,17.97331202495843,197.88172018993646,337.24309623707086,2023
2023-10-16,0.0,0.0,0.0,0.9911041110754013,7.095433835871518,192.55804598797113,334.8780680941418,2023
2023-10-17,0.0,0.0,0.0,0.9708660840988159,4.008875732310116,181.2319895075634,333.6953516053036,2023
2023-10-18,0.89307964,16.940496,0.89307964,0.8930796384811401,4.890825614333153,164.5616879509762,327.6855686949566,2023
2023-10-19,0.0,0.0,0.0,0.8930796384811401,3.161975011229515,154.28030348289758,314.9375037001446,2023
2023-10-20,0.6264727,8.873538,0.6264727,1.5195523500442505,2.510656461119652,134.3231465863064,304.0734969424084,2023
2023-10-21,0.056311768,0.59283423,0.056311768,0.682784479111433,2.546730201691389,76.88098804745823,272.65495900902897,2023
2023-10-22,0.0,0.0,0.0,0.682784479111433,1.5758641175925732,46.98583690915257,240.5588210085407,2023
2023-10-23,0.06757895,1.5700759,0.06757895,0.1238907165825367,1.6434430666267872,19.61675509158522,227.981018983759,2023
2023-10-24,1.0259151,9.013201,1.0259151,1.0934940949082375,2.6693582125008106,9.764792048372328,220.1099080676213,2023
2023-10-25,2.1048193,13.771736,2.1048193,3.198313392698765,3.881097871810198,8.783053242601454,212.781649553217,2023
2023-10-26,2.3700383,14.820194,2.3700383,5.500772714614868,6.251136142760515,11.141961757093668,214.8818165892735,2023
2023-10-27,3.0747426,34.4779,3.0747426,7.549600124359131,8.699405986815691,12.487853709608316,216.14377351943403,2023
2023-10-28,0.7414548,12.350713,0.7414548,6.18623560667038,9.384548999369144,11.951517228037119,215.3244658941403,2023
2023-10-29,1.5611261,11.7245035,1.5611261,5.3773234486579895,10.945675112307072,13.49240531399846,215.01201357785612,2023
2023-10-30,0.0,0.0,0.0,2.3025808930397034,10.878096163272858,12.521539229899645,210.4032594198361,2023
2023-10-31,0.0,0.0,0.0,1.5611261129379272,9.852181017398834,12.521539229899645,205.07958521787077,2023
2023-11-01,0.0,0.0,0.0,0.0,7.747361719608307,12.521539229899645,193.75352873746306,2023
2023-11-02,0.0,0.0,0.0,0.0,5.3773234486579895,11.628459591418505,176.1901475423947,2023
2023-11-03,0.0,0.0,0.0,0.0,2.3025808930397034,11.628459591418505,165.90876307431608,2023
2023-11-04,0.0014713111,0.07797949,0.0014713111,0.0014713110867887735,1.562597424024716,11.003458190942183,145.32660477724858,2023
2023-11-05,0.058233783,1.1463776,0.058233783,0.059705093735828996,0.059705093735828996,11.0053802060429,87.88636825350113,2023
2023-11-06,0.0,0.0,0.0,0.059705093735828996,0.059705093735828996,11.0053802060429,57.99121711519547,2023
2023-11-07,0.0,0.0,0.0,0.05823378264904022,0.059705093735828996,10.937801257008687,30.554556348593906,2023
2023-11-08,0.0,0.0,0.0,0.0,0.059705093735828996,9.911886111134663,19.67667815950699,2023
2023-11-09,0.02887586,0.6908334,0.02887586,0.028875859454274178,0.08858095319010317,7.83594267279841,16.618995915399864,2023
2023-11-10,0.034383748,0.7332835,0.034383748,0.06325960718095303,0.12296470091678202,5.5002881495747715,16.64224990666844,2023
2023-11-11,0.0,0.0,0.0,0.06325960718095303,0.12149338982999325,2.4255455939564854,14.913399303564802,2023
2023-11-12,0.0,0.0,0.0,0.03438374772667885,0.06325960718095303,1.6840908138547093,13.635608041891828,2023
2023-11-13,0.0,0.0,0.0,0.0,0.06325960718095303,0.12296470091678202,13.615370014915243,2023
2023-11-14,0.0,0.0,0.0,0.0,0.06325960718095303,0.12296470091678202,12.644503930816427,2023
2023-11-15,0.0,0.0,0.0,0.0,0.06325960718095303,0.12296470091678202,12.644503930816427,2023
2023-11-16,0.0,0.0,0.0,0.0,0.03438374772667885,0.12296470091678202,12.644503930816427,2023
2023-11-17,6.428182,27.080107,6.428182,6.428182125091553,6.428182125091553,6.551146826008335,18.17960641742684,2023
2023-11-18,14.411013,65.78771,14.411013,20.839194774627686,20.839194774627686,20.962159475544468,32.59061906696297,2023
2023-11-19,0.07506864,3.9786377,0.07506864,20.914263412356377,20.914263412356377,21.03575680218637,32.03921499312855,2023
2023-11-20,0.0,0.0,0.0,14.486081287264824,20.914263412356377,20.97752301953733,31.98290322558023,2023
2023-11-21,0.0,0.0,0.0,0.0750686377286911,20.914263412356377,20.97752301953733,31.98290322558023,2023
2023-11-22,0.0,0.0,0.0,0.0,20.914263412356377,20.97752301953733,31.915324276546016,2023
2023-11-23,0.0,0.0,0.0,0.0,20.914263412356377,20.97752301953733,30.889409130671993,2023
2023-11-24,0.0,0.0,0.0,0.0,14.486081287264824,20.948647160083055,28.784589832881466,2023
2023-11-25,0.0,0.0,0.0,0.0,0.0750686377286911,20.914263412356377,26.414551561931148,2023
2023-11-26,0.0,0.0,0.0,0.0,0.0,20.914263412356377,23.339809006312862,2023
2023-11-27,0.0,0.0,0.0,0.0,0.0,20.914263412356377,22.598354226211086,2023
2023-11-28,0.0,0.0,0.0,0.0,0.0,20.914263412356377,21.03722811327316,2023
2023-11-29,0.0,0.0,0.0,0.0,0.0,20.914263412356377,21.03722811327316,2023
2023-11-30,0.0,0.0,0.0,0.0,0.0,20.914263412356377,21.03722811327316,2023
2023-12-01,0.0,0.0,0.0,0.0,0.0,20.914263412356377,21.03722811327316,2023
2023-12-02,0.0,0.0,0.0,0.0,0.0,14.486081287264824,21.03722811327316,2023
2023-12-03,0.0,0.0,0.0,0.0,0.0,0.0750686377286911,21.03722811327316,2023
2023-12-04,0.0,0.0,0.0,0.0,0.0,0.0,21.03575680218637,2023
2023-12-05,0.0,0.0,0.0,0.0,0.0,0.0,20.97752301953733,2023
2023-12-06,0.0,0.0,0.0,0.0,0.0,0.0,20.97752301953733,2023
2023-12-07,4.37909,15.276084,4.37909,4.379089832305908,4.379089832305908,4.379089832305908,25.356612851843238,2023
2023-12-08,19.733822,36.65357,19.733822,24.112911701202393,24.112911701202393,24.112911701202393,45.09043472073972,2023
2023-12-09,1.5349765,9.428469,1.5349765,25.64788818359375,25.64788818359375,25.64788818359375,46.596535343676805,2023
2023-12-10,0.019946994,0.2804027,0.019946994,21.288745345547795,25.667835177853703,25.667835177853703,46.58209859021008,2023
2023-12-11,0.0097533185,0.2123941,0.0097533185,1.56467679515481,25.677588496357203,25.677588496357203,46.59185190871358,2023
2023-12-12,0.0,0.0,0.0,0.02970031276345253,25.677588496357203,25.677588496357203,46.59185190871358,2023
2023-12-13,0.06939862,1.2505835,0.06939862,0.07915193773806095,25.746987115591764,25.746987115591764,46.66125052794814,2023
2023-12-14,0.38931516,6.0573654,0.38931516,0.4587137773633003,21.757212441414595,26.136302273720503,47.05056568607688,2023
2023-12-15,0.038205836,0.78179336,0.038205836,0.4969196133315563,2.0615964084863663,26.17450810968876,47.088771522045135,2023
2023-12-16,0.0,0.0,0.0,0.4275209940969944,0.5266199260950089,26.17450810968876,47.088771522045135,2023
2023-12-17,0.0,0.0,0.0,0.038205835968256,0.5066729318350554,26.17450810968876,40.66058939695358,2023
2023-12-18,0.0,0.0,0.0,0.0,0.4969196133315563,26.17450810968876,26.24957674741745,2023
2023-12-19,0.0,0.0,0.0,0.0,0.4969196133315563,26.17450810968876,26.17450810968876,2023
2023-12-20,0.0,0.0,0.0,0.0,0.4275209940969944,26.17450810968876,26.17450810968876,2023
2023-12-21,0.0,0.0,0.0,0.0,0.038205835968256,26.17450810968876,26.17450810968876,2023
2023-12-22,0.0,0.0,0.0,0.0,0.0,21.79541827738285,26.17450810968876,2023
2023-12-23,0.0,0.0,0.0,0.0,0.0,2.0615964084863663,26.17450810968876,2023
2023-12-24,0.0,0.0,0.0,0.0,0.0,0.5266199260950089,26.17450810968876,2023
2023-12-25,1.0918186,8.930105,1.0918186,1.0918185710906982,1.0918185710906982,1.5984915029257536,27.266326680779457,2023
2023-12-26,0.0,0.0,0.0,1.0918185710906982,1.0918185710906982,1.5887381844222546,27.266326680779457,2023
2023-12-27,0.0,0.0,0.0,1.0918185710906982,1.0918185710906982,1.5887381844222546,27.266326680779457,2023
2023-12-28,0.017083459,0.29641712,0.017083459,0.017083458602428436,1.1089020296931267,1.536423023790121,27.283410139381886,2023
2023-12-29,0.04652996,0.6254347,0.04652996,0.0636134184896946,1.1554319895803928,1.1936378255486488,27.32994009926915,2023
2023-12-30,0.017083459,0.29641712,0.017083459,0.08069687709212303,1.1725154481828213,1.1725154481828213,27.34702355787158,2023
2023-12-31,0.0326076,0.30316445,0.0326076,0.09622101858258247,1.2051230482757092,1.2051230482757092,27.379631157964468,2023
2024-01-01,0.0,0.0,0.0,0.049691058695316315,0.11330447718501091,1.2051230482757092,27.379631157964468,2024
2024-01-02,0.0,0.0,0.0,0.03260760009288788,0.11330447718501091,1.2051230482757092,27.379631157964468,2024
2024-01-03,0.0,0.0,0.0,0.0,0.11330447718501091,1.2051230482757092,27.379631157964468,2024
2024-01-04,0.0,0.0,0.0,0.0,0.09622101858258247,1.2051230482757092,27.379631157964468,2024
2024-01-05,0.0,0.0,0.0,0.0,0.049691058695316315,1.2051230482757092,27.379631157964468,2024
2024-01-06,0.0,0.0,0.0,0.0,0.03260760009288788,1.2051230482757092,23.00054132565856,2024
2024-01-07,0.0,0.0,0.0,0.0,0.0,1.2051230482757092,3.2667194567620754,2024
2024-01-08,0.0,0.0,0.0,0.0,0.0,1.2051230482757092,1.731742974370718,2024
2024-01-09,0.0,0.0,0.0,0.0,0.0,0.11330447718501091,1.7117959801107645,2024
2024-01-10,0.0,0.0,0.0,0.0,0.0,0.11330447718501091,1.7020426616072655,2024
2024-01-11,0.0,0.0,0.0,0.0,0.0,0.11330447718501091,1.7020426616072655,2024
2024-01-12,0.0,0.0,0.0,0.0,0.0,0.09622101858258247,1.6326440423727036,2024
2024-01-13,0.0,0.0,0.0,0.0,0.0,0.049691058695316315,1.2433288842439651,2024
2024-01-14,0.0,0.0,0.0,0.0,0.0,0.03260760009288788,1.2051230482757092,2024
2024-01-15,0.0,0.0,0.0,0.0,0.0,0.0,1.2051230482757092,2024
2024-01-16,0.0,0.0,0.0,0.0,0.0,0.0,1.2051230482757092,2024
2024-01-17,0.04872574,0.8027833,0.04872574,0.04872573912143707,0.04872573912143707,0.04872573912143707,1.2538487873971462,2024
2024-01-18,0.0,0.0,0.0,0.04872573912143707,0.04872573912143707,0.04872573912143707,1.2538487873971462,2024
2024-01-19,0.0,0.0,0.0,0.04872573912143707,0.04872573912143707,0.04872573912143707,1.2538487873971462,2024
2024-01-20,0.0,0.0,0.0,0.0,0.04872573912143707,0.04872573912143707,1.2538487873971462,2024
2024-01-21,0.0,0.0,0.0,0.0,0.04872573912143707,0.04872573912143707,1.2538487873971462,2024
2024-01-22,0.0055064186,0.14820856,0.0055064186,0.0055064186453819275,0.054232157766819,0.054232157766819,1.2593552060425282,2024
2024-01-23,0.0,0.0,0.0,0.0055064186453819275,0.054232157766819,0.054232157766819,1.2593552060425282,2024
2024-01-24,0.0,0.0,0.0,0.0055064186453819275,0.0055064186453819275,0.054232157766819,0.1675366349518299,2024
2024-01-25,0.48496068,8.00557,0.48496068,0.484960675239563,0.4904670938849449,0.539192833006382,0.6524973101913929,2024
2024-01-26,0.0,0.0,0.0,0.484960675239563,0.4904670938849449,0.539192833006382,0.6524973101913929,2024
2024-01-27,0.0,0.0,0.0,0.484960675239563,0.4904670938849449,0.539192833006382,0.6354138515889645,2024
2024-01-28,0.19984017,1.7842479,0.19984017,0.19984017312526703,0.690307267010212,0.739033006131649,0.7887240648269653,2024
2024-01-29,0.0093913935,0.1976114,0.0093913935,0.20923156663775444,0.6941922418773174,0.7484243996441364,0.7810319997370243,2024
2024-01-30,0.0055064186,0.14820856,0.0055064186,0.21473798528313637,0.6996986605226994,0.7539308182895184,0.7539308182895184,2024
2024-01-31,0.0,0.0,0.0,0.014897812157869339,0.6996986605226994,0.7539308182895184,0.7539308182895184,2024
2024-02-01,0.0,0.0,0.0,0.0055064186453819275,0.21473798528313637,0.7052050791680813,0.7539308182895184,2024
2024-02-02,0.50705516,10.496405,0.50705516,0.5070551633834839,0.7217931486666203,1.2122602425515652,1.2609859816730022,2024
2024-02-03,1.4824891,11.103354,1.4824891,1.9895442724227905,2.204282257705927,2.694749351590872,2.743475090712309,2024
2024-02-04,0.0,0.0,0.0,1.9895442724227905,2.00444208458066,2.694749351590872,2.743475090712309,2024
2024-02-05,0.0,0.0,0.0,1.4824891090393066,1.9950506910681725,2.694749351590872,2.743475090712309,2024
2024-02-06,0.01770773,0.93850964,0.01770773,0.01770772971212864,2.007252002134919,2.7069506626576185,2.7611828204244375,2024
2024-02-07,0.054652147,1.5801942,0.054652147,0.07235987670719624,2.0619041491299868,2.761602809652686,2.815834967419505,2024
2024-02-08,0.0,0.0,0.0,0.07235987670719624,2.0619041491299868,2.761602809652686,2.815834967419505,2024
2024-02-09,0.0,0.0,0.0,0.054652146995067596,1.5548489857465029,2.276642134413123,2.815834967419505,2024
2024-02-10,0.0,0.0,0.0,0.0,0.07235987670719624,2.276642134413123,2.815834967419505,2024
2024-02-11,0.0,0.0,0.0,0.0,0.07235987670719624,2.276642134413123,2.815834967419505,2024
2024-02-12,0.0,0.0,0.0,0.0,0.07235987670719624,2.076801961287856,2.815834967419505,2024
2024-02-13,0.0,0.0,0.0,0.0,0.054652146995067596,2.0674105677753687,2.815834967419505,2024
2024-02-14,0.0,0.0,0.0,0.0,0.0,2.0619041491299868,2.815834967419505,2024
2024-02-15,0.0,0.0,0.0,0.0,0.0,2.0619041491299868,2.815834967419505,2024
2024-02-16,0.64976317,14.153116,0.64976317,0.6497631669044495,0.6497631669044495,2.7116673160344362,3.4168723952025175,2024
2024-02-17,0.00784203,0.25267568,0.00784203,0.6576051972806454,0.6576051972806454,2.2124541830271482,3.4247144255787134,2024
2024-02-18,0.7575841,8.626683,0.7575841,1.415189292281866,1.415189292281866,1.4875491689890623,4.182298520579934,2024
2024-02-19,0.012760042,0.31271735,0.012760042,0.7781861675903201,1.4279493344947696,1.5003092112019658,4.195058562792838,2024
2024-02-20,0.0,0.0,0.0,0.7703441372141242,1.4279493344947696,1.5003092112019658,4.195058562792838,2024
2024-02-21,3.4308467,15.566043,3.4308467,3.4436067333444953,4.858796025626361,4.913448172621429,7.6203988352790475,2024
2024-02-22,7.205396,27.222101,7.205396,10.636242866516113,12.064192201010883,12.064192201010883,14.825795010663569,2024
2024-02-23,12.462562,39.87545,12.462562,23.098804473876953,23.876990641467273,24.526753808371723,27.28835661802441,2024
2024-02-24,0.16438355,1.9426724,0.16438355,19.832341328263283,24.033532156609,24.691137353889644,26.967779488302767,2024
2024-02-25,1.7829057,8.626683,1.7829057,14.409850850701332,25.05885375943035,26.474043051712215,28.750685186125338,2024
2024-02-26,0.8940295,6.723388,0.8940295,2.841318741440773,25.940123215317726,27.368072549812496,29.64471468422562,2024
2024-02-27,0.0,0.0,0.0,2.6769351959228516,25.940123215317726,27.368072549812496,29.444874511100352,2024
2024-02-28,0.0,0.0,0.0,0.8940294981002808,22.509276524186134,27.368072549812496,29.435483117587864,2024
2024-02-29,0.0,0.0,0.0,0.0,15.303880348801613,27.368072549812496,29.429976698942482,2024
2024-03-01,0.0,0.0,0.0,0.0,2.841318741440773,27.368072549812496,29.429976698942482,2024
2024-03-02,0.0,0.0,0.0,0.0,2.6769351959228516,26.718309382908046,29.429976698942482,2024
2024-03-03,0.0,0.0,0.0,0.0,0.8940294981002808,26.71046735253185,28.922921535559,2024
2024-03-04,0.0,0.0,0.0,0.0,0.0,25.95288325753063,27.440432426519692,2024
2024-03-05,0.0,0.0,0.0,0.0,0.0,25.940123215317726,27.440432426519692,2024
2024-03-06,0.0,0.0,0.0,0.0,0.0,25.940123215317726,27.440432426519692,2024
2024-03-07,0.0,0.0,0.0,0.0,0.0,22.509276524186134,27.422724696807563,2024
2024-03-08,0.0,0.0,0.0,0.0,0.0,15.303880348801613,27.368072549812496,2024
2024-03-09,0.0,0.0,0.0,0.0,0.0,2.841318741440773,27.368072549812496,2024
2024-03-10,0.0,0.0,0.0,0.0,0.0,2.6769351959228516,27.368072549812496,2024
2024-03-11,0.0,0.0,0.0,0.0,0.0,0.8940294981002808,27.368072549812496,2024
2024-03-12,0.0,0.0,0.0,0.0,0.0,0.0,27.368072549812496,2024
2024-03-13,0.076552376,2.2844982,0.076552376,0.0765523761510849,0.0765523761510849,0.0765523761510849,27.44462492596358,2024
2024-03-14,0.0,0.0,0.0,0.0765523761510849,0.0765523761510849,0.0765523761510849,27.44462492596358,2024
2024-03-15,0.79533905,9.12023,0.79533905,0.8718914240598679,0.8718914240598679,0.8718914240598679,28.239963973872364,2024
2024-03-16,0.0,0.0,0.0,0.795339047908783,0.8718914240598679,0.8718914240598679,28.239963973872364,2024
2024-03-17,3.5467696,27.558966,3.5467696,4.34210866689682,4.418661043047905,4.418661043047905,31.13697042595595,2024
2024-03-18,1.6056921,8.091632,1.6056921,5.152461767196655,6.024353191256523,6.024353191256523,32.73482054378837,2024
2024-03-19,0.0,0.0,0.0,5.152461767196655,6.024353191256523,6.024353191256523,31.977236448787153,2024
2024-03-20,6.086154,21.214622,6.086154,7.691846132278442,12.033954799175262,12.110507175326347,38.05063039064407,2024
2024-03-21,7.449645,23.490244,7.449645,13.535799026489258,19.483599841594696,19.56015221774578,45.50027543306351,2024
2024-03-22,9.094936,32.12973,9.094936,22.630735397338867,27.783197164535522,28.65508858859539,51.164365112781525,2024
2024-03-23,0.23212425,2.1872392,0.23212425,16.77670566737652,28.015321418642998,28.887212842702866,44.19109319150448,2024
2024-03-24,8.057905,20.346123,8.057905,17.38496582210064,32.526456996798515,36.94511803984642,39.78643678128719,2024
2024-03-25,0.5200233,9.014396,0.5200233,8.81005273759365,31.440788134932518,37.46514132618904,40.14207652211189,2024
2024-03-26,25.445612,112.77488,25.445612,34.02354043722153,56.88640008866787,62.91075327992439,63.80478277802467,2024
2024-03-27,4.5338874,15.062707,4.5338874,30.499522626399994,55.33413349092007,67.44464066624641,67.44464066624641,2024
2024-03-28,2.9293876,16.20756,2.9293876,32.90888690948486,50.81387601792812,70.29747585952282,70.3740282356739,2024
2024-03-29,0.79671335,6.410511,0.79671335,8.25998830795288,42.51565299928188,71.09418921172619,71.17074158787727,2024
2024-03-30,1.0680602,20.711908,1.0680602,4.794161081314087,43.351588904857635,71.36691032350063,72.2388017475605,2024
2024-03-31,2.7028384,13.494793,2.7028384,4.567611932754517,37.996522128582,74.06974874436855,74.94164016842842,2024
2024-04-01,20.19818,65.439606,20.19818,23.969077825546265,57.6746780872345,90.72115837037563,95.13981941342354,2024
2024-04-02,2.989358,24.096228,2.989358,25.89037561416626,35.21842408180237,92.10482417047024,98.12917736172676,2024
2024-04-03,4.3486195,54.47512,4.3486195,27.53615665435791,35.03315615653992,96.45344363152981,102.47779682278633,2024
2024-04-04,0.4077605,11.656299,0.4077605,7.745737910270691,32.511529088020325,90.77505014836788,102.88555732369423,2024
2024-04-05,5.012119,50.55115,5.012119,9.7684987783432,36.72693455219269,88.33752392232418,107.89767614006996,2024
2024-04-06,3.3387928,16.635881,3.3387928,8.75867211818695,38.99766719341278,82.58138035237789,111.23646894097328,2024
2024-04-07,3.4418845,55.57596,3.4418845,11.79279613494873,39.73671329021454,85.7911406159401,114.67835345864296,2024
2024-04-08,0.31052795,4.268238,0.31052795,7.091205269098282,19.849061995744705,78.04376336932182,114.98888140916824,2024
2024-04-09,0.14545907,2.7836504,0.14545907,3.8978715389966965,17.005163118243217,77.66919915378094,115.13434047996998,2024
2024-04-10,0.33730292,6.6262994,0.33730292,0.7932899445295334,12.993846580386162,52.5608901232481,115.4716434031725,2024
2024-04-11,0.38443786,9.384589,0.38443786,0.8671998530626297,12.970523938536644,48.41144059598446,115.85608126223087,2024
2024-04-12,0.045462582,0.8032097,0.045462582,0.767203364521265,8.003867704421282,45.52751560881734,115.82499146834016,2024
2024-04-13,1.4073827,9.530229,1.4073827,1.837283167988062,6.072457630187273,46.13818498328328,117.23237419500947,2024
2024-04-14,0.23086523,1.7981403,0.23086523,1.6837105341255665,2.86143833771348,45.30099004879594,116.66790037229657,2024
2024-04-15,1.3582578,16.875973,1.3582578,2.9965057224035263,3.9091681577265263,43.95640939846635,118.0261581428349,2024
2024-04-16,3.0477111,12.102958,3.0477111,4.636834129691124,6.8114202208817005,26.80594128742814,117.52709965780377,2024
2024-04-17,2.6318126,12.110408,2.6318126,7.037781476974487,9.105929870158434,26.448395911604166,118.5532200820744,2024
2024-04-18,1.1516219,11.604156,1.1516219,6.831145644187927,9.873113948851824,23.251398388296366,119.70484201982617,2024
2024-04-19,1.0470177,19.589714,1.0470177,4.83045220375061,10.874669060111046,23.89065558090806,114.66570572927594,2024
2024-04-20,10.104679,66.822914,10.104679,12.303318738937378,19.57196544110775,28.983215872198343,117.32073979452252,2024
2024-04-21,3.1679013,26.308298,3.1679013,14.319598078727722,22.50900149345398,28.812324348837137,111.39370470121503,2024
2024-04-22,3.0683436,30.718206,3.0683436,16.34092402458191,24.21908736228943,28.43878347054124,114.22992408648133,2024
2024-04-23,1.5624111,17.361715,1.5624111,7.798655986785889,22.733787298202515,29.69066658988595,107.73442995920777,2024
2024-04-24,8.976978,91.42074,8.976978,13.607733011245728,29.07895302772522,38.52218582108617,116.1913849748671,2024
2024-04-25,2.1019936,26.822567,2.1019936,12.641382932662964,30.029324650764465,40.28687645867467,92.84776658192277,2024
2024-04-26,0.6845025,5.788467,0.6845025,11.763474345207214,29.66680943965912,40.586941082030535,88.998381678015,2024
2024-04-27,0.77638525,14.844695,0.77638525,3.562881290912628,20.33851557970047,41.31786374747753,86.84537935629487,2024
2024-04-28,3.4511008,44.510433,3.4511008,4.91198855638504,20.621715128421783,43.36158184707165,89.49976683035493,2024
2024-04-29,6.2140727,46.112003,6.2140727,10.44155877828598,23.76744419336319,49.34478932619095,94.64577937498689,2024
2024-04-30,3.7741003,33.442577,3.7741003,13.439273834228516,25.979133427143097,51.76063185930252,95.71704125776887,2024
2024-05-01,4.7318687,56.492245,4.7318687,14.720041751861572,21.734023869037628,53.444789469242096,80.25073075667024,2024
2024-05-02,27.923923,140.92107,27.923923,36.42989253997803,47.55595380067825,78.73690038919449,105.18529630079865,2024
2024-05-03,1.6992435,16.428099,1.6992435,34.35503578186035,48.570694863796234,79.28452199697495,102.53592038527131,2024
2024-05-04,0.015627526,0.521532,0.015627526,29.63879456371069,47.80993714183569,78.25313182920218,102.14378741011024,2024
2024-05-05,5.161984,21.373764,5.161984,6.8768550381064415,49.520820282399654,73.31043668836355,102.2936525605619,2024
2024-05-06,45.272587,119.54592,45.272587,50.45019831508398,88.57933440059423,115.4151222333312,144.22744658216834,2024
2024-05-07,15.6692505,31.261585,15.6692505,66.10382127761841,100.47448458522558,128.01602908223867,156.4548125527799,2024
2024-05-08,0.69264805,5.866268,0.69264805,61.634485363960266,96.43526389449835,127.14626606553793,156.83693265542388,2024
2024-05-09,1.3583965,4.9208107,1.3583965,17.720295071601868,69.86973693221807,119.52768429368734,158.0498701147735,2024
2024-05-10,12.808897,49.872032,12.808897,14.859941601753235,80.97939040511847,130.23458775132895,170.52146421000361,2024
2024-05-11,7.7915225,35.24314,7.7915225,21.958816051483154,88.75528538227081,137.34160777181387,177.9285488538444,2024
2024-05-12,2.5772703,7.838137,2.5772703,23.177689790725708,86.17057168483734,139.14249279350042,180.46035654097795,2024
2024-05-13,0.37014022,2.6938672,0.37014022,10.738932996988297,41.26812508702278,136.0615321919322,179.42311403900385,2024
2024-05-14,1.1562419,14.176815,1.1562419,4.103652387857437,26.755116492509842,131.00370138138533,180.34849070757627,2024
2024-05-15,1.5344608,14.452007,1.5344608,3.060842901468277,27.596929222345352,128.76406186074018,180.5246937200427,2024
2024-05-16,0.75860035,11.228243,0.75860035,3.4493030309677124,26.997133046388626,124.79079347103834,178.23558294028044,2024
2024-05-17,11.850576,80.85103,11.850576,14.143637537956238,26.038812428712845,108.71744637936354,187.45434676855803,2024
2024-05-18,18.20233,68.84434,18.20233,30.811506390571594,36.44961956143379,125.22053246945143,204.50505446642637,2024
2024-05-19,8.502383,25.865986,8.502383,38.55528926849365,42.37473252415657,133.7072881758213,211.96042000502348,2024
2024-05-20,12.666865,92.43873,12.666865,39.371578216552734,54.67145764827728,141.21216955780983,214.52260624617338,2024
2024-05-21,0.22247742,1.3990065,0.22247742,21.39172600209713,53.737693175673485,96.16206015646458,211.57718238979578,2024
2024-05-22,2.3048685,23.354694,2.3048685,15.194211229681969,54.50810085237026,82.79767812788486,210.81370721012354,2024
2024-05-23,1.983663,8.812741,1.983663,4.511008843779564,55.733163461089134,84.08869303762913,211.23495910316706,2024
2024-05-24,4.0435843,28.168692,4.0435843,8.332115769386292,47.92617140710354,86.773880854249,206.30156514793634,2024
2024-05-25,1.883111,8.245839,1.883111,7.910358309745789,31.606952771544456,75.84809483587742,206.08268258720636,2024
2024-05-26,7.108726,26.16228,7.108726,13.035421371459961,30.213295564055443,75.16529835760593,212.5069061294198,2024
2024-05-27,28.238106,103.970215,28.238106,37.2299427986145,45.784535989165306,100.8261338621378,239.96862665563822,2024
2024-05-28,139.92229,448.9197,139.92229,175.26911878585815,185.48434555530548,240.37828062474728,376.4398128166795,2024
2024-05-29,55.946083,204.66284,55.946083,224.10647583007812,239.1255601644516,295.1681217998266,426.17182318121195,2024
2024-05-30,103.299255,645.37726,103.299255,299.1676254272461,340.44115257263184,396.9329163879156,525.6969782486558,2024
2024-05-31,62.012775,184.09045,62.012775,221.25811386108398,398.4103436470032,458.18709145486355,582.9778849259019,2024
2024-06-01,14.563449,40.401714,14.563449,179.87547969818115,411.09068155288696,460.89996396005154,569.6174103394151,2024
2024-06-02,30.532475,139.88052,30.532475,107.10869884490967,434.51443004608154,473.2301088422537,598.4506413117051,2024
2024-06-03,59.26624,145.44792,59.26624,104.36216259002686,465.5425634384155,523.9939647763968,657.701252952218,2024
2024-06-04,19.134617,56.942093,19.134617,108.93333053588867,344.7548933029175,530.4617162793875,671.6738858371973,2024
2024-06-05,19.666618,61.06762,19.666618,98.06747436523438,308.4754285812378,549.9058572053909,646.0679173618555,2024
2024-06-06,9.552264,52.78031,9.552264,48.35349941253662,214.72843742370605,557.1532529592514,639.9509310871363,2024
2024-06-07,1.8199519,10.425304,1.8199519,31.03883445262909,154.53561389446259,556.989541888237,641.0782349258661,2024
2024-06-08,1.7174066,5.8866367,1.7174066,13.089622735977173,141.6895716190338,554.6633641719818,641.4372450262308,2024
2024-06-09,12.3706,45.814564,12.3706,15.907958269119263,123.52769684791565,565.1508529186249,640.9989477545023,2024
2024-06-10,11.106718,95.44703,11.106718,25.194724440574646,75.36817574501038,569.1488449573517,644.3141433149576,2024
2024-06-11,2.436891,28.43888,2.436891,25.91420888900757,58.67044997215271,543.3476302623749,644.1737641245127,2024
2024-06-12,10.103508,56.77719,10.103508,23.647117137908936,49.10733962059021,413.52885127067566,653.9071318954229,2024
2024-06-13,46.16385,267.52643,46.16385,58.70424795150757,85.71892428398132,403.7466170787811,698.9147388786077,2024
2024-06-14,22.421875,64.348175,22.421875,78.6892318725586,106.32084739208221,322.8692367076874,719.802153095603,2024
2024-06-15,85.50633,592.4823,85.50633,154.09205627441406,190.1097731590271,346.36279368400574,804.5498851388693,2024
2024-06-16,88.37574,426.24988,88.37574,196.30394744873047,266.11491346359253,420.17508482933044,881.075048789382,2024
2024-06-17,69.488045,216.15656,69.488045,243.3701171875,324.49624013900757,459.1306550502777,932.3607638925314,2024
2024-06-18,112.93203,660.5492,112.93203,270.79581451416016,434.9913787841797,512.796445608139,1036.7904103845358,2024
2024-06-19,69.30552,130.43147,69.30552,251.72559356689453,494.1933898925781,562.9673478603363,1093.4290641397238,2024
2024-06-20,47.89793,112.45886,47.89793,230.13547897338867,495.9274711608887,591.198659658432,1141.104516863823,2024
2024-06-21,6.364296,42.228817,6.364296,123.56774520874023,479.8698921203613,588.0106914043427,1145.163944363594,2024
2024-06-22,4.706904,39.214035,4.706904,58.96913003921509,399.07046365737915,590.8976434469223,1147.8871853351593,2024
2024-06-23,2.133526,11.977497,2.133526,13.204725980758667,312.82824969291687,591.3137629032135,1145.9771270751953,2024
2024-06-24,7.5529957,23.879969,7.5529957,14.393425703048706,250.89320063591003,586.4961588382721,1151.647011756897,2024
2024-06-25,12.264299,40.69369,12.264299,21.95082116127014,150.22547030448914,587.6537401676178,1156.8025851249695,2024
2024-06-26,4.8689795,48.81659,4.8689795,24.686274528503418,85.78893065452576,590.0858285427094,1133.4334588050842,2024
2024-06-27,26.395405,63.148052,26.395405,43.52868366241455,64.28640532493591,606.3777253627777,1019.9065766334534,2024
2024-06-28,14.82258,63.458374,14.82258,46.08696460723877,72.74468970298767,575.036456823349,978.7830739021301,2024
2024-06-29,28.000153,209.42433,28.000153,69.21813774108887,96.03793835639954,580.6147344112396,903.483971118927,2024
2024-06-30,53.985973,282.20435,53.985973,96.80870628356934,147.89038562774658,549.094375371933,895.4571690559387,2024
2024-07-01,124.076004,426.53207,124.076004,206.06212997436523,264.4133939743042,584.7946393489838,1004.9697241783142,2024
2024-07-02,81.85559,194.36955,81.85559,259.9175682067871,334.0046854019165,597.1621854305267,1056.2928404808044,2024
2024-07-03,13.313685,55.064976,13.313685,219.2452802658081,342.44939136505127,497.54384112358093,1010.34028673172,2024
2024-07-04,16.425571,87.54367,16.425571,111.59484767913818,332.47955799102783,444.6638934612274,1007.6312413215637,2024
2024-07-05,35.351036,170.15839,35.351036,65.09029293060303,353.00801372528076,432.1169993877411,1023.3156590461731,2024
2024-07-06,19.706873,101.10092,19.706873,71.48348045349121,344.7147340774536,445.4595763683319,1033.4702677726746,2024
2024-07-07,7.8086443,41.22168,7.8086443,62.86655330657959,298.5374050140381,448.5613167285919,1039.4589601755142,2024
2024-07-08,11.065224,139.81769,11.065224,38.5807409286499,185.52662467956543,457.4930143356323,1048.8067772388458,2024
2024-07-09,3.9141638,13.8475685,3.9141638,22.788031816482544,107.58519768714905,453.85418248176575,1040.3503413200378,2024
2024-07-10,31.020077,195.74812,31.020077,45.99946427345276,125.29158902168274,472.60995984077454,1060.2637000083923,2024
2024-07-11,54.21649,290.08936,54.21649,89.15073227882385,163.0825092792511,521.9574720859528,1112.043300628662,2024
2024-07-12,64.69648,342.79034,64.69648,149.93304824829102,192.42795300483704,560.2585470676422,1166.63627243042,2024
2024-07-13,10.596348,65.41954,10.596348,129.50931930541992,183.31742787361145,556.0323145389557,1131.0687713623047,2024
2024-07-14,2.7893612,21.788893,2.7893612,78.08218884468079,178.2981448173523,530.8215231895447,1111.4362576007843,2024
2024-07-15,5.088939,24.129547,5.088939,18.474648237228394,172.32186031341553,481.92448902130127,1031.0188643932343,2024
2024-07-16,20.040314,61.086002,20.040314,27.918614149093628,188.44801020622253,377.8887987136841,962.6834380626678,2024
2024-07-17,7.074982,46.815163,7.074982,32.2042350769043,164.50291562080383,303.10819005966187,900.2703754901886,2024
2024-07-18,9.909625,67.65787,9.909625,37.02492094039917,120.19604897499084,299.70412969589233,797.2479708194733,2024
2024-07-19,2.706657,33.901672,2.706657,19.691264152526855,58.206226110458374,285.98521518707275,730.6491086483002,2024
2024-07-20,7.9189677,29.06669,7.9189677,20.535249710083008,55.52884602546692,258.55314683914185,690.6701462268829,2024
2024-07-21,4.8666983,36.68924,4.8666983,15.49232292175293,57.60618305206299,243.71297216415405,689.172548532486,2024
2024-07-22,18.758291,121.984,18.758291,31.543957233428955,71.27553510665894,254.66261911392212,703.223935842514,2024
2024-07-23,18.651255,146.28424,18.651255,42.276244163513184,69.88647603988647,262.2486500740051,719.7416644096375,2024
2024-07-24,12.987222,73.1465,12.987222,50.39676761627197,75.79871559143066,271.3217079639435,725.1758904457092,2024
2024-07-25,9.461735,49.598568,9.461735,41.10021114349365,75.35082530975342,249.763365983963,722.3733258247375,2024
2024-07-26,2.4647372,39.553448,2.4647372,24.91369366645813,75.10890555381775,198.0116114616394,719.9690835475922,2024
2024-07-27,0.6747006,7.0387836,0.6747006,12.60117256641388,67.86463844776154,133.98983228206635,694.2483793497086,2024
2024-07-28,12.948985,82.941246,12.948985,16.088422894477844,75.94692528247833,136.34246957302094,692.3747841119766,2024
2024-07-29,8.438355,77.643814,8.438355,22.06204116344452,65.62698948383331,141.99146378040314,672.8129869699478,2024
2024-07-30,15.378616,84.57098,15.378616,36.76595687866211,62.35435116291046,152.28114092350006,634.2056299448013,2024
2024-07-31,8.363707,50.919994,8.363707,32.180678367614746,57.730836033821106,140.60453379154205,518.4933325052261,2024
2024-08-01,6.903971,53.726517,6.903971,30.646294116973877,55.17307245731354,140.43352282047272,443.5417128801346,2024
2024-08-02,28.086739,90.207214,28.086739,43.354416370391846,80.79507386684418,158.61063635349274,458.31476604938507,2024
2024-08-03,59.797283,217.60692,59.797283,94.78799295425415,139.91765642166138,215.70126259326935,501.6864777803421,2024
2024-08-04,23.945198,96.76644,23.945198,111.82921981811523,150.91386938095093,231.72749292850494,490.2806397676468,2024
2024-08-05,11.673497,68.57752,11.673497,95.41597843170166,154.14901113510132,238.53429186344147,482.2472640275955,2024
2024-08-06,25.821966,91.25632,25.821966,61.44066143035889,164.59236097335815,245.59796679019928,500.2605859041214,2024
2024-08-07,7.139274,45.13566,7.139274,44.634737491607666,163.36792850494385,234.08598625659943,496.33463633060455,2024
2024-08-08,15.276928,74.13399,15.276928,48.238168239593506,171.74088525772095,236.375692486763,507.6974004507065,2024
2024-08-09,19.59751,137.10919,19.59751,42.01371145248413,163.25165605545044,246.51146709918976,496.27483308315277,2024
2024-08-10,20.629831,135.12703,20.629831,55.504268646240234,124.08420419692993,264.67656123638153,462.68817269802094,2024
2024-08-11,33.77651,250.87178,33.77651,74.00384902954102,133.91551446914673,297.77836894989014,431.7682012319565,2024
2024-08-12,13.492442,57.76345,13.492442,67.89878177642822,135.734459400177,298.32182598114014,434.6642955541611,2024
2024-08-13,7.736956,34.45406,7.736956,55.00590658187866,117.6494493484497,297.6204266548157,439.6118904352188,2024
2024-08-14,1.5894767,7.615553,1.5894767,22.818874955177307,112.09965193271637,283.83128702640533,436.1124279499054,2024
2024-08-15,1.5872755,25.148108,1.5872755,10.913708329200745,98.40999948978424,277.05485594272614,417.6593897342682,2024
2024-08-16,10.981922,36.39072,10.981922,14.158674359321594,89.79441225528717,281.1328068971634,421.5663297176361,2024
2024-08-17,5.7123723,20.150383,5.7123723,18.281569957733154,74.87695324420929,258.75844061374664,417.3690769672394,2024
2024-08-18,7.133781,32.005478,7.133781,23.828075408935547,48.23422586917877,206.09493839740753,421.7962009906769,2024
2024-08-19,12.603799,64.67139,12.603799,25.449952125549316,47.345582604408264,194.75353920459747,426.4810321331024,2024
2024-08-20,66.74568,260.2714,66.74568,86.4832615852356,106.35430824756622,249.82572376728058,488.36001563072205,2024
2024-08-21,86.17413,320.29562,86.17413,165.52361392974854,190.93896484375,310.1778908967972,555.7758576869965,2024
2024-08-22,26.238367,99.640335,26.238367,179.15818214416504,215.59005641937256,329.27698385715485,563.3629701137543,2024
2024-08-23,7.045471,49.053757,7.045471,119.45797157287598,211.6536054611206,321.04552710056305,557.421219587326,2024
2024-08-24,4.2733564,20.900879,4.2733564,37.55719470977783,210.21458959579468,305.7213741540909,552.2328412532806,2024
2024-08-25,8.060171,37.356064,8.060171,19.37899875640869,211.1409797668457,293.1517139673233,557.8282752037048,2024
2024-08-26,2.826891,8.731601,2.826891,15.160418510437012,201.3640718460083,262.20209658145905,559.9804655313492,2024
2024-08-27,0.8076983,6.3397646,0.8076983,11.694760382175446,135.42608839273453,249.5173527598381,547.8391787409782,2024
2024-08-28,1.9254447,8.50516,1.9254447,5.560033977031708,51.177399814128876,243.70584136247635,541.326268017292,2024
2024-08-29,8.675157,47.516335,8.675157,11.408299624919891,33.61418932676315,250.79152125120163,534.622808277607,2024
2024-08-30,3.5017223,20.02337,3.5017223,14.102323651313782,30.070440471172333,252.70596808195114,529.7608240246773,2024
2024-08-31,7.299593,39.902557,7.299593,19.47647190093994,33.096677005290985,249.0236389040947,530.1564458012581,2024
2024-09-01,13.709372,56.058903,13.709372,24.51068687438965,38.74587744474411,257.0206381678581,515.7790787816048,2024
2024-09-02,6.130523,30.186346,6.130523,27.139487743377686,42.04950970411301,256.0173804163933,462.1123188138008,2024
2024-09-03,13.693604,64.79292,13.693604,33.533499240875244,54.935415863990784,257.1071860194206,451.8607252240181,2024
2024-09-04,8.052422,45.952038,8.052422,27.876549243927002,61.062392711639404,198.41392582654953,448.2396495938301,2024
2024-09-05,4.2334323,24.405619,4.2334323,25.979458332061768,56.62066841125488,116.47322481870651,426.6511157155037,2024
2024-09-06,6.2962923,37.30103,6.2962923,18.582146167755127,59.41523838043213,96.53115004301071,425.80813390016556,2024
2024-09-07,1.1682191,20.329197,1.1682191,11.697943687438965,53.28386449813843,90.65389794111252,411.69942504167557,2024
2024-09-08,2.9842434,17.726225,2.9842434,10.448754787445068,42.5587363243103,89.36478489637375,395.08615905046463,2024
2024-09-09,5.1514673,39.571922,5.1514673,9.303929805755615,41.57968044281006,86.45608109235764,379.60779505968094,2024
2024-09-10,3.5149524,21.024578,3.5149524,11.650663137435913,31.401028394699097,87.14414256811142,349.34623914957047,2024
2024-09-11,5.1962476,26.039654,5.1962476,13.862667322158813,28.544854402542114,91.53269183635712,341.0500445961952,2024
2024-09-12,5.2762737,21.098108,5.2762737,13.987473726272583,29.587695837020874,94.88352084159851,338.58936220407486,2024
2024-09-13,2.755761,19.540768,2.755761,13.22828221321106,26.04716444015503,88.96412515640259,339.7556464076042,2024
2024-09-14,1.5223688,10.8766365,1.5223688,9.554403424263,26.40131413936615,86.98477160930634,339.6907396912575,2024
2024-09-15,0.7718437,12.879829,0.7718437,5.049973368644714,24.18891441822052,80.45702230930328,329.480661213398,2024
2024-09-16,0.05330487,0.5608054,0.05330487,2.34751733019948,19.090751964598894,66.80095561221242,323.82159378007054,2024
2024-09-17,1.9675173,20.13641,1.9675173,2.792665798217058,17.543316800147295,62.63794966414571,318.655330080539,2024
2024-09-18,0.52747875,9.825263,0.52747875,2.5483008809387684,12.874547977000475,49.47182394936681,306.57900996878743,2024
2024-09-19,1.7377211,12.04754,1.7377211,4.2327170968055725,9.335995335131884,43.15712346509099,241.57104929164052,2024
2024-09-20,2.0321743,14.564939,2.0321743,4.297374188899994,8.61240877583623,40.955865520983934,157.42909033969045,2024
2024-09-21,0.0,0.0,0.0,3.7698954343795776,7.090039987117052,34.65957321599126,131.19072325900197,2024
2024-09-22,2.13272,10.306245,2.13272,4.164894342422485,8.450916308909655,35.62407412007451,126.27797206118703,2024
2024-09-23,0.026779832,0.5608054,0.026779832,2.1594998259097338,8.424391271546483,32.6666105594486,122.03139545582235,2024
2024-09-24,0.903125,8.604015,0.903125,3.062624813988805,7.359999002888799,28.418268224224448,114.87434931658208,2024
2024-09-25,22.760923,76.72455,22.760923,23.690828206017613,29.5934436339885,47.66423918865621,134.80838175676763,2024
2024-09-26,40.176155,74.59011,40.176155,63.84020346403122,68.03187763877213,82.644146701321,174.17683853767812,2024
2024-09-27,20.87602,64.125175,20.87602,83.8130989074707,86.87572372145951,98.24389340542257,193.12741424702108,2024
2024-09-28,8.26169,48.331593,8.26169,69.3138656616211,95.13741386123002,103.74982263706625,192.71394779346883,2024
2024-09-29,11.915442,43.5176,11.915442,41.0531530380249,104.92013633437455,114.14289631508291,201.12766792438924,2024
2024-09-30,8.2837925,33.421413,8.2837925,28.460925102233887,113.17714899778366,121.65484513901174,202.11186744831502,2024
2024-10-01,9.99141,85.12468,9.99141,30.190645217895508,122.26543426513672,131.59295052476227,198.3939061369747,2024
2024-10-02,7.698247,30.058311,7.698247,25.97344970703125,107.20275783538818,137.3236802238971,199.9616298880428,2024
2024-10-03,18.338257,83.545616,18.338257,36.02791404724121,85.36485958099365,155.13445830531418,204.606282254681,2024
2024-10-04,57.670147,127.64573,57.670147,83.70665073394775,122.15898609161377,211.06688416190445,254.22400762699544,2024
2024-10-05,59.429436,209.5773,59.429436,135.43783950805664,173.32673168182373,268.46414554305375,309.4200110640377,2024
2024-10-06,48.331364,129.94597,48.331364,165.43094635009766,209.7426528930664,316.79550922103226,351.4550824370235,2024
2024-10-07,5.4795485,40.248405,5.4795485,113.24034786224365,206.93840885162354,320.1423376817256,355.76641180180013,2024
2024-10-08,2.6826897,41.73545,2.6826897,56.49360179901123,199.62968826293945,322.79824751615524,355.46485807560384,2024
2024-10-09,4.771025,45.65106,4.771025,12.933263301849365,196.70246648788452,326.6661477088928,355.08441593311727,2024
2024-10-10,3.9487956,33.445305,3.9487956,11.402510404586792,182.31300520896912,307.8540198802948,355.518259068951,2024
2024-10-11,4.4892173,20.095545,4.4892173,13.209038019180298,129.132075548172,272.1670820713043,354.8112287726253,2024
2024-10-12,4.725083,64.725784,4.725083,13.163095712661743,74.42772269248962,256.01614451408386,354.26003791950643,2024
2024-10-13,0.8130052,7.0615,0.8130052,10.027305364608765,26.909364223480225,248.56745958328247,352.3172822203487,2024
2024-10-14,0.0,0.0,0.0,5.538088083267212,21.429815769195557,236.65201711654663,350.79491343162954,2024
2024-10-15,0.14739974,2.021972,0.14739974,0.9604049474000931,18.894525840878487,228.51562435925007,350.1704694982618,2024
2024-10-16,4.1900268,46.7357,4.1900268,4.337426498532295,18.313527420163155,222.71424086391926,354.30719138868153,2024
2024-10-17,2.2183683,18.166754,2.2183683,6.555794790387154,16.58310015499592,217.23436219990253,354.55804242379963,2024
2024-10-18,1.9379328,29.38311,1.9379328,8.346327900886536,14.031815722584724,200.8340382128954,355.9684965182096,2024
2024-10-19,2.2257915,19.086124,2.2257915,6.382092595100403,11.532524302601814,145.3896827250719,356.45656688697636,2024
2024-10-20,0.073471755,1.2350712,0.073471755,4.237196058034897,10.79299084842205,86.03371874988079,354.49786429293454,2024
2024-10-21,0.0,0.0,0.0,2.299263209104538,10.79299084842205,37.702355071902275,354.49786429293454,2024
2024-10-22,0.0039555733,0.20964539,0.0039555733,0.07742732809856534,10.649546683300287,32.22676219092682,352.36909987265244,2024
2024-10-23,0.7991764,6.6038876,0.7991764,0.8031319682486355,7.258696318138391,30.343248919118196,353.14149643527344,2024
2024-10-24,6.5720596,21.87362,6.5720596,7.375191599596292,11.612387657631189,32.1442833696492,358.810431078542,2024
2024-10-25,9.049406,18.872179,9.049406,16.42064207792282,18.723860860336572,37.24489386426285,345.09891374455765,2024
2024-10-26,0.9440787,7.056905,0.9440787,16.565544366836548,17.442148089874536,33.699755266774446,305.86683733807877,2024
2024-10-27,0.041715212,0.6081292,0.041715212,10.035199947655201,17.410391547251493,29.01638760464266,285.0325321187265,2024
2024-10-28,0.0,0.0,0.0,0.9857938960194588,17.410391547251493,28.203382395673543,276.770841978956,2024
2024-10-29,0.0,0.0,0.0,0.04171521216630936,17.40643597394228,28.203382395673543,264.8553995122202,2024
2024-10-30,0.51121473,13.281349,0.51121473,0.5112147331237793,17.118474312126637,28.567197390366346,257.0828217496164,2024
2024-10-31,3.000375,15.524305,3.000375,3.511589765548706,13.546789713203907,27.377545662689954,250.0917865266092,2024
2024-11-01,1.2216522,16.030136,1.2216522,4.73324191570282,5.719035811722279,26.38082952098921,243.61519172089174,2024
2024-11-02,3.5179594,17.399094,3.5179594,7.739986538887024,8.292916484177113,27.960856028366834,228.79489424126223,2024
2024-11-03,0.0,0.0,0.0,4.739611506462097,8.251201272010803,25.73506457405165,171.12474729912356,2024
2024-11-04,0.0,0.0,0.0,3.5179593563079834,8.251201272010803,25.661592819262296,111.69531156914309,2024
2024-11-05,1.9921149,19.051966,1.9921149,1.9921149015426636,10.243316173553467,27.65370772080496,65.35606279270723,2024
2024-11-06,2.6333885,17.626436,2.6333885,4.625503420829773,12.365489959716797,30.283140666782856,62.509902857709676,2024
2024-11-07,0.7875842,6.9433136,0.7875842,5.413087606430054,10.15269911289215,30.271548457443714,60.61479737656191,2024
2024-11-08,0.0,0.0,0.0,3.42097270488739,8.931046962738037,23.699488826096058,55.84377219574526,2024
2024-11-09,0.0,0.0,0.0,0.7875841856002808,5.413087606430054,14.650082774460316,51.894976638723165,2024
2024-11-10,0.0,0.0,0.0,0.0,5.413087606430054,13.706004090607166,47.40575935738161,2024
2024-11-11,0.0,0.0,0.0,0.0,5.413087606430054,13.664288878440857,42.680676483083516,2024
2024-11-12,0.0,0.0,0.0,0.0,3.42097270488739,13.664288878440857,41.8676712741144,2024
2024-11-13,0.0,0.0,0.0,0.0,0.7875841856002808,13.664288878440857,41.8676712741144,2024
2024-11-14,0.0,0.0,0.0,0.0,0.0,13.153074145317078,41.72027153568342,2024
2024-11-15,0.0,0.0,0.0,0.0,0.0,10.15269911289215,37.530244775582105,2024
2024-11-16,0.0,0.0,0.0,0.0,0.0,8.931046962738037,35.31187648372725,2024
2024-11-17,0.0,0.0,0.0,0.0,0.0,5.413087606430054,33.37394363479689,2024
2024-11-18,0.0,0.0,0.0,0.0,0.0,5.413087606430054,31.148152180481702,2024
2024-11-19,0.0,0.0,0.0,0.0,0.0,5.413087606430054,31.07468042569235,2024
2024-11-20,0.0,0.0,0.0,0.0,0.0,3.42097270488739,31.07468042569235,2024
2024-11-21,0.02830095,1.4999504,0.02830095,0.028300950303673744,0.028300950303673744,0.8158851359039545,31.09902580268681,2024
2024-11-22,0.106332526,1.784171,0.106332526,0.1346334759145975,0.1346334759145975,0.1346334759145975,30.40618193335831,2024
2024-11-23,0.008736604,0.17511332,0.008736604,0.14337007980793715,0.14337007980793715,0.14337007980793715,23.842858905903995,2024
2024-11-24,0.16733234,3.774208,0.16733234,0.28240146581083536,0.3107024161145091,0.3107024161145091,14.960785190574825,2024
2024-11-25,0.0,0.0,0.0,0.1760689401999116,0.3107024161145091,0.3107024161145091,14.016706506721675,2024
2024-11-26,0.0,0.0,0.0,0.16733233630657196,0.3107024161145091,0.3107024161145091,13.974991294555366,2024
2024-11-27,0.0,0.0,0.0,0.0,0.3107024161145091,0.3107024161145091,13.974991294555366,2024
2024-11-28,0.0,0.0,0.0,0.0,0.28240146581083536,0.3107024161145091,13.974991294555366,2024
2024-11-29,0.019923244,1.0559319,0.019923244,0.019923243671655655,0.19599218387156725,0.33062565978616476,13.483699805103242,2024
2024-11-30,0.0,0.0,0.0,0.019923243671655655,0.18725557997822762,0.33062565978616476,10.483324772678316,2024
2024-12-01,0.0,0.0,0.0,0.019923243671655655,0.019923243671655655,0.33062565978616476,9.261672622524202,2024
2024-12-02,0.0,0.0,0.0,0.0,0.019923243671655655,0.33062565978616476,5.7437132662162185,2024
2024-12-03,0.0,0.0,0.0,0.0,0.019923243671655655,0.33062565978616476,5.7437132662162185,2024
2024-12-04,0.0,0.0,0.0,0.0,0.019923243671655655,0.33062565978616476,5.7437132662162185,2024
2024-12-05,0.04957267,0.993945,0.04957267,0.049572668969631195,0.06949591264128685,0.38019832875579596,3.801171033643186,2024
2024-12-06,0.0,0.0,0.0,0.049572668969631195,0.049572668969631195,0.3518973784521222,1.1677825143560767,2024
2024-12-07,0.634595,9.958033,0.634595,0.6841676458716393,0.6841676458716393,0.8801598297432065,1.014793305657804,2024
2024-12-08,0.0,0.0,0.0,0.6345949769020081,0.6841676458716393,0.8714232258498669,1.014793305657804,2024
2024-12-09,0.0,0.0,0.0,0.6345949769020081,0.6841676458716393,0.7040908895432949,1.014793305657804,2024
2024-12-10,0.0,0.0,0.0,0.0,0.6841676458716393,0.7040908895432949,1.014793305657804,2024
2024-12-11,0.0,0.0,0.0,0.0,0.6841676458716393,0.7040908895432949,1.014793305657804,2024
2024-12-12,0.0,0.0,0.0,0.0,0.6345949769020081,0.7040908895432949,1.014793305657804,2024
2024-12-13,0.0,0.0,0.0,0.0,0.6345949769020081,0.7040908895432949,1.014793305657804,2024
2024-12-14,0.0,0.0,0.0,0.0,0.0,0.6841676458716393,1.014793305657804,2024
2024-12-15,0.0,0.0,0.0,0.0,0.0,0.6841676458716393,1.014793305657804,2024
2024-12-16,0.0,0.0,0.0,0.0,0.0,0.6841676458716393,1.014793305657804,2024
2024-12-17,0.0,0.0,0.0,0.0,0.0,0.6841676458716393,1.014793305657804,2024
2024-12-18,0.0,0.0,0.0,0.0,0.0,0.6841676458716393,1.014793305657804,2024
2024-12-19,0.0,0.0,0.0,0.0,0.0,0.6841676458716393,1.014793305657804,2024
2024-12-20,0.0,0.0,0.0,0.0,0.0,0.6345949769020081,1.014793305657804,2024
2024-12-21,0.0,0.0,0.0,0.0,0.0,0.6345949769020081,0.9864923553541303,2024
2024-12-22,0.0,0.0,0.0,0.0,0.0,0.0,0.8801598297432065,2024
2024-12-23,0.0,0.0,0.0,0.0,0.0,0.0,0.8714232258498669,2024
2024-12-24,0.0,0.0,0.0,0.0,0.0,0.0,0.7040908895432949,2024
2024-12-25,0.0,0.0,0.0,0.0,0.0,0.0,0.7040908895432949,2024
2024-12-26,0.0,0.0,0.0,0.0,0.0,0.0,0.7040908895432949,2024
2024-12-27,0.0,0.0,0.0,0.0,0.0,0.0,0.7040908895432949,2024
2024-12-28,0.0,0.0,0.0,0.0,0.0,0.0,0.7040908895432949,2024
2024-12-29,0.0,0.0,0.0,0.0,0.0,0.0,0.6841676458716393,2024
2024-12-30,0.0,0.0,0.0,0.0,0.0,0.0,0.6841676458716393,2024
2024-12-31,0.0,0.0,0.0,0.0,0.0,0.0,0.6841676458716393,2024
2025-01-01,0.0,0.0,0.0,0.0,0.0,0.0,0.6841676458716393,2025
2025-01-02,0.0,0.0,0.0,0.0,0.0,0.0,0.6841676458716393,2025
2025-01-03,0.0,0.0,0.0,0.0,0.0,0.0,0.6841676458716393,2025
2025-01-04,0.0,0.0,0.0,0.0,0.0,0.0,0.6345949769020081,2025
2025-01-05,0.0,0.0,0.0,0.0,0.0,0.0,0.6345949769020081,2025
2025-01-06,0.0,0.0,0.0,0.0,0.0,0.0,0.0,2025
2025-01-07,0.0,0.0,0.0,0.0,0.0,0.0,0.0,2025
2025-01-08,1.2869658,8.596175,1.2869658,1.2869658470153809,1.2869658470153809,1.2869658470153809,1.2869658470153809,2025
2025-01-09,0.14795345,2.6507099,0.14795345,1.43491929769516,1.43491929769516,1.43491929769516,1.43491929769516,2025
2025-01-10,0.0,0.0,0.0,1.43491929769516,1.43491929769516,1.43491929769516,1.43491929769516,2025
2025-01-11,0.0,0.0,0.0,0.14795345067977905,1.43491929769516,1.43491929769516,1.43491929769516,2025
2025-01-12,0.0,0.0,0.0,0.0,1.43491929769516,1.43491929769516,1.43491929769516,2025
2025-01-13,0.0,0.0,0.0,0.0,1.43491929769516,1.43491929769516,1.43491929769516,2025
2025-01-14,0.0,0.0,0.0,0.0,1.43491929769516,1.43491929769516,1.43491929769516,2025
2025-01-15,0.0,0.0,0.0,0.0,0.14795345067977905,1.43491929769516,1.43491929769516,2025
2025-01-16,0.0,0.0,0.0,0.0,0.0,1.43491929769516,1.43491929769516,2025
2025-01-17,0.0,0.0,0.0,0.0,0.0,1.43491929769516,1.43491929769516,2025
2025-01-18,0.0,0.0,0.0,0.0,0.0,1.43491929769516,1.43491929769516,2025
2025-01-19,0.0,0.0,0.0,0.0,0.0,1.43491929769516,1.43491929769516,2025
2025-01-20,0.0,0.0,0.0,0.0,0.0,1.43491929769516,1.43491929769516,2025
2025-01-21,0.0,0.0,0.0,0.0,0.0,1.43491929769516,1.43491929769516,2025
2025-01-22,0.0,0.0,0.0,0.0,0.0,1.43491929769516,1.43491929769516,2025
2025-01-23,0.0,0.0,0.0,0.0,0.0,0.14795345067977905,1.43491929769516,2025
2025-01-24,0.0,0.0,0.0,0.0,0.0,0.0,1.43491929769516,2025
2025-01-25,0.0,0.0,0.0,0.0,0.0,0.0,1.43491929769516,2025
2025-01-26,0.0,0.0,0.0,0.0,0.0,0.0,1.43491929769516,2025
2025-01-27,0.0,0.0,0.0,0.0,0.0,0.0,1.43491929769516,2025
2025-01-28,0.017687827,0.29641712,0.017687827,0.017687827348709106,0.017687827348709106,0.017687827348709106,1.452607125043869,2025
2025-01-29,0.16253804,2.371337,0.16253804,0.18022586405277252,0.18022586405277252,0.18022586405277252,1.6151451617479324,2025
2025-01-30,0.0,0.0,0.0,0.18022586405277252,0.18022586405277252,0.18022586405277252,1.6151451617479324,2025
2025-01-31,0.15945044,2.4811237,0.15945044,0.3219884783029556,0.33967630565166473,0.33967630565166473,1.7745956033468246,2025
2025-02-01,0.0,0.0,0.0,0.1594504415988922,0.33967630565166473,0.33967630565166473,1.7745956033468246,2025
2025-02-02,0.0,0.0,0.0,0.1594504415988922,0.33967630565166473,0.33967630565166473,1.7745956033468246,2025
2025-02-03,0.0,0.0,0.0,0.0,0.33967630565166473,0.33967630565166473,1.7745956033468246,2025
2025-02-04,0.0,0.0,0.0,0.0,0.3219884783029556,0.33967630565166473,1.7745956033468246,2025
2025-02-05,0.0,0.0,0.0,0.0,0.1594504415988922,0.33967630565166473,1.7745956033468246,2025
2025-02-06,0.0,0.0,0.0,0.0,0.1594504415988922,0.33967630565166473,1.7745956033468246,2025
2025-02-07,0.0,0.0,0.0,0.0,0.0,0.33967630565166473,0.4876297563314438,2025
2025-02-08,0.0,0.0,0.0,0.0,0.0,0.33967630565166473,0.33967630565166473,2025
2025-02-09,0.0,0.0,0.0,0.0,0.0,0.33967630565166473,0.33967630565166473,2025
2025-02-10,0.0,0.0,0.0,0.0,0.0,0.33967630565166473,0.33967630565166473,2025
2025-02-11,0.0,0.0,0.0,0.0,0.0,0.33967630565166473,0.33967630565166473,2025
2025-02-12,0.09606365,1.6784071,0.09606365,0.09606365114450455,0.09606365114450455,0.4180521294474602,0.4357399567961693,2025
2025-02-13,0.22356689,2.7730205,0.22356689,0.31963054090738297,0.31963054090738297,0.4790809825062752,0.6593068465590477,2025
2025-02-14,0.1503576,3.2811007,0.1503576,0.4699881449341774,0.4699881449341774,0.6294385865330696,0.8096644505858421,2025
2025-02-15,0.0,0.0,0.0,0.37392449378967285,0.4699881449341774,0.4699881449341774,0.8096644505858421,2025
2025-02-16,0.0,0.0,0.0,0.15035760402679443,0.4699881449341774,0.4699881449341774,0.8096644505858421,2025
2025-02-17,0.0,0.0,0.0,0.0,0.4699881449341774,0.4699881449341774,0.8096644505858421,2025
2025-02-18,0.015311486,0.27158272,0.015311486,0.015311486087739468,0.48529963102191687,0.48529963102191687,0.8249759366735816,2025
2025-02-19,0.51786447,7.1212993,0.51786447,0.5331759518012404,0.9071004455909133,1.0031640967354178,1.3428404023870826,2025
2025-02-20,0.0,0.0,0.0,0.5331759518012404,0.6835335558280349,1.0031640967354178,1.3428404023870826,2025
2025-02-21,0.0,0.0,0.0,0.517864465713501,0.5331759518012404,1.0031640967354178,1.3428404023870826,2025
2025-02-22,0.189325,0.91076756,0.189325,0.1893250048160553,0.7225009566172957,1.1924891015514731,1.5321654072031379,2025
2025-02-23,1.1063772,9.107676,1.1063772,1.2957022488117218,1.8288782006129622,2.2988663455471396,2.6385426511988044,2025
2025-02-24,2.509307,8.748863,2.509307,3.8050091564655304,4.338185108266771,4.808173253200948,5.147849558852613,2025
2025-02-25,0.0,0.0,0.0,3.615684151649475,4.322873622179031,4.808173253200948,5.147849558852613,2025
2025-02-26,0.0,0.0,0.0,2.5093069076538086,3.8050091564655304,4.808173253200948,5.147849558852613,2025
2025-02-27,0.0,0.0,0.0,0.0,3.8050091564655304,4.712109602056444,5.130161731503904,2025
2025-02-28,0.0,0.0,0.0,0.0,3.8050091564655304,4.488542712293565,4.9676236947998405,2025
2025-03-01,0.0,0.0,0.0,0.0,3.615684151649475,4.338185108266771,4.9676236947998405,2025
2025-03-02,0.050094042,1.0089352,0.050094042,0.05009404197335243,2.559400949627161,4.388279150240123,4.858267295174301,2025
2025-03-03,0.0,0.0,0.0,0.05009404197335243,0.05009404197335243,4.388279150240123,4.858267295174301,2025
2025-03-04,0.0,0.0,0.0,0.05009404197335243,0.05009404197335243,4.388279150240123,4.858267295174301,2025
2025-03-05,0.0,0.0,0.0,0.0,0.05009404197335243,4.372967664152384,4.858267295174301,2025
2025-03-06,0.0,0.0,0.0,0.0,0.05009404197335243,3.855103198438883,4.858267295174301,2025
2025-03-07,0.0,0.0,0.0,0.0,0.05009404197335243,3.855103198438883,4.858267295174301,2025
2025-03-08,0.0,0.0,0.0,0.0,0.05009404197335243,3.855103198438883,4.858267295174301,2025
2025-03-09,0.0,0.0,0.0,0.0,0.0,3.6657781936228275,4.858267295174301,2025
2025-03-10,0.009900942,0.24442786,0.009900942,0.00990094244480133,0.00990094244480133,2.5693018920719624,4.868168237619102,2025
2025-03-11,0.0,0.0,0.0,0.00990094244480133,0.00990094244480133,0.05999498441815376,4.868168237619102,2025
2025-03-12,0.12508495,1.562893,0.12508495,0.13498589396476746,0.13498589396476746,0.1850799359381199,4.993253189139068,2025
2025-03-13,4.406443,21.185701,4.406443,4.531528070569038,4.54142901301384,4.591523054987192,9.39969630818814,2025
2025-03-14,1.993819,19.382658,1.993819,6.52534706890583,6.535248011350632,6.585342053323984,11.297451655380428,2025
2025-03-15,0.9138869,10.479144,0.9138869,7.314149022102356,7.449134916067123,7.499228958040476,11.987771670334041,2025
2025-03-16,3.371576,55.164246,3.371576,6.279281973838806,10.820710986852646,10.870805028825998,15.20899013709277,2025
2025-03-17,0.30637076,4.7639847,0.30637076,4.591833740472794,11.117180809378624,11.127081751823425,15.515360902063549,2025
2025-03-18,0.6053315,13.153508,0.6053315,4.283278316259384,11.722512289881706,11.732413232326508,16.12069238256663,2025
2025-03-19,0.047746684,1.2386856,0.047746684,0.9594489298760891,11.645174022763968,11.780159916728735,16.16843906696886,2025
2025-03-20,0.059934087,1.6670991,0.059934087,0.7130122520029545,7.29866499081254,11.84009400382638,16.213061667978764,2025
2025-03-21,0.5253676,7.1176214,0.5253676,0.6330483891069889,5.830213610082865,12.365461621433496,16.22056481987238,2025
2025-03-22,0.27915102,4.7819667,0.27915102,0.8644527271389961,5.195477727800608,12.644612643867731,16.499715842306614,2025
2025-03-23,0.9548399,6.557526,0.9548399,1.759358525276184,2.778741542249918,13.599452529102564,17.454555727541447,2025
2025-03-24,3.2230997,24.270006,3.2230997,4.457090616226196,5.6954704858362675,16.822552237659693,20.48833043128252,2025
2025-03-25,0.0,0.0,0.0,4.177939593791962,5.090139005333185,16.81265129521489,19.381953187286854,2025
2025-03-26,0.0,0.0,0.0,3.223099708557129,5.042392320930958,16.81265129521489,16.872646279633045,2025
2025-03-27,0.0,0.0,0.0,0.0,4.982458233833313,16.687566343694925,16.872646279633045,2025
2025-03-28,0.0,0.0,0.0,0.0,4.457090616226196,12.281123224645853,16.872646279633045,2025
2025-03-29,0.0,0.0,0.0,0.0,4.177939593791962,10.287304226309061,16.872646279633045,2025
2025-03-30,0.0,0.0,0.0,0.0,3.223099708557129,9.37341732159257,16.872646279633045,2025
2025-03-31,0.0,0.0,0.0,0.0,0.0,6.001841250807047,16.872646279633045,2025
2025-04-01,4.235004,81.62496,4.235004,4.23500394821167,4.23500394821167,9.930474434047937,21.057556185871363,2025
2025-04-02,3.9806168,24.681015,3.9806168,8.215620756149292,8.215620756149292,13.305759761482477,25.038172993808985,2025
2025-04-03,0.4196457,7.3011866,0.4196457,8.635266453027725,8.635266453027725,13.677658773958683,25.457818690687418,2025
2025-04-04,0.0,0.0,0.0,4.400262504816055,8.635266453027725,13.617724686861038,25.457818690687418,2025
2025-04-05,0.015212031,0.34310982,0.015212031,0.4348577279597521,8.650478484109044,13.10756910033524,25.473030721768737,2025
2025-04-06,1.0724219,6.2404466,1.0724219,1.08763393945992,9.722900392487645,13.900839986279607,26.545452630147338,2025
2025-04-07,14.523502,78.334915,14.523502,15.611136289313436,24.24640274234116,27.46950245089829,41.06895498000085,2025
2025-04-08,0.06257301,1.7556686,0.06257301,15.658497266471386,20.07397180236876,24.30897575058043,41.13152798824012,2025
2025-04-09,1.1670883,9.661596,1.1670883,15.753163628280163,17.260443264618516,25.476064020767808,42.2887153159827,2025
2025-04-10,0.80690354,16.208141,0.80690354,2.0365648195147514,17.647701108828187,26.282967561855912,43.095618857070804,2025
2025-04-11,16.9482,77.348724,16.9482,18.92219203710556,34.595901334658265,43.23116778768599,59.918734131380916,2025
2025-04-12,8.134831,17.14522,8.134831,25.889935195446014,42.71552073210478,51.36599921621382,63.647122440859675,2025
2025-04-13,5.587628,30.579536,5.587628,30.67065954208374,47.23072671145201,56.95362710393965,67.24093133024871,2025
2025-04-14,6.897518,32.2209,6.897518,20.619977474212646,39.604742519557476,63.85114526189864,73.2245625834912,2025
2025-04-15,0.7781082,3.7760947,0.7781082,13.263254225254059,40.32027769088745,64.62925344146788,70.63109469227493,2025
2025-04-16,2.251549,9.692711,2.251549,9.927175343036652,41.404738426208496,62.645798498764634,72.57627293281257,2025
2025-04-17,5.033697,14.957583,5.033697,8.063354313373566,45.63153201341629,63.69887881912291,77.00463858060539,2025
2025-04-18,5.187319,19.95986,5.187319,12.472564935684204,33.870650589466095,68.46655192412436,82.14421069808304,2025
2025-04-19,1.6579113,15.806144,1.6579113,11.878927230834961,27.393730461597443,70.12446322478354,83.74218791164458,2025
2025-04-20,8.976302,45.826008,8.976302,15.821532249450684,30.782404720783234,79.08555334061384,92.19312244094908,2025
2025-04-21,4.709601,34.09045,4.709601,15.343814373016357,28.594487488269806,82.7227323576808,96.6235723439604,2025
2025-04-22,4.263293,26.14336,4.263293,17.949195861816406,32.07967209815979,72.46252279728651,99.9320252481848,2025
2025-04-23,20.302572,106.84601,20.302572,29.275465965270996,50.13069534301758,92.70252203941345,117.01149778999388,2025
2025-04-24,6.5206265,52.997795,6.5206265,31.086491584777832,51.61762475967407,98.05606031417847,123.53212433494627,2025
2025-04-25,24.535116,297.29257,24.535116,51.358314990997314,70.9654221534729,121.78427296876907,148.06724053062499,2025
2025-04-26,16.356276,153.19905,16.356276,47.41201829910278,85.6637864112854,121.19234830141068,164.42351608909667,2025
2025-04-27,9.754123,30.163048,9.754123,50.645514488220215,86.4416069984436,122.81163960695267,174.1776388231665,2025
2025-04-28,10.619522,38.7903,10.619522,36.729920387268066,92.35152816772461,127.8435338139534,184.79716091789305,2025
2025-04-29,7.7784038,31.042313,7.7784038,28.152048587799072,95.86663913726807,128.7244194149971,192.57556467689574,2025
2025-04-30,3.144401,11.530756,3.144401,21.54232692718506,78.70846796035767,131.09071230888367,195.71996575035155,2025
2025-05-01,0.7033703,3.5878904,0.7033703,11.626175105571747,72.89121168851852,129.5425335764885,192.18833207525313,2025
2025-05-02,5.969365,17.457737,5.969365,9.817136466503143,54.325460612773895,130.47820156812668,194.1770803872496,2025
2025-05-03,2.4739444,11.369997,2.4739444,9.146679818630219,40.4431294798851,127.76482719182968,196.23137911595404,2025
2025-05-04,1.9476742,9.668971,1.9476742,10.390983700752258,32.63668090105057,128.0545900464058,198.17905327118933,2025
2025-05-05,1.961006,12.50162,1.961006,6.382624626159668,23.978164851665497,121.03929394483566,200.1248472854495,2025
2025-05-06,13.678855,70.07587,13.678855,17.58753514289856,29.87861603498459,130.00854796171188,212.73128031939268,2025
2025-05-07,4.904617,19.662268,4.904617,20.544477820396423,31.638831794261932,130.6498720049858,203.11239480227232,2025
2025-05-08,7.382705,22.32306,7.382705,25.966176986694336,38.318166732788086,117.730004966259,210.43252700567245,2025
2025-05-09,4.609165,21.57321,4.609165,16.89648723602295,36.957966804504395,115.818543612957,213.87460392713547,2025
2025-05-10,4.7195287,34.91153,4.7195287,16.71139907836914,39.203551054000854,96.00295609235764,217.7872290611267,2025
2025-05-11,10.167494,27.380116,10.167494,19.496187686920166,47.423370718955994,89.81417435407639,211.00652265548706,2025
2025-05-12,23.247524,72.77956,23.247524,38.134546756744385,68.70988893508911,103.30757588148117,226.11921548843384,2025
2025-05-13,16.686453,58.85305,16.686453,50.101470947265625,71.71748685836792,109.3745066523552,237.2180404663086,2025
2025-05-14,63.283134,172.75955,63.283134,103.21711158752441,130.09600448608398,164.87923735380173,293.6036567687988,2025
2025-05-15,27.391088,66.60825,27.391088,107.36067581176758,150.10438776016235,189.1259247660637,320.21663707494736,2025
2025-05-16,5.601888,19.079906,5.601888,96.27611112594604,151.09711074829102,194.0244426727295,323.566976249218,2025
2025-05-17,15.794855,45.01317,15.794855,48.78783178329468,162.17243719100952,203.84993267059326,334.32813423871994,2025
2025-05-18,17.984043,54.278286,17.984043,39.380786418914795,169.98898649215698,219.36003136634827,347.12485855817795,2025
2025-05-19,17.117064,72.92757,17.117064,50.89596176147461,163.85852575302124,234.52942073345184,362.58401077985764,2025
2025-05-20,80.98046,216.85284,80.98046,116.08156776428223,228.15253400802612,313.5488758087158,434.5881697535515,2025
2025-05-21,41.00046,103.68737,41.00046,139.09798622131348,205.86986112594604,340.8704824447632,470.87903040647507,2025
2025-05-22,13.029523,48.13951,13.029523,135.0104455947876,191.50829553604126,348.995388507843,479.6452605128288,2025
2025-05-23,1.6665612,18.989872,1.6665612,55.6965457201004,187.57296860218048,343.2792445421219,461.0092495083809,2025
2025-05-24,1.7268267,15.3359785,1.7268267,16.422910809516907,173.50494015216827,340.39690601825714,456.21544963121414,2025
2025-05-25,3.3785872,16.039154,3.3785872,6.771975159645081,158.89948427677155,339.05596458911896,435.0589206814766,2025
2025-05-26,19.544638,51.261578,19.544638,24.650051593780518,161.3270584344864,348.43310844898224,438.2472828030586,2025
2025-05-27,18.261465,57.704494,18.261465,41.18468999862671,98.60806238651276,343.44704926013947,446.75462514162064,2025
2025-05-28,0.7404414,7.128699,0.7404414,38.54654413461685,58.34804219007492,327.5010377764702,436.8755444288254,2025
2025-05-29,11.98278,39.29408,11.98278,30.98468691110611,57.3012997508049,276.20068377256393,441.07992112636566,2025
2025-05-30,115.13094,275.64966,115.13094,127.85416513681412,170.76568180322647,363.940538585186,553.0664633512497,2025
2025-05-31,112.66238,395.5573,112.66238,239.7761001586914,281.7012315392494,471.00102680921555,665.025469481945,2025
2025-06-01,64.60249,367.28802,64.60249,292.39581298828125,342.92513757944107,519.8086649775505,723.6585976481438,2025
2025-06-02,19.643269,64.60487,19.643269,196.90813827514648,343.02376848459244,521.4678904414177,740.827921807766,2025
2025-06-03,19.563852,83.48044,19.563852,103.80961418151855,344.32615572214127,523.9146792292595,758.4440999627113,2025
2025-06-04,8.625251,53.312527,8.625251,47.83237171173096,352.2109651565552,451.55946892499924,765.1083447337151,2025
2025-06-05,33.14223,169.56172,33.14223,61.33133411407471,373.37041568756104,443.7012383341789,784.5717207789421,2025
2025-06-06,10.966047,59.31171,10.966047,52.73352909088135,269.2055196762085,441.63776272535324,790.6331512331963,2025
2025-06-07,1.7017233,9.530229,1.7017233,45.810001611709595,158.24486660957336,441.67292481660843,784.9521693587303,2025
2025-06-08,1.2158369,10.678392,1.2158369,13.883607506752014,94.8582102060318,441.16193503141403,781.5588410496712,2025
2025-06-09,0.26678374,3.2167444,0.26678374,3.1843439638614655,75.48172536492348,438.0501315295696,777.1060961186886,2025
2025-06-10,0.58065385,9.573423,0.58065385,2.063274472951889,56.4985269010067,419.0861476957798,767.519256144762,2025
2025-06-11,2.0007575,9.005844,2.0007575,2.848195046186447,49.87403354048729,402.82544007897377,746.2724893391132,2025
2025-06-12,4.391566,49.112076,4.391566,6.972977101802826,21.123368352651596,406.4765644967556,733.9776022732258,2025
2025-06-13,0.378518,3.4507432,0.378518,6.7708412408828735,10.535839051008224,394.87230202555656,671.0729857981205,2025
2025-06-14,1.7420778,15.904259,1.7420778,6.512161612510681,10.576193541288376,281.48343655467033,645.4239751398563,2025
2025-06-15,5.976493,38.836296,5.976493,8.097088694572449,15.33684954047203,174.79755303263664,645.7985798418522,2025
2025-06-16,16.439491,59.31399,16.439491,24.158061981201172,31.50955706834793,126.63455101847649,646.443215996027,2025
2025-06-17,14.70104,52.907883,14.70104,37.117024421691895,45.62994349002838,121.69232270121574,643.1602131426334,2025
2025-06-18,17.17489,77.87531,17.17489,48.31542205810547,60.80407655239105,119.30336090922356,643.218040138483,2025
2025-06-19,45.350014,270.55557,45.350014,77.22594451904297,101.76252448558807,156.0281238257885,607.5875927507877,2025
2025-06-20,15.957819,77.10884,15.957819,78.48272323608398,117.34182548522949,138.84371182322502,582.544950157404,2025
2025-06-21,15.749472,76.32066,15.749472,77.05730438232422,131.3492193222046,143.62713620066643,585.2648989260197,2025
2025-06-22,6.438463,29.091593,6.438463,38.14575386047363,131.81118965148926,148.36387607455254,590.036800891161,2025
2025-06-23,16.224483,49.197285,16.224483,38.412418365478516,131.59618186950684,163.37252268195152,604.5344577133656,2025
2025-06-24,11.525686,35.07447,11.525686,34.18863296508789,128.4208278656006,174.63142520189285,612.6815567314625,2025
2025-06-25,19.608307,57.552853,19.608307,47.358476638793945,130.85424423217773,193.6590782403946,612.7452259361744,2025
2025-06-26,8.441316,49.913864,8.441316,39.57530879974365,93.94554615020752,200.09963643550873,602.9250765144825,2025
2025-06-27,3.3431394,33.42048,3.3431394,31.392761945724487,81.33086657524109,199.0512100458145,605.5277745425701,2025
2025-06-28,3.8441064,24.185478,3.8441064,15.62856149673462,69.42550134658813,202.51679849624634,597.3891005218029,2025
2025-06-29,2.9990141,14.785148,2.9990141,10.186259984970093,65.98605227470398,203.77373480796814,485.2571713626385,2025
2025-06-30,15.968033,64.09026,15.968033,22.811153411865234,65.72960162162781,213.7652747631073,388.56282779574394,2025
2025-07-01,10.994328,66.252075,10.994328,29.961374521255493,65.19824290275574,208.32011103630066,334.95466205477715,2025
2025-07-02,19.855886,69.102936,19.855886,46.818246841430664,65.4458224773407,213.4749572277069,335.16727992892265,2025
2025-07-03,5.916609,18.799555,5.916609,36.766822814941406,62.92111563682556,202.21667551994324,321.5200364291668,2025
2025-07-04,11.899358,87.90496,11.899358,37.67185306549072,71.47733402252197,168.7660195827484,324.7941434085369,2025
2025-07-05,21.141806,67.813095,21.141806,38.95777225494385,88.77503323554993,173.95000624656677,312.7937180697918,2025
2025-07-06,18.78446,67.94937,18.78446,51.825623512268066,104.56047916412354,176.98499464988708,320.6121308505535,2025
2025-07-07,8.93585,57.97485,8.93585,48.86211585998535,97.52829647064209,179.48238158226013,327.84625765681267,2025
2025-07-08,7.901448,74.4439,7.901448,35.62175798416138,94.43541669845581,171.15934586524963,334.53186854720116,2025
2025-07-09,14.029576,91.23856,14.029576,30.86687421798706,88.60910654067993,173.66323590278625,348.2946611046791,2025
2025-07-10,10.252913,81.28074,10.252913,32.183937549591064,92.94541120529175,164.30784249305725,357.96692073345184,2025
2025-07-11,3.5739965,36.70966,3.5739965,27.856486320495605,84.6200499534607,159.4405233860016,359.5401598215103,2025
2025-07-12,0.49510577,7.06028,0.49510577,14.322015792131424,63.97335007786751,156.5924897491932,355.6436997950077,2025
2025-07-13,5.2829194,27.991152,5.2829194,9.352021723985672,50.471809417009354,158.0313027203083,360.54810121655464,2025
2025-07-14,3.1536784,56.404743,3.1536784,8.931703597307205,44.68963769078255,158.1859669983387,361.95970180630684,2025
2025-07-15,13.630871,39.10325,13.630871,22.067468643188477,50.41906073689461,155.84880498051643,369.61407974362373,2025
2025-07-16,12.807918,40.493477,12.807918,29.592466831207275,49.19740203022957,157.6623950302601,365.98250606656075,2025
2025-07-17,9.178917,61.383213,9.178917,35.61770534515381,48.12340548634529,146.98542550206184,360.46038272976875,2025
2025-07-18,3.3910062,12.190934,3.3910062,25.377840757369995,47.940415173769,144.45982292294502,346.67649844288826,2025
2025-07-19,2.0362074,12.504073,2.0362074,14.606130599975586,49.48151683807373,134.59667256474495,303.36269214749336,2025
2025-07-20,10.459992,49.135605,10.459992,15.887206077575684,54.6585898399353,123.91485932469368,297.86486557126045,2025
2025-07-21,9.73583,30.149328,9.73583,22.232030153274536,61.24074172973633,114.86622956395149,291.8512242138386,2025
2025-07-22,10.040759,37.632877,10.040759,30.236581802368164,57.65062999725342,115.97113850712776,295.4535200893879,2025
2025-07-23,2.6431396,14.595476,2.6431396,22.419728994369507,47.485852003097534,110.71283033490181,281.87217620015144,2025
2025-07-24,1.3870695,10.069586,1.3870695,14.07096815109253,39.69400453567505,98.07032349705696,271.7335593998432,2025
2025-07-25,8.4774275,18.34481,8.4774275,12.507636547088623,44.780425786972046,96.29483750462532,260.60267999768257,2025
2025-07-26,7.519938,27.562832,7.519938,17.384434938430786,50.264156341552734,100.24077895283699,259.6813023388386,2025
2025-07-27,29.301516,123.61893,29.301516,45.29888105392456,69.10567951202393,129.0471887588501,285.6396785080433,2025
2025-07-28,32.71374,161.18636,32.71374,69.53519487380981,92.08359050750732,156.47801065444946,314.50931337475777,2025
2025-07-29,6.9840345,33.91893,6.9840345,68.99929141998291,89.02686595916748,160.3083667755127,318.4943337738514,2025
2025-07-30,16.222137,89.42165,16.222137,55.91991329193115,102.60586380958557,162.89963340759277,318.7484383881092,2025
2025-07-31,9.378654,75.90454,9.378654,32.58482551574707,110.59744787216187,159.47036933898926,317.13276436924934,2025
2025-08-01,13.635458,105.841576,13.635458,39.23624897003174,115.7554783821106,163.92691040039062,310.91233590245247,2025
2025-08-02,30.768772,188.80159,30.768772,53.782883644104004,139.0043125152588,191.30467629432678,335.7644992172718,2025
2025-08-03,47.605053,290.1642,47.605053,92.0092830657959,157.3078498840332,236.87352180480957,371.4701943695545,2025
2025-08-04,37.660114,157.44475,37.660114,116.03393936157227,162.25422286987305,264.0736436843872,387.9885030090809,2025
2025-08-05,24.99242,128.31943,24.99242,110.25758743286133,180.2626085281372,279.3302335739136,394.19646313786507,2025
2025-08-06,8.480918,32.668167,8.480918,71.13345241546631,172.52138900756836,277.7703924179077,393.7415309250355,2025
2025-08-07,11.094905,75.912994,11.094905,44.5682430267334,174.23764038085938,286.2221577167511,396.9349880516529,2025
2025-08-08,12.555361,51.981197,12.555361,32.13118362426758,173.15754318237305,297.3904490470886,395.4607725441456,2025
2025-08-09,12.747011,74.38131,12.747011,36.397276878356934,155.1357822418213,301.660032749176,397.95487025380135,2025
2025-08-10,27.74173,146.46509,27.74173,53.04410171508789,135.27245903015137,321.8818244934082,422.1226034462452,2025
2025-08-11,26.973278,140.18163,26.973278,67.4620189666748,124.58562278747559,319.55358695983887,448.60077571868896,2025
2025-08-12,13.408554,64.59778,13.408554,68.12356185913086,113.00175666809082,300.24839973449707,456.72641038894653,2025
2025-08-13,20.190552,63.171974,20.190552,60.572383880615234,124.7113904953003,313.4549169540405,473.7632837295532,2025
2025-08-14,15.261346,28.52985,15.261346,48.86045169830322,128.8778314590454,312.49412536621094,475.3937587738037,2025
2025-08-15,6.18239,49.435146,6.18239,41.63428783416748,122.50486087799072,309.2978620529175,468.76823139190674,2025
2025-08-16,4.4628935,18.228285,4.4628935,25.90662956237793,114.22074317932129,300.1252975463867,464.05220794677734,2025
2025-08-17,13.350232,36.078392,13.350232,23.995515823364258,99.82924556732178,282.7067575454712,474.011433839798,2025
2025-08-18,7.2254243,26.68464,7.2254243,25.03854990005493,80.08139181137085,242.3271288871765,479.2006506919861,2025
2025-08-19,13.089846,78.736664,13.089846,33.665502071380615,79.76268339157104,217.75686025619507,481.8305039405823,2025
2025-08-20,11.418941,47.71806,11.418941,31.73421049118042,70.99107217788696,204.18338060379028,483.51361417770386,2025
2025-08-21,31.241976,99.284546,31.241976,55.75076198577881,86.97170209884644,226.944438457489,504.71483087539673,2025
2025-08-22,31.42577,167.44412,31.42577,74.08668613433838,112.21508169174194,247.27530336380005,533.4974610805511,2025
2025-08-23,10.098414,38.64042,10.098414,72.7661600112915,117.85060262680054,244.8183569908142,542.2088060379028,2025
2025-08-24,8.201969,37.012024,8.201969,49.72615337371826,112.70233964920044,240.27331495285034,541.9333477020264,2025
2025-08-25,3.2808864,28.55714,3.2808864,21.58126997947693,108.75780177116394,215.8124716281891,537.6942961215973,2025
2025-08-26,8.877506,43.06074,8.877506,20.3603618144989,104.54546236991882,197.7166998386383,517.2702867984772,2025
2025-08-27,6.6505017,30.633368,6.6505017,18.808894395828247,99.77702355384827,190.95864748954773,491.2070472240448,2025
2025-08-28,8.221856,43.107983,8.221856,23.749864101409912,76.75690388679504,178.98995184898376,492.4448688030243,2025
2025-08-29,13.821149,86.38967,13.821149,28.693506717681885,59.15228295326233,177.54975485801697,490.0438802242279,2025
2025-08-30,10.2585945,48.643955,10.2585945,32.30159950256348,59.31246304512024,181.62595915794373,490.9238212108612,2025
2025-08-31,7.851144,60.498787,7.851144,31.93088722229004,58.96163773536682,185.01420950889587,485.1395070552826,2025
2025-09-01,2.439506,17.501198,2.439506,20.54924440383911,58.12025737762451,174.10348343849182,456.810240983963,2025
2025-09-02,3.167937,23.235855,3.167937,13.458586931228638,52.410688161849976,170.04599618911743,412.37312507629395,2025
2025-09-03,1.1078657,5.5353055,1.1078657,6.715308785438538,46.86805212497711,158.0640162229538,375.82087647914886,2025
2025-09-04,8.07405,36.8066,8.07405,12.349852681159973,46.72024595737457,154.71912562847137,358.90250623226166,2025
2025-09-05,4.714445,31.465649,4.714445,13.896360754966736,37.61354219913483,128.19159495830536,355.1360334157944,2025
2025-09-06,3.7615535,30.678791,3.7615535,16.55004858970642,31.116501212120056,100.52737867832184,347.8026820421219,2025
2025-09-07,4.245089,20.109877,4.245089,12.72108769416809,27.510446429252625,94.67405331134796,339.49241030216217,2025
2025-09-08,11.354637,66.45472,11.354637,19.361279726028442,36.42557752132416,97.82672131061554,338.1000362634659,2025
2025-09-09,7.703938,42.530666,7.703938,23.303664207458496,40.961578488349915,102.2497729063034,318.0622445344925,2025
2025-09-10,8.69753,43.920944,8.69753,27.756104946136475,48.55124258995056,102.06979644298553,299.78649628162384,2025
2025-09-11,6.9489617,69.53371,6.9489617,23.35042953491211,47.426154375076294,102.3682564496994,293.32690393924713,2025
2025-09-12,6.458904,63.22037,6.458904,22.105395317077637,49.170613050460815,100.60530412197113,279.5952559709549,2025
2025-09-13,6.597787,40.052303,6.597787,20.00565242767334,52.00684642791748,93.38194215297699,270.93169701099396,2025
2025-09-14,21.55575,118.9126,21.55575,34.61244058609009,69.31750726699829,104.67909753322601,286.30505669116974,2025
2025-09-15,23.98129,98.44311,23.98129,52.134827613830566,81.94416093826294,120.80924451351166,305.82345402240753,2025
2025-09-16,29.749653,94.29772,29.749653,75.28669357299805,103.98987579345703,148.11939132213593,322.22287476062775,2025
2025-09-17,28.193197,116.719215,28.193197,81.92414093017578,123.4855432510376,173.14465153217316,343.1906477212906,2025
2025-09-18,32.33057,183.33037,32.33057,90.2734203338623,148.86715173721313,204.36735606193542,362.4313722848892,2025
2025-09-19,10.221958,73.65882,10.221958,70.74572563171387,152.63020610809326,206.51526427268982,361.2343899011612,2025
2025-09-20,6.65651,50.40121,6.65651,49.20903825759888,152.68892908096313,208.4573290348053,336.64892399311066,2025
2025-09-21,1.1775886,11.774542,1.1775886,18.05605661869049,132.31076776981354,205.8733640909195,306.40074276924133,2025
2025-09-22,3.4151955,28.963041,3.4151955,11.24929392337799,111.74467241764069,205.04347050189972,299.7175238132477,2025
2025-09-23,4.1952424,18.907932,4.1952424,8.788026452064514,86.1902619600296,197.88407576084137,295.7107970714569,2025
2025-09-24,2.2396443,34.419323,2.2396443,9.850082159042358,60.236708998680115,192.41978204250336,294.66955494880676,2025
2025-09-25,3.0307837,18.012768,3.0307837,9.465670347213745,30.936922430992126,186.753035902977,288.8228323459625,2025
2025-09-26,0.0,0.0,0.0,5.270427942276001,20.714964270591736,179.80407416820526,282.17233061790466,2025
2025-09-27,0.52445745,10.523342,0.52445745,3.555241107940674,14.582911849021912,173.8696278333664,274.4749319553375,2025
2025-09-28,10.46585,69.82709,10.46585,10.990307331085205,23.87117314338684,177.73769080638885,271.11963295936584,2025
2025-09-29,1.444691,9.047528,1.444691,12.434998273849487,21.900668621063232,157.62663185596466,262.3057293891907,2025
2025-09-30,2.0446553,9.36124,2.0446553,13.955196142196655,19.750081539154053,135.68999636173248,256.49924087524414,2025
2025-10-01,4.7066216,46.83865,4.7066216,8.19596791267395,22.217058897018433,110.64696514606476,258.7663564682007,2025
2025-10-02,16.850512,48.565754,16.850512,23.60178852081299,36.036786794662476,99.30427944660187,272.448930978775,2025
2025-10-03,25.22683,73.291245,25.22683,46.78396272659302,61.26361632347107,92.2005387544632,296.5678948163986,2025
2025-10-04,5.1947985,35.614998,5.1947985,47.27213954925537,65.93395733833313,87.17337906360626,293.6886433362961,2025
2025-10-05,23.426601,179.08748,23.426601,53.84822940826416,78.89470887184143,103.94347059726715,312.40079963207245,2025
2025-10-06,32.137302,141.256,32.137302,60.75870227813721,109.58732032775879,134.9031844139099,340.7765485048294,2025
2025-10-07,4.111718,13.898044,4.111718,59.67562198638916,111.65438318252563,135.59970712661743,340.64317762851715,2025
2025-10-08,2.395533,18.98035,2.395533,38.644553661346436,109.34329462051392,133.79999780654907,331.68407356739044,2025
2025-10-09,3.7918122,29.635311,3.7918122,10.299063444137573,96.28459525108337,135.35216569900513,327.7719477415085,2025
2025-10-10,6.9585214,30.759449,6.9585214,13.145866632461548,78.01628708839417,139.27990341186523,326.0329393148422,2025
2025-10-11,16.352139,40.454773,16.352139,27.102472066879272,89.17362713813782,155.63204193115234,335.4361160993576,2025
2025-10-12,7.947091,90.20886,7.947091,31.257750988006592,73.6941168308258,163.05467557907104,336.92430341243744,2025
2025-10-13,2.8966167,45.36286,2.8966167,27.19584631919861,44.453431129455566,155.48544239997864,333.2231332063675,2025
2025-10-14,1.1153272,17.093578,1.1153272,11.959035038948059,41.457040190696716,155.15607869625092,312.7827105522156,2025
2025-10-15,0.021725958,0.40716973,0.021725958,4.0336698945611715,39.08323306404054,153.13314933143556,288.82314569316804,2025
2025-10-16,0.13047573,3.49972,0.13047573,1.2675289269536734,35.42189661227167,148.55700341425836,259.2039685603231,2025
2025-10-17,0.026105868,0.3840725,0.026105868,0.17830755561590195,28.48948111385107,131.73259773105383,231.0368771776557,2025
2025-10-18,0.091992036,1.7109948,0.091992036,0.24857363291084766,12.229334630072117,106.59776023775339,198.7982989922166,2025
2025-10-19,0.0,0.0,0.0,0.11809790320694447,4.282243527472019,101.40296176820993,188.5763408318162,2025
2025-10-20,0.0,0.0,0.0,0.09199203550815582,1.3856268301606178,77.97636035829782,181.91983095556498,2025
2025-10-21,0.0,0.0,0.0,0.0,0.27029959112405777,45.839057959616184,180.7422423735261,2025
2025-10-22,0.0,0.0,0.0,0.0,0.24857363291084766,41.727339781820774,177.3270469084382,2025
2025-10-23,0.0,0.0,0.0,0.0,0.11809790320694447,39.33180669695139,173.13180450350046,2025
2025-10-24,2.2935925,35.718513,2.2935925,2.2935924530029297,2.3855844885110855,37.83358696848154,173.18575266748667,2025
2025-10-25,2.7736578,24.671114,2.7736578,5.0672502517700195,5.0672502517700195,33.648723401129246,172.92862681299448,2025
2025-10-26,0.0021330495,0.11305162,0.0021330495,5.069383301306516,5.069383301306516,17.298717931378633,172.93075986253098,2025
2025-10-27,0.0,0.0,0.0,2.7757908483035862,5.069383301306516,9.351626828778535,172.40630240784958,2025
2025-10-28,0.0,0.0,0.0,0.002133049536496401,5.069383301306516,6.455010131467134,161.94045253144577,2025
2025-10-29,0.0,0.0,0.0,0.0,5.069383301306516,5.339682892430574,160.4957615886815,2025
2025-10-30,4.4238195,24.709417,4.4238195,4.423819541931152,9.493202843237668,9.741776476148516,162.87492580758408,2025
2025-10-31,9.681743,29.77933,9.681743,14.105562210083008,16.881353058386594,19.293043414596468,167.85004682885483,2025
2025-11-01,5.8493423,24.654034,5.8493423,19.954904556274414,19.95703760581091,25.116279893089086,156.84887762414292,2025
2025-11-02,20.548155,54.723965,20.548155,36.07923984527588,40.50305938720703,45.57244268851355,152.17020292626694,2025
2025-11-03,1.514386,7.4105897,1.514386,27.911883234977722,42.01744544506073,47.086828746367246,148.48979051457718,2025
2025-11-04,0.023826836,0.4011781,0.023826836,22.086367724463344,42.04127228073776,47.110655582044274,125.0870159403421,2025
2025-11-05,0.29621446,3.670837,0.29621446,1.8344273548573256,42.33748674206436,47.40687004337087,93.24592800298706,2025
2025-11-06,5.7044992,33.90071,5.7044992,6.024540541693568,43.618166444823146,53.111369288060814,94.83870906988159,2025
2025-11-07,1.9492382,10.98418,1.9492382,7.949951887130737,35.88566195778549,55.06060746917501,94.3924141661264,2025
2025-11-08,0.0,0.0,0.0,7.653737425804138,30.03631961159408,52.76701501617208,90.60060198465362,2025
2025-11-09,0.0,0.0,0.0,1.9492381811141968,9.488164780661464,49.99335721740499,83.64208061853424,2025
2025-11-10,0.0,0.0,0.0,0.0,7.973778722807765,49.991224167868495,67.28994209924713,2025
2025-11-11,0.0,0.0,0.0,0.0,7.949951887130737,49.991224167868495,59.34285099664703,2025
2025-11-12,0.0,0.0,0.0,0.0,7.653737425804138,49.991224167868495,56.44623429933563,2025
2025-11-13,0.0,0.0,0.0,0.0,1.9492381811141968,49.991224167868495,55.33090706029907,2025
2025-11-14,0.0,0.0,0.0,0.0,0.0,45.56740462593734,55.30918110208586,2025
2025-11-15,0.0,0.0,0.0,0.0,0.0,35.88566195778549,55.178705372381955,2025
2025-11-16,0.0,0.0,0.0,0.0,0.0,30.03631961159408,55.15259950468317,2025
2025-11-17,0.0,0.0,0.0,0.0,0.0,9.488164780661464,55.06060746917501,2025
2025-11-18,0.0,0.0,0.0,0.0,0.0,7.973778722807765,55.06060746917501,2025
2025-11-19,0.0,0.0,0.0,0.0,0.0,7.949951887130737,55.06060746917501,2025
2025-11-20,0.0,0.0,0.0,0.0,0.0,7.653737425804138,55.06060746917501,2025
2025-11-21,0.0,0.0,0.0,0.0,0.0,1.9492381811141968,55.06060746917501,2025
2025-11-22,0.024795434,0.40716973,0.024795434,0.02479543350636959,0.02479543350636959,0.02479543350636959,55.08540290268138,2025
2025-11-23,0.0,0.0,0.0,0.02479543350636959,0.02479543350636959,0.02479543350636959,52.79181044967845,2025
2025-11-24,0.0,0.0,0.0,0.02479543350636959,0.02479543350636959,0.02479543350636959,50.01815265091136,2025
2025-11-25,0.0,0.0,0.0,0.0,0.02479543350636959,0.02479543350636959,50.016019601374865,2025
2025-11-26,0.0,0.0,0.0,0.0,0.02479543350636959,0.02479543350636959,50.016019601374865,2025
2025-11-27,0.0,0.0,0.0,0.0,0.02479543350636959,0.02479543350636959,50.016019601374865,2025
2025-11-28,0.0,0.0,0.0,0.0,0.02479543350636959,0.02479543350636959,50.016019601374865,2025
2025-11-29,0.0,0.0,0.0,0.0,0.0,0.02479543350636959,45.59220005944371,2025
2025-11-30,0.0,0.0,0.0,0.0,0.0,0.02479543350636959,35.91045739129186,2025
2025-12-01,0.0,0.0,0.0,0.0,0.0,0.02479543350636959,30.06111504510045,2025
2025-12-02,0.0,0.0,0.0,0.0,0.0,0.02479543350636959,9.512960214167833,2025
2025-12-03,0.0,0.0,0.0,0.0,0.0,0.02479543350636959,7.998574156314135,2025
2025-12-04,0.0,0.0,0.0,0.0,0.0,0.02479543350636959,7.974747320637107,2025
2025-12-05,0.0,0.0,0.0,0.0,0.0,0.02479543350636959,7.678532859310508,2025
2025-12-06,0.0,0.0,0.0,0.0,0.0,0.02479543350636959,1.9740336146205664,2025
2025-12-07,0.0,0.0,0.0,0.0,0.0,0.0,0.02479543350636959,2025
2025-12-08,0.0,0.0,0.0,0.0,0.0,0.0,0.02479543350636959,2025
2025-12-09,0.0,0.0,0.0,0.0,0.0,0.0,0.02479543350636959,2025
2025-12-10,0.0,0.0,0.0,0.0,0.0,0.0,0.02479543350636959,2025
2025-12-11,0.0,0.0,0.0,0.0,0.0,0.0,0.02479543350636959,2025
2025-12-12,0.0,0.0,0.0,0.0,0.0,0.0,0.02479543350636959,2025
2025-12-13,0.0,0.0,0.0,0.0,0.0,0.0,0.02479543350636959,2025
2025-12-14,0.0,0.0,0.0,0.0,0.0,0.0,0.02479543350636959,2025
2025-12-15,0.0,0.0,0.0,0.0,0.0,0.0,0.02479543350636959,2025
2025-12-16,0.0,0.0,0.0,0.0,0.0,0.0,0.02479543350636959,2025
2025-12-17,0.0,0.0,0.0,0.0,0.0,0.0,0.02479543350636959,2025
2025-12-18,0.0,0.0,0.0,0.0,0.0,0.0,0.02479543350636959,2025
2025-12-19,0.0,0.0,0.0,0.0,0.0,0.0,0.02479543350636959,2025
2025-12-20,0.0,0.0,0.0,0.0,0.0,0.0,0.02479543350636959,2025
2025-12-21,0.038609196,0.8792424,0.038609196,0.03860919550061226,0.03860919550061226,0.03860919550061226,0.06340462900698185,2025
2025-12-22,0.0,0.0,0.0,0.03860919550061226,0.03860919550061226,0.03860919550061226,0.03860919550061226,2025
2025-12-23,0.0,0.0,0.0,0.03860919550061226,0.03860919550061226,0.03860919550061226,0.03860919550061226,2025
2025-12-24,0.0,0.0,0.0,0.0,0.03860919550061226,0.03860919550061226,0.03860919550061226,2025
2025-12-25,0.0,0.0,0.0,0.0,0.03860919550061226,0.03860919550061226,0.03860919550061226,2025
2025-12-26,0.0,0.0,0.0,0.0,0.03860919550061226,0.03860919550061226,0.03860919550061226,2025
2025-12-27,0.0,0.0,0.0,0.0,0.03860919550061226,0.03860919550061226,0.03860919550061226,2025
2025-12-28,0.0,0.0,0.0,0.0,0.0,0.03860919550061226,0.03860919550061226,2025
2025-12-29,0.0,0.0,0.0,0.0,0.0,0.03860919550061226,0.03860919550061226,2025
2025-12-30,0.038659748,0.79206634,0.038659748,0.03865974768996239,0.03865974768996239,0.07726894319057465,0.07726894319057465,2025
2025-12-31,0.0047398517,0.25121215,0.0047398517,0.04339959938079119,0.04339959938079119,0.08200879488140345,0.08200879488140345,2025
