{
"type": "FeatureCollection",
"name": "settlements_risk_analysis",
"crs": { "type": "name", "properties": { "name": "urn:ogc:def:crs:OGC:1.3:CRS84" } },
"features": [
{ "type": "Feature", "properties": { "osm_id": 245729844, "osm_type": "node", "name": "Khaddum", "highway": null, "place": "hamlet", "dynamic_risk": 0.093570433557033539, "risk_category": "LOW", "priority": "LOW" }, "geometry": { "type": "Point", "coordinates": [ 92.4470723, 25.1555595 ] } },
{ "type": "Feature", "properties": { "osm_id": 245730192, "osm_type": "node", "name": "Sibbari", "highway": null, "place": "village", "dynamic_risk": 0.011988839134573936, "risk_category": "LOW", "priority": "LOW" }, "geometry": { "type": "Point", "coordinates": [ 90.5053143, 25.175148 ] } },
{ "type": "Feature", "properties": { "osm_id": 245730713, "osm_type": "node", "name": "Burengapara", "highway": null, "place": "village", "dynamic_risk": 0.37410774827003479, "risk_category": "ELEVATED", "priority": "MODERATE" }, "geometry": { "type": "Point", "coordinates": [ 90.1966554, 25.2262983 ] } },
{ "type": "Feature", "properties": { "osm_id": 245731637, "osm_type": "node", "name": "Sutnga", "highway": null, "place": "village", "dynamic_risk": 0.10167547315359116, "risk_category": "LOW", "priority": "LOW" }, "geometry": { "type": "Point", "coordinates": [ 92.4368022, 25.3702122 ] } },
{ "type": "Feature", "properties": { "osm_id": 245732730, "osm_type": "node", "name": "Langkyrdem", "highway": null, "place": "village", "dynamic_risk": 0.29487204551696777, "risk_category": "MODERATE", "priority": "LOW" }, "geometry": { "type": "Point", "coordinates": [ 91.8956, 25.3488 ] } },
{ "type": "Feature", "properties": { "osm_id": 245733093, "osm_type": "node", "name": "Laitmawsiang", "highway": null, "place": "village", "dynamic_risk": 0.32093903422355652, "risk_category": "MODERATE", "priority": "LOW" }, "geometry": { "type": "Point", "coordinates": [ 91.604912, 25.3961613 ] } },
{ "type": "Feature", "properties": { "osm_id": 245734409, "osm_type": "node", "name": "Adugiri", "highway": null, "place": "village", "dynamic_risk": 0.05463467538356781, "risk_category": "LOW", "priority": "LOW" }, "geometry": { "type": "Point", "coordinates": [ 90.2114078, 25.4344617 ] } },
{ "type": "Feature", "properties": { "osm_id": 245734694, "osm_type": "node", "name": "Mairang", "highway": null, "place": "village", "dynamic_risk": 0.58964419364929199, "risk_category": "HIGH", "priority": "HIGH" }, "geometry": { "type": "Point", "coordinates": [ 91.6430723, 25.555762 ] } },
{ "type": "Feature", "properties": { "osm_id": 245734988, "osm_type": "node", "name": "Barato", "highway": null, "place": "village", "dynamic_risk": 0.11272165179252625, "risk_category": "LOW", "priority": "LOW" }, "geometry": { "type": "Point", "coordinates": [ 92.4524711, 25.6052549 ] } },
{ "type": "Feature", "properties": { "osm_id": 245735667, "osm_type": "node", "name": "Nartiang", "highway": null, "place": "village", "dynamic_risk": 0.32371348142623901, "risk_category": "MODERATE", "priority": "LOW" }, "geometry": { "type": "Point", "coordinates": [ 92.2170103, 25.5736564 ] } },
{ "type": "Feature", "properties": { "osm_id": 245736092, "osm_type": "node", "name": "Samanda", "highway": null, "place": "village", "dynamic_risk": 0.082263588905334473, "risk_category": "LOW", "priority": "LOW" }, "geometry": { "type": "Point", "coordinates": [ 90.4980222, 25.5781778 ] } },
{ "type": "Feature", "properties": { "osm_id": 245736242, "osm_type": "node", "name": "Asananggiri", "highway": null, "place": "village", "dynamic_risk": 0.46406802535057068, "risk_category": "ELEVATED", "priority": "MODERATE" }, "geometry": { "type": "Point", "coordinates": [ 90.281925, 25.6198067 ] } },
{ "type": "Feature", "properties": { "osm_id": 245736665, "osm_type": "node", "name": "Rambrei", "highway": null, "place": "village", "dynamic_risk": 0.72778630256652832, "risk_category": "VERY HIGH", "priority": "VERY HIGH" }, "geometry": { "type": "Point", "coordinates": [ 91.2154139, 25.5989776 ] } },
{ "type": "Feature", "properties": { "osm_id": 245736680, "osm_type": "node", "name": "Cherano", "highway": null, "place": "village", "dynamic_risk": 0.085848368704319, "risk_category": "LOW", "priority": "LOW" }, "geometry": { "type": "Point", "coordinates": [ 90.6150761, 25.6560145 ] } },
{ "type": "Feature", "properties": { "osm_id": 245737555, "osm_type": "node", "name": "Umroi", "highway": null, "place": "village", "dynamic_risk": 0.23904527723789215, "risk_category": "MODERATE", "priority": "LOW" }, "geometry": { "type": "Point", "coordinates": [ 92.0396547, 25.713886 ] } },
{ "type": "Feature", "properties": { "osm_id": 245737700, "osm_type": "node", "name": "Hatsinigmari", "highway": null, "place": "village", "dynamic_risk": null, "risk_category": "NO DATA", "priority": "NO DATA" }, "geometry": { "type": "Point", "coordinates": [ 89.8981452, 25.7228753 ] } },
{ "type": "Feature", "properties": { "osm_id": 245737768, "osm_type": "node", "name": "Dambu", "highway": null, "place": "village", "dynamic_risk": 0.10955663770437241, "risk_category": "LOW", "priority": "LOW" }, "geometry": { "type": "Point", "coordinates": [ 90.814206, 25.7153107 ] } },
{ "type": "Feature", "properties": { "osm_id": 245738741, "osm_type": "node", "name": "Bangsi", "highway": null, "place": "village", "dynamic_risk": 0.59793037176132202, "risk_category": "HIGH", "priority": "HIGH" }, "geometry": { "type": "Point", "coordinates": [ 90.7405, 25.8031 ] } },
{ "type": "Feature", "properties": { "osm_id": 245739251, "osm_type": "node", "name": "Kseh Kyntang", "highway": null, "place": "village", "dynamic_risk": 0.1082492470741272, "risk_category": "LOW", "priority": "LOW" }, "geometry": { "type": "Point", "coordinates": [ 92.2760125, 25.8334773 ] } },
{ "type": "Feature", "properties": { "osm_id": 245739605, "osm_type": "node", "name": "Mynser", "highway": null, "place": "hamlet", "dynamic_risk": 0.076621286571025848, "risk_category": "LOW", "priority": "LOW" }, "geometry": { "type": "Point", "coordinates": [ 92.4090803, 25.91633 ] } },
{ "type": "Feature", "properties": { "osm_id": 245739851, "osm_type": "node", "name": "Bajengdoba", "highway": null, "place": "village", "dynamic_risk": null, "risk_category": "NO DATA", "priority": "NO DATA" }, "geometry": { "type": "Point", "coordinates": [ 90.5052853, 25.895133 ] } },
{ "type": "Feature", "properties": { "osm_id": 245739886, "osm_type": "node", "name": "Phulbari", "highway": null, "place": "village", "dynamic_risk": null, "risk_category": "NO DATA", "priority": "NO DATA" }, "geometry": { "type": "Point", "coordinates": [ 90.023025, 25.8884474 ] } },
{ "type": "Feature", "properties": { "osm_id": 245740851, "osm_type": "node", "name": "Loharghat", "highway": null, "place": "village", "dynamic_risk": null, "risk_category": "NO DATA", "priority": "NO DATA" }, "geometry": { "type": "Point", "coordinates": [ 91.4829, 25.9564 ] } },
{ "type": "Feature", "properties": { "osm_id": 245742016, "osm_type": "node", "name": "Chhaygaon", "highway": null, "place": "village", "dynamic_risk": null, "risk_category": "NO DATA", "priority": "NO DATA" }, "geometry": { "type": "Point", "coordinates": [ 91.3909, 26.0491 ] } },
{ "type": "Feature", "properties": { "osm_id": 245742069, "osm_type": "node", "name": "Baida", "highway": null, "place": "village", "dynamic_risk": null, "risk_category": "NO DATA", "priority": "NO DATA" }, "geometry": { "type": "Point", "coordinates": [ 90.4198837, 26.0285584 ] } },
{ "type": "Feature", "properties": { "osm_id": 245742364, "osm_type": "node", "name": "Krishnai", "highway": null, "place": "village", "dynamic_risk": null, "risk_category": "NO DATA", "priority": "NO DATA" }, "geometry": { "type": "Point", "coordinates": [ 90.6679988, 26.0320772 ] } },
{ "type": "Feature", "properties": { "osm_id": 566672796, "osm_type": "node", "name": "Myrdon", "highway": null, "place": "village", "dynamic_risk": 0.46222054958343506, "risk_category": "ELEVATED", "priority": "MODERATE" }, "geometry": { "type": "Point", "coordinates": [ 91.8795426, 25.7558343 ] } },
{ "type": "Feature", "properties": { "osm_id": 664138126, "osm_type": "node", "name": "Umsning", "highway": null, "place": "village", "dynamic_risk": 0.26484677195549011, "risk_category": "MODERATE", "priority": "LOW" }, "geometry": { "type": "Point", "coordinates": [ 91.887263, 25.745534 ] } },
{ "type": "Feature", "properties": { "osm_id": 746995482, "osm_type": "node", "name": "Barapani", "highway": null, "place": "village", "dynamic_risk": 0.1384136825799942, "risk_category": "LOW", "priority": "LOW" }, "geometry": { "type": "Point", "coordinates": [ 91.9762547, 25.6943784 ] } },
{ "type": "Feature", "properties": { "osm_id": 830103865, "osm_type": "node", "name": "Dawki", "highway": null, "place": "village", "dynamic_risk": 0.13546639680862427, "risk_category": "LOW", "priority": "LOW" }, "geometry": { "type": "Point", "coordinates": [ 92.0215717, 25.1856343 ] } },
{ "type": "Feature", "properties": { "osm_id": 1262013875, "osm_type": "node", "name": "Rngat", "highway": null, "place": "village", "dynamic_risk": 0.088052853941917419, "risk_category": "LOW", "priority": "LOW" }, "geometry": { "type": "Point", "coordinates": [ 92.2339472, 25.3365348 ] } },
{ "type": "Feature", "properties": { "osm_id": 1262014179, "osm_type": "node", "name": "Nolikata", "highway": null, "place": "village", "dynamic_risk": 0.017194643616676331, "risk_category": "LOW", "priority": "LOW" }, "geometry": { "type": "Point", "coordinates": [ 91.2546962, 25.2106682 ] } },
{ "type": "Feature", "properties": { "osm_id": 1262014344, "osm_type": "node", "name": "Mynso", "highway": null, "place": "village", "dynamic_risk": 0.45649203658103943, "risk_category": "ELEVATED", "priority": "MODERATE" }, "geometry": { "type": "Point", "coordinates": [ 92.3276836, 25.5526752 ] } },
{ "type": "Feature", "properties": { "osm_id": 1262014463, "osm_type": "node", "name": "Shella", "highway": null, "place": "village", "dynamic_risk": 0.33641704916954041, "risk_category": "MODERATE", "priority": "LOW" }, "geometry": { "type": "Point", "coordinates": [ 91.637124, 25.1795147 ] } },
{ "type": "Feature", "properties": { "osm_id": 1262014487, "osm_type": "node", "name": "Ratacherra", "highway": null, "place": "village", "dynamic_risk": 0.037960279732942581, "risk_category": "LOW", "priority": "LOW" }, "geometry": { "type": "Point", "coordinates": [ 92.4614441, 25.0318901 ] } },
{ "type": "Feature", "properties": { "osm_id": 1262014578, "osm_type": "node", "name": "Mawryngkneng", "highway": null, "place": "village", "dynamic_risk": 0.52425801753997803, "risk_category": "HIGH", "priority": "HIGH" }, "geometry": { "type": "Point", "coordinates": [ 92.0738394, 25.5508456 ] } },
{ "type": "Feature", "properties": { "osm_id": 1262014635, "osm_type": "node", "name": "Muktapur", "highway": null, "place": "village", "dynamic_risk": 0.043486081063747406, "risk_category": "LOW", "priority": "LOW" }, "geometry": { "type": "Point", "coordinates": [ 92.1259474, 25.1651253 ] } },
{ "type": "Feature", "properties": { "osm_id": 1262014817, "osm_type": "node", "name": "Balat", "highway": null, "place": "village", "dynamic_risk": 0.31847032904624939, "risk_category": "MODERATE", "priority": "LOW" }, "geometry": { "type": "Point", "coordinates": [ 91.4040857, 25.2019236 ] } },
{ "type": "Feature", "properties": { "osm_id": 1262014838, "osm_type": "node", "name": "Umling", "highway": null, "place": "village", "dynamic_risk": null, "risk_category": "NO DATA", "priority": "NO DATA" }, "geometry": { "type": "Point", "coordinates": [ 91.8569189, 25.9649616 ] } },
{ "type": "Feature", "properties": { "osm_id": 1262014939, "osm_type": "node", "name": "Laskein", "highway": null, "place": "village", "dynamic_risk": 0.07568233460187912, "risk_category": "LOW", "priority": "LOW" }, "geometry": { "type": "Point", "coordinates": [ 92.4344622, 25.5195852 ] } },
{ "type": "Feature", "properties": { "osm_id": 1262014982, "osm_type": "node", "name": "Amlarem", "highway": null, "place": "village", "dynamic_risk": 0.02452530711889267, "risk_category": "LOW", "priority": "LOW" }, "geometry": { "type": "Point", "coordinates": [ 92.1066919, 25.2857614 ] } },
{ "type": "Feature", "properties": { "osm_id": 1262015020, "osm_type": "node", "name": "Thadlaskein", "highway": null, "place": "village", "dynamic_risk": 0.19134519994258881, "risk_category": "LOW", "priority": "LOW" }, "geometry": { "type": "Point", "coordinates": [ 92.1731031, 25.5033007 ] } },
{ "type": "Feature", "properties": { "osm_id": 1262015033, "osm_type": "node", "name": "Saipung", "highway": null, "place": "village", "dynamic_risk": 0.049153801053762436, "risk_category": "LOW", "priority": "LOW" }, "geometry": { "type": "Point", "coordinates": [ 92.6270614, 25.3346109 ] } },
{ "type": "Feature", "properties": { "osm_id": 1262015039, "osm_type": "node", "name": "Nongjri Tishang", "highway": null, "place": "hamlet", "dynamic_risk": 0.28904807567596436, "risk_category": "MODERATE", "priority": "LOW" }, "geometry": { "type": "Point", "coordinates": [ 91.8029397, 25.1789523 ] } },
{ "type": "Feature", "properties": { "osm_id": 1262015202, "osm_type": "node", "name": "Mawkynrew", "highway": null, "place": "hamlet", "dynamic_risk": 0.23629631102085114, "risk_category": "MODERATE", "priority": "LOW" }, "geometry": { "type": "Point", "coordinates": [ 92.058728, 25.4574794 ] } },
{ "type": "Feature", "properties": { "osm_id": 1262015226, "osm_type": "node", "name": "Bapung", "highway": null, "place": "village", "dynamic_risk": 0.14656148850917816, "risk_category": "LOW", "priority": "LOW" }, "geometry": { "type": "Point", "coordinates": [ 92.309275, 25.4047393 ] } },
{ "type": "Feature", "properties": { "osm_id": 1262015292, "osm_type": "node", "name": "Khanduli", "highway": null, "place": "village", "dynamic_risk": 0.051906082779169083, "risk_category": "LOW", "priority": "LOW" }, "geometry": { "type": "Point", "coordinates": [ 92.4420621, 25.7253214 ] } },
{ "type": "Feature", "properties": { "osm_id": 1262015648, "osm_type": "node", "name": "Pyndem Mawthawiong", "highway": null, "place": "village", "dynamic_risk": 0.17495851218700409, "risk_category": "LOW", "priority": "LOW" }, "geometry": { "type": "Point", "coordinates": [ 91.4709994, 25.4319273 ] } },
{ "type": "Feature", "properties": { "osm_id": 1262084616, "osm_type": "node", "name": "Zikzak", "highway": null, "place": "village", "dynamic_risk": 0.49540629982948303, "risk_category": "ELEVATED", "priority": "MODERATE" }, "geometry": { "type": "Point", "coordinates": [ 89.9074783, 25.3883369 ] } },
{ "type": "Feature", "properties": { "osm_id": 1262084701, "osm_type": "node", "name": "Nengkhra", "highway": null, "place": "village", "dynamic_risk": 0.055539682507514954, "risk_category": "LOW", "priority": "LOW" }, "geometry": { "type": "Point", "coordinates": [ 90.6308887, 25.5122108 ] } },
{ "type": "Feature", "properties": { "osm_id": 1262085027, "osm_type": "node", "name": "Rewak", "highway": null, "place": "village", "dynamic_risk": 0.11872369796037674, "risk_category": "LOW", "priority": "LOW" }, "geometry": { "type": "Point", "coordinates": [ 90.6440865, 25.3185869 ] } },
{ "type": "Feature", "properties": { "osm_id": 1262085246, "osm_type": "node", "name": "Betasing", "highway": null, "place": "village", "dynamic_risk": 0.0095329880714416504, "risk_category": "LOW", "priority": "LOW" }, "geometry": { "type": "Point", "coordinates": [ 89.9556811, 25.5132356 ] } },
{ "type": "Feature", "properties": { "osm_id": 1262085444, "osm_type": "node", "name": "Nonshram", "highway": null, "place": "village", "dynamic_risk": 0.40288704633712769, "risk_category": "ELEVATED", "priority": "MODERATE" }, "geometry": { "type": "Point", "coordinates": [ 90.8653796, 25.598411 ] } },
{ "type": "Feature", "properties": { "osm_id": 1262085445, "osm_type": "node", "name": "Bhaitbari", "highway": null, "place": "village", "dynamic_risk": null, "risk_category": "NO DATA", "priority": "NO DATA" }, "geometry": { "type": "Point", "coordinates": [ 89.9763011, 25.7471513 ] } },
{ "type": "Feature", "properties": { "osm_id": 1329752259, "osm_type": "node", "name": "Dainadubi", "highway": null, "place": "village", "dynamic_risk": 0.25878879427909851, "risk_category": "MODERATE", "priority": "LOW" }, "geometry": { "type": "Point", "coordinates": [ 90.7904103, 25.8186227 ] } },
{ "type": "Feature", "properties": { "osm_id": 1329752271, "osm_type": "node", "name": "Darugiri", "highway": null, "place": "village", "dynamic_risk": 0.16465951502323151, "risk_category": "LOW", "priority": "LOW" }, "geometry": { "type": "Point", "coordinates": [ 90.7588717, 25.6154548 ] } },
{ "type": "Feature", "properties": { "osm_id": 1329752276, "osm_type": "node", "name": "Nongdaju", "highway": null, "place": "village", "dynamic_risk": 0.10168831050395966, "risk_category": "LOW", "priority": "LOW" }, "geometry": { "type": "Point", "coordinates": [ 90.9164463, 25.549578 ] } },
{ "type": "Feature", "properties": { "osm_id": 1472175417, "osm_type": "node", "name": "ভোলাগঞ্জ", "highway": null, "place": "village", "dynamic_risk": 0.0004285714530851692, "risk_category": "LOW", "priority": "LOW" }, "geometry": { "type": "Point", "coordinates": [ 91.7491426, 25.1294118 ] } },
{ "type": "Feature", "properties": { "osm_id": 1739922352, "osm_type": "node", "name": "Fakirganj", "highway": null, "place": "village", "dynamic_risk": null, "risk_category": "NO DATA", "priority": "NO DATA" }, "geometry": { "type": "Point", "coordinates": [ 90.0723641, 25.9528387 ] } },
{ "type": "Feature", "properties": { "osm_id": 1811210915, "osm_type": "node", "name": "Sontoli", "highway": null, "place": "village", "dynamic_risk": null, "risk_category": "NO DATA", "priority": "NO DATA" }, "geometry": { "type": "Point", "coordinates": [ 91.1319667, 26.1425108 ] } },
{ "type": "Feature", "properties": { "osm_id": 2037923462, "osm_type": "node", "name": "Rongrengiri", "highway": null, "place": "village", "dynamic_risk": 0.045292757451534271, "risk_category": "LOW", "priority": "LOW" }, "geometry": { "type": "Point", "coordinates": [ 90.5132019, 25.5787085 ] } },
{ "type": "Feature", "properties": { "osm_id": 2037923463, "osm_type": "node", "name": "Singrimari", "highway": null, "place": "village", "dynamic_risk": null, "risk_category": "NO DATA", "priority": "NO DATA" }, "geometry": { "type": "Point", "coordinates": [ 89.8960509, 25.7321481 ] } },
{ "type": "Feature", "properties": { "osm_id": 2382510495, "osm_type": "node", "name": "Noapara", "highway": null, "place": "village", "dynamic_risk": 0.014649512246251106, "risk_category": "LOW", "priority": "LOW" }, "geometry": { "type": "Point", "coordinates": [ 89.7308471, 25.014359 ] } },
{ "type": "Feature", "properties": { "osm_id": 2382511153, "osm_type": "node", "name": "Durmut", "highway": null, "place": "village", "dynamic_risk": 0.025364186614751816, "risk_category": "LOW", "priority": "LOW" }, "geometry": { "type": "Point", "coordinates": [ 89.8098306, 25.0531867 ] } },
{ "type": "Feature", "properties": { "osm_id": 2382511154, "osm_type": "node", "name": "Kulia", "highway": null, "place": "village", "dynamic_risk": 0.027601825073361397, "risk_category": "LOW", "priority": "LOW" }, "geometry": { "type": "Point", "coordinates": [ 89.8055859, 25.0208976 ] } },
{ "type": "Feature", "properties": { "osm_id": 2382512954, "osm_type": "node", "name": "Gaibandha", "highway": null, "place": "village", "dynamic_risk": 0.0022187500726431608, "risk_category": "LOW", "priority": "LOW" }, "geometry": { "type": "Point", "coordinates": [ 89.8696436, 25.0860006 ] } },
{ "type": "Feature", "properties": { "osm_id": 2382512955, "osm_type": "node", "name": "Goaler Char", "highway": null, "place": "village", "dynamic_risk": 0.0, "risk_category": "LOW", "priority": "LOW" }, "geometry": { "type": "Point", "coordinates": [ 89.8364308, 25.1132721 ] } },
{ "type": "Feature", "properties": { "osm_id": 2382512956, "osm_type": "node", "name": "Palbandha", "highway": null, "place": "village", "dynamic_risk": 0.0, "risk_category": "LOW", "priority": "LOW" }, "geometry": { "type": "Point", "coordinates": [ 89.7961624, 25.1001826 ] } },
{ "type": "Feature", "properties": { "osm_id": 2382512957, "osm_type": "node", "name": "Patharsi", "highway": null, "place": "village", "dynamic_risk": 0.0, "risk_category": "LOW", "priority": "LOW" }, "geometry": { "type": "Point", "coordinates": [ 89.7509034, 25.1076625 ] } },
{ "type": "Feature", "properties": { "osm_id": 2382519624, "osm_type": "node", "name": "Bagar Char", "highway": null, "place": "village", "dynamic_risk": 0.0071607143618166447, "risk_category": "LOW", "priority": "LOW" }, "geometry": { "type": "Point", "coordinates": [ 89.8339994, 25.2628251 ] } },
{ "type": "Feature", "properties": { "osm_id": 2382519627, "osm_type": "node", "name": "Battajore", "highway": null, "place": "village", "dynamic_risk": 0.0, "risk_category": "LOW", "priority": "LOW" }, "geometry": { "type": "Point", "coordinates": [ 89.8856686, 25.2334467 ] } },
{ "type": "Feature", "properties": { "osm_id": 2382519628, "osm_type": "node", "name": "Char Aomkhaoa", "highway": null, "place": "village", "dynamic_risk": 0.0058891372755169868, "risk_category": "LOW", "priority": "LOW" }, "geometry": { "type": "Point", "coordinates": [ 89.7600827, 25.3418836 ] } },
{ "type": "Feature", "properties": { "osm_id": 2382519629, "osm_type": "node", "name": "Char Goalini", "highway": null, "place": "village", "dynamic_risk": 0.0014791666762903333, "risk_category": "LOW", "priority": "LOW" }, "geometry": { "type": "Point", "coordinates": [ 89.8610088, 25.0184675 ] } },
{ "type": "Feature", "properties": { "osm_id": 2382519630, "osm_type": "node", "name": "Char Putimari", "highway": null, "place": "village", "dynamic_risk": 0.0, "risk_category": "LOW", "priority": "LOW" }, "geometry": { "type": "Point", "coordinates": [ 89.8892311, 25.0415446 ] } },
{ "type": "Feature", "properties": { "osm_id": 2382519633, "osm_type": "node", "name": "Dangdhara", "highway": null, "place": "village", "dynamic_risk": 0.0036093750968575478, "risk_category": "LOW", "priority": "LOW" }, "geometry": { "type": "Point", "coordinates": [ 89.8007921, 25.3892056 ] } },
{ "type": "Feature", "properties": { "osm_id": 2382519634, "osm_type": "node", "name": "Dhanua", "highway": null, "place": "village", "dynamic_risk": 0.010078124701976776, "risk_category": "LOW", "priority": "LOW" }, "geometry": { "type": "Point", "coordinates": [ 89.8988763, 25.2821216 ] } },
{ "type": "Feature", "properties": { "osm_id": 2382519635, "osm_type": "node", "name": "Hatebhanga", "highway": null, "place": "village", "dynamic_risk": 0.0026874998584389687, "risk_category": "LOW", "priority": "LOW" }, "geometry": { "type": "Point", "coordinates": [ 89.7727114, 25.2786349 ] } },
{ "type": "Feature", "properties": { "osm_id": 2382519637, "osm_type": "node", "name": "Merur Char", "highway": null, "place": "village", "dynamic_risk": 0.0, "risk_category": "LOW", "priority": "LOW" }, "geometry": { "type": "Point", "coordinates": [ 89.8241655, 25.1608601 ] } },
{ "type": "Feature", "properties": { "osm_id": 2382519638, "osm_type": "node", "name": "Nilakhia", "highway": null, "place": "village", "dynamic_risk": 0.016149554401636124, "risk_category": "LOW", "priority": "LOW" }, "geometry": { "type": "Point", "coordinates": [ 89.8828472, 25.1360529 ] } },
{ "type": "Feature", "properties": { "osm_id": 2382519639, "osm_type": "node", "name": "Par Ramrampur", "highway": null, "place": "village", "dynamic_risk": 0.0, "risk_category": "LOW", "priority": "LOW" }, "geometry": { "type": "Point", "coordinates": [ 89.8093039, 25.3174118 ] } },
{ "type": "Feature", "properties": { "osm_id": 2382519640, "osm_type": "node", "name": "Sadhupara", "highway": null, "place": "village", "dynamic_risk": 0.0, "risk_category": "LOW", "priority": "LOW" }, "geometry": { "type": "Point", "coordinates": [ 89.8135705, 25.2140174 ] } },
{ "type": "Feature", "properties": { "osm_id": 2481961855, "osm_type": "node", "name": "Sanandabari", "highway": null, "place": "village", "dynamic_risk": 0.0098281251266598701, "risk_category": "LOW", "priority": "LOW" }, "geometry": { "type": "Point", "coordinates": [ 89.7669732, 25.3636022 ] } },
{ "type": "Feature", "properties": { "osm_id": 2492503548, "osm_type": "node", "name": "Mawngap", "highway": null, "place": "village", "dynamic_risk": 0.12699045240879059, "risk_category": "LOW", "priority": "LOW" }, "geometry": { "type": "Point", "coordinates": [ 91.7673048, 25.4827558 ] } },
{ "type": "Feature", "properties": { "osm_id": 2622298700, "osm_type": "node", "name": "Gajni", "highway": null, "place": "village", "dynamic_risk": 0.0035312501713633537, "risk_category": "LOW", "priority": "LOW" }, "geometry": { "type": "Point", "coordinates": [ 90.045519, 25.2423898 ] } },
{ "type": "Feature", "properties": { "osm_id": 2659224784, "osm_type": "node", "name": "Baghber Kalaspar", "highway": null, "place": "village", "dynamic_risk": 0.010591130703687668, "risk_category": "LOW", "priority": "LOW" }, "geometry": { "type": "Point", "coordinates": [ 90.1468507, 25.0847213 ] } },
{ "type": "Feature", "properties": { "osm_id": 2659224785, "osm_type": "node", "name": "Bajitkhila", "highway": null, "place": "village", "dynamic_risk": 0.0020412500016391277, "risk_category": "LOW", "priority": "LOW" }, "geometry": { "type": "Point", "coordinates": [ 90.0397695, 25.0574087 ] } },
{ "type": "Feature", "properties": { "osm_id": 2659224787, "osm_type": "node", "name": "Behula", "highway": null, "place": "village", "dynamic_risk": 0.0, "risk_category": "LOW", "priority": "LOW" }, "geometry": { "type": "Point", "coordinates": [ 89.9307606, 25.0900532 ] } },
{ "type": "Feature", "properties": { "osm_id": 2659224794, "osm_type": "node", "name": "Char Sherpur", "highway": null, "place": "village", "dynamic_risk": 0.0059208925813436508, "risk_category": "LOW", "priority": "LOW" }, "geometry": { "type": "Point", "coordinates": [ 89.9733007, 25.03573 ] } },
{ "type": "Feature", "properties": { "osm_id": 2659224795, "osm_type": "node", "name": "Dhala", "highway": null, "place": "village", "dynamic_risk": 0.019471468403935432, "risk_category": "LOW", "priority": "LOW" }, "geometry": { "type": "Point", "coordinates": [ 90.1068293, 25.0191339 ] } },
{ "type": "Feature", "properties": { "osm_id": 2659224797, "osm_type": "node", "name": "Garjaripa", "highway": null, "place": "village", "dynamic_risk": 0.00088749994756653905, "risk_category": "LOW", "priority": "LOW" }, "geometry": { "type": "Point", "coordinates": [ 90.0227691, 25.1008013 ] } },
{ "type": "Feature", "properties": { "osm_id": 2659224798, "osm_type": "node", "name": "Ghazir Khamar", "highway": null, "place": "village", "dynamic_risk": 0.0014199999859556556, "risk_category": "LOW", "priority": "LOW" }, "geometry": { "type": "Point", "coordinates": [ 90.0855592, 25.0576763 ] } },
{ "type": "Feature", "properties": { "osm_id": 2659224799, "osm_type": "node", "name": "Gosalpur", "highway": null, "place": "village", "dynamic_risk": 0.0, "risk_category": "LOW", "priority": "LOW" }, "geometry": { "type": "Point", "coordinates": [ 89.9939799, 25.1357944 ] } },
{ "type": "Feature", "properties": { "osm_id": 2659224800, "osm_type": "node", "name": "Hatibandha Maljhibandha", "highway": null, "place": "village", "dynamic_risk": 0.0014791666762903333, "risk_category": "LOW", "priority": "LOW" }, "geometry": { "type": "Point", "coordinates": [ 90.0655919, 25.1081785 ] } },
{ "type": "Feature", "properties": { "osm_id": 2659224801, "osm_type": "node", "name": "Jogania", "highway": null, "place": "village", "dynamic_risk": 0.020472044125199318, "risk_category": "LOW", "priority": "LOW" }, "geometry": { "type": "Point", "coordinates": [ 90.1765133, 25.0493378 ] } },
{ "type": "Feature", "properties": { "osm_id": 2659224802, "osm_type": "node", "name": "Kakilakura", "highway": null, "place": "village", "dynamic_risk": 0.038973215967416763, "risk_category": "LOW", "priority": "LOW" }, "geometry": { "type": "Point", "coordinates": [ 89.9142172, 25.2053096 ] } },
{ "type": "Feature", "properties": { "osm_id": 2659224804, "osm_type": "node", "name": "Kangsha Dhansail", "highway": null, "place": "village", "dynamic_risk": 0.019548362120985985, "risk_category": "LOW", "priority": "LOW" }, "geometry": { "type": "Point", "coordinates": [ 90.0241124, 25.2141298 ] } },
{ "type": "Feature", "properties": { "osm_id": 2659224805, "osm_type": "node", "name": "Kharia Kazir Char", "highway": null, "place": "village", "dynamic_risk": 0.041366655379533768, "risk_category": "LOW", "priority": "LOW" }, "geometry": { "type": "Point", "coordinates": [ 89.9723218, 25.0857618 ] } },
{ "type": "Feature", "properties": { "osm_id": 2659224806, "osm_type": "node", "name": "Kurikahania", "highway": null, "place": "village", "dynamic_risk": 0.00088749994756653905, "risk_category": "LOW", "priority": "LOW" }, "geometry": { "type": "Point", "coordinates": [ 89.9993732, 25.0934237 ] } },
{ "type": "Feature", "properties": { "osm_id": 2659224809, "osm_type": "node", "name": "Nalitabari Kakarkandi", "highway": null, "place": "village", "dynamic_risk": 0.0064071426168084145, "risk_category": "LOW", "priority": "LOW" }, "geometry": { "type": "Point", "coordinates": [ 90.2325406, 25.1186228 ] } },
{ "type": "Feature", "properties": { "osm_id": 2659224810, "osm_type": "node", "name": "Nalkura Gauripur", "highway": null, "place": "village", "dynamic_risk": 0.01715029776096344, "risk_category": "LOW", "priority": "LOW" }, "geometry": { "type": "Point", "coordinates": [ 90.0952988, 25.1872602 ] } },
{ "type": "Feature", "properties": { "osm_id": 2659224811, "osm_type": "node", "name": "Nunni Paragon", "highway": null, "place": "village", "dynamic_risk": 0.00090000004274770617, "risk_category": "LOW", "priority": "LOW" }, "geometry": { "type": "Point", "coordinates": [ 90.1535796, 25.180833 ] } },
{ "type": "Feature", "properties": { "osm_id": 2659224812, "osm_type": "node", "name": "Pakuria", "highway": null, "place": "village", "dynamic_risk": 0.008486894890666008, "risk_category": "LOW", "priority": "LOW" }, "geometry": { "type": "Point", "coordinates": [ 90.0675388, 25.0215432 ] } },
{ "type": "Feature", "properties": { "osm_id": 2659224814, "osm_type": "node", "name": "Rajnagar", "highway": null, "place": "village", "dynamic_risk": 0.0045304759405553341, "risk_category": "LOW", "priority": "LOW" }, "geometry": { "type": "Point", "coordinates": [ 90.1167703, 25.1183924 ] } },
{ "type": "Feature", "properties": { "osm_id": 2659224815, "osm_type": "node", "name": "Ramchandrakura Mandalia", "highway": null, "place": "village", "dynamic_risk": 0.0, "risk_category": "LOW", "priority": "LOW" }, "geometry": { "type": "Point", "coordinates": [ 90.2133225, 25.16949 ] } },
{ "type": "Feature", "properties": { "osm_id": 2659224816, "osm_type": "node", "name": "Rani Shimul", "highway": null, "place": "village", "dynamic_risk": 0.0, "risk_category": "LOW", "priority": "LOW" }, "geometry": { "type": "Point", "coordinates": [ 89.9738915, 25.2261564 ] } },
{ "type": "Feature", "properties": { "osm_id": 2659224818, "osm_type": "node", "name": "Rupnarayankura Marichpura", "highway": null, "place": "village", "dynamic_risk": 0.0095851784572005272, "risk_category": "LOW", "priority": "LOW" }, "geometry": { "type": "Point", "coordinates": [ 90.2459096, 25.0669775 ] } },
{ "type": "Feature", "properties": { "osm_id": 2659224819, "osm_type": "node", "name": "Singa Baruna", "highway": null, "place": "village", "dynamic_risk": 0.0085438992828130722, "risk_category": "LOW", "priority": "LOW" }, "geometry": { "type": "Point", "coordinates": [ 89.9444034, 25.26118 ] } },
{ "type": "Feature", "properties": { "osm_id": 2659224820, "osm_type": "node", "name": "Sreebardi", "highway": null, "place": "village", "dynamic_risk": 0.0, "risk_category": "LOW", "priority": "LOW" }, "geometry": { "type": "Point", "coordinates": [ 89.9283972, 25.1347246 ] } },
{ "type": "Feature", "properties": { "osm_id": 2659224822, "osm_type": "node", "name": "Tantihati", "highway": null, "place": "village", "dynamic_risk": 0.00093749997904524207, "risk_category": "LOW", "priority": "LOW" }, "geometry": { "type": "Point", "coordinates": [ 89.9496673, 25.1700222 ] } },
{ "type": "Feature", "properties": { "osm_id": 2659224823, "osm_type": "node", "name": "Urpha", "highway": null, "place": "village", "dynamic_risk": 0.026618132367730141, "risk_category": "LOW", "priority": "LOW" }, "geometry": { "type": "Point", "coordinates": [ 90.2193804, 25.0039522 ] } },
{ "type": "Feature", "properties": { "osm_id": 2797030484, "osm_type": "node", "name": "Bongaon", "highway": null, "place": "village", "dynamic_risk": 0.0026117856614291668, "risk_category": "LOW", "priority": "LOW" }, "geometry": { "type": "Point", "coordinates": [ 90.0847039, 25.1219027 ] } },
{ "type": "Feature", "properties": { "osm_id": 2815723705, "osm_type": "node", "name": "Amtail", "highway": null, "place": "village", "dynamic_risk": 0.0022749998606741428, "risk_category": "LOW", "priority": "LOW" }, "geometry": { "type": "Point", "coordinates": [ 90.3328264, 25.0148858 ] } },
{ "type": "Feature", "properties": { "osm_id": 2815723725, "osm_type": "node", "name": "Bhubankura", "highway": null, "place": "village", "dynamic_risk": 0.0, "risk_category": "LOW", "priority": "LOW" }, "geometry": { "type": "Point", "coordinates": [ 90.2965828, 25.1728127 ] } },
{ "type": "Feature", "properties": { "osm_id": 2815723726, "osm_type": "node", "name": "Bildora", "highway": null, "place": "village", "dynamic_risk": 0.0084326779469847679, "risk_category": "LOW", "priority": "LOW" }, "geometry": { "type": "Point", "coordinates": [ 90.4481986, 25.039989 ] } },
{ "type": "Feature", "properties": { "osm_id": 2815723737, "osm_type": "node", "name": "Daskhin Majipara", "highway": null, "place": "village", "dynamic_risk": 0.0040624998509883881, "risk_category": "LOW", "priority": "LOW" }, "geometry": { "type": "Point", "coordinates": [ 90.570596, 25.1534475 ] } },
{ "type": "Feature", "properties": { "osm_id": 2815723742, "osm_type": "node", "name": "Dhara", "highway": null, "place": "village", "dynamic_risk": 0.036018792539834976, "risk_category": "LOW", "priority": "LOW" }, "geometry": { "type": "Point", "coordinates": [ 90.3294108, 25.0492725 ] } },
{ "type": "Feature", "properties": { "osm_id": 2815723744, "osm_type": "node", "name": "Dhurail", "highway": null, "place": "village", "dynamic_risk": 0.030204106122255325, "risk_category": "LOW", "priority": "LOW" }, "geometry": { "type": "Point", "coordinates": [ 90.2679295, 25.0344874 ] } },
{ "type": "Feature", "properties": { "osm_id": 2815723748, "osm_type": "node", "name": "Gamaritola", "highway": null, "place": "village", "dynamic_risk": 0.020498303696513176, "risk_category": "LOW", "priority": "LOW" }, "geometry": { "type": "Point", "coordinates": [ 90.5653144, 25.1099232 ] } },
{ "type": "Feature", "properties": { "osm_id": 2815723750, "osm_type": "node", "name": "Gazir Bhita", "highway": null, "place": "village", "dynamic_risk": 0.03176562488079071, "risk_category": "LOW", "priority": "LOW" }, "geometry": { "type": "Point", "coordinates": [ 90.405555, 25.1373617 ] } },
{ "type": "Feature", "properties": { "osm_id": 2815723753, "osm_type": "node", "name": "Ghoshgaon", "highway": null, "place": "village", "dynamic_risk": 0.033087052404880524, "risk_category": "LOW", "priority": "LOW" }, "geometry": { "type": "Point", "coordinates": [ 90.4812316, 25.1385764 ] } },
{ "type": "Feature", "properties": { "osm_id": 2815723754, "osm_type": "node", "name": "Guatala", "highway": null, "place": "village", "dynamic_risk": 0.012629732489585876, "risk_category": "LOW", "priority": "LOW" }, "geometry": { "type": "Point", "coordinates": [ 90.5132852, 25.0417082 ] } },
{ "type": "Feature", "properties": { "osm_id": 2815723760, "osm_type": "node", "name": "Jugil", "highway": null, "place": "village", "dynamic_risk": 0.0045499997213482857, "risk_category": "LOW", "priority": "LOW" }, "geometry": { "type": "Point", "coordinates": [ 90.280833, 25.1195631 ] } },
{ "type": "Feature", "properties": { "osm_id": 2815723762, "osm_type": "node", "name": "Kaichapur", "highway": null, "place": "village", "dynamic_risk": 0.014111329801380634, "risk_category": "LOW", "priority": "LOW" }, "geometry": { "type": "Point", "coordinates": [ 90.3170766, 25.0915548 ] } },
{ "type": "Feature", "properties": { "osm_id": 2815723785, "osm_type": "node", "name": "Narail", "highway": null, "place": "village", "dynamic_risk": 0.0, "risk_category": "LOW", "priority": "LOW" }, "geometry": { "type": "Point", "coordinates": [ 90.391651, 25.0748842 ] } },
{ "type": "Feature", "properties": { "osm_id": 2815723790, "osm_type": "node", "name": "Pora Kandulia", "highway": null, "place": "village", "dynamic_risk": 0.0091269640251994133, "risk_category": "LOW", "priority": "LOW" }, "geometry": { "type": "Point", "coordinates": [ 90.5783577, 25.0589133 ] } },
{ "type": "Feature", "properties": { "osm_id": 2815724306, "osm_type": "node", "name": "Sakual", "highway": null, "place": "village", "dynamic_risk": 0.0043747886084020138, "risk_category": "LOW", "priority": "LOW" }, "geometry": { "type": "Point", "coordinates": [ 90.4206838, 25.0143699 ] } },
{ "type": "Feature", "properties": { "osm_id": 2815724315, "osm_type": "node", "name": "Swadeshi", "highway": null, "place": "village", "dynamic_risk": 0.013929106295108795, "risk_category": "LOW", "priority": "LOW" }, "geometry": { "type": "Point", "coordinates": [ 90.383871, 25.0337997 ] } },
{ "type": "Feature", "properties": { "osm_id": 3178190161, "osm_type": "node", "name": "Mawlynnong", "highway": null, "place": "hamlet", "dynamic_risk": 0.14870250225067139, "risk_category": "LOW", "priority": "LOW" }, "geometry": { "type": "Point", "coordinates": [ 91.9155148, 25.2019507 ] } },
{ "type": "Feature", "properties": { "osm_id": 3440747756, "osm_type": "node", "name": "Tikrikila", "highway": null, "place": "village", "dynamic_risk": null, "risk_category": "NO DATA", "priority": "NO DATA" }, "geometry": { "type": "Point", "coordinates": [ 90.3496112, 26.0047453 ] } },
{ "type": "Feature", "properties": { "osm_id": 3489223621, "osm_type": "node", "name": "Mawphlang", "highway": null, "place": "village", "dynamic_risk": 0.29974153637886047, "risk_category": "MODERATE", "priority": "LOW" }, "geometry": { "type": "Point", "coordinates": [ 91.758819, 25.454668 ] } },
{ "type": "Feature", "properties": { "osm_id": 3498512460, "osm_type": "node", "name": "Mawkasiang", "highway": null, "place": "village", "dynamic_risk": 0.4372057318687439, "risk_category": "ELEVATED", "priority": "MODERATE" }, "geometry": { "type": "Point", "coordinates": [ 91.9685187, 25.6009056 ] } },
{ "type": "Feature", "properties": { "osm_id": 3498512461, "osm_type": "node", "name": "Mawpdang", "highway": null, "place": "village", "dynamic_risk": 0.22825430333614349, "risk_category": "MODERATE", "priority": "LOW" }, "geometry": { "type": "Point", "coordinates": [ 91.9903554, 25.5869193 ] } },
{ "type": "Feature", "properties": { "osm_id": 3498512462, "osm_type": "node", "name": "Tynring", "highway": null, "place": "village", "dynamic_risk": 0.24560122191905975, "risk_category": "MODERATE", "priority": "LOW" }, "geometry": { "type": "Point", "coordinates": [ 91.983908, 25.5932494 ] } },
{ "type": "Feature", "properties": { "osm_id": 3498528953, "osm_type": "node", "name": "Mawdiangdiang", "highway": null, "place": "village", "dynamic_risk": 0.56170439720153809, "risk_category": "HIGH", "priority": "HIGH" }, "geometry": { "type": "Point", "coordinates": [ 91.9491415, 25.5974938 ] } },
{ "type": "Feature", "properties": { "osm_id": 3498593553, "osm_type": "node", "name": "Ishyrwat", "highway": null, "place": "village", "dynamic_risk": 0.55602699518203735, "risk_category": "HIGH", "priority": "HIGH" }, "geometry": { "type": "Point", "coordinates": [ 91.9244343, 25.5908636 ] } },
{ "type": "Feature", "properties": { "osm_id": 3588842645, "osm_type": "node", "name": "Rongmara", "highway": null, "place": "village", "dynamic_risk": 0.0041249995119869709, "risk_category": "LOW", "priority": "LOW" }, "geometry": { "type": "Point", "coordinates": [ 90.7762805, 25.1987795 ] } },
{ "type": "Feature", "properties": { "osm_id": 3642843359, "osm_type": "node", "name": "Beheli", "highway": null, "place": "village", "dynamic_risk": 0.00092500000027939677, "risk_category": "LOW", "priority": "LOW" }, "geometry": { "type": "Point", "coordinates": [ 91.1619357, 25.0192267 ] } },
{ "type": "Feature", "properties": { "osm_id": 3642843363, "osm_type": "node", "name": "Fatehpur", "highway": null, "place": "village", "dynamic_risk": 0.042131815105676651, "risk_category": "LOW", "priority": "LOW" }, "geometry": { "type": "Point", "coordinates": [ 91.2713538, 25.0448588 ] } },
{ "type": "Feature", "properties": { "osm_id": 3642843369, "osm_type": "node", "name": "Sachna Bazar", "highway": null, "place": "village", "dynamic_risk": 0.0014800000935792923, "risk_category": "LOW", "priority": "LOW" }, "geometry": { "type": "Point", "coordinates": [ 91.2680208, 25.0124177 ] } },
{ "type": "Feature", "properties": { "osm_id": 3642846277, "osm_type": "node", "name": "Chandigarh", "highway": null, "place": "village", "dynamic_risk": 0.01456434465944767, "risk_category": "LOW", "priority": "LOW" }, "geometry": { "type": "Point", "coordinates": [ 90.7475556, 25.1065664 ] } },
{ "type": "Feature", "properties": { "osm_id": 3642846278, "osm_type": "node", "name": "Dakshin Badal", "highway": null, "place": "village", "dynamic_risk": 0.010104870423674583, "risk_category": "LOW", "priority": "LOW" }, "geometry": { "type": "Point", "coordinates": [ 91.1724136, 25.1310085 ] } },
{ "type": "Feature", "properties": { "osm_id": 3642846279, "osm_type": "node", "name": "Dakshin Bangshikunda", "highway": null, "place": "village", "dynamic_risk": 0.0015416668029502034, "risk_category": "LOW", "priority": "LOW" }, "geometry": { "type": "Point", "coordinates": [ 90.9854449, 25.1054019 ] } },
{ "type": "Feature", "properties": { "osm_id": 3642846280, "osm_type": "node", "name": "Dakshin Sreepur", "highway": null, "place": "village", "dynamic_risk": 0.0, "risk_category": "LOW", "priority": "LOW" }, "geometry": { "type": "Point", "coordinates": [ 91.1010378, 25.0846689 ] } },
{ "type": "Feature", "properties": { "osm_id": 3642846281, "osm_type": "node", "name": "Kharnai", "highway": null, "place": "village", "dynamic_risk": 0.024589849635958672, "risk_category": "LOW", "priority": "LOW" }, "geometry": { "type": "Point", "coordinates": [ 90.8485291, 25.1251154 ] } },
{ "type": "Feature", "properties": { "osm_id": 3642846282, "osm_type": "node", "name": "Kullagora", "highway": null, "place": "village", "dynamic_risk": 0.0, "risk_category": "LOW", "priority": "LOW" }, "geometry": { "type": "Point", "coordinates": [ 90.6401872, 25.1425621 ] } },
{ "type": "Feature", "properties": { "osm_id": 3642846283, "osm_type": "node", "name": "Lengura", "highway": null, "place": "village", "dynamic_risk": 0.043334249407052994, "risk_category": "LOW", "priority": "LOW" }, "geometry": { "type": "Point", "coordinates": [ 90.7872537, 25.1444193 ] } },
{ "type": "Feature", "properties": { "osm_id": 3642846284, "osm_type": "node", "name": "Madhyanagar", "highway": null, "place": "village", "dynamic_risk": 0.0, "risk_category": "LOW", "priority": "LOW" }, "geometry": { "type": "Point", "coordinates": [ 90.9820782, 25.0496993 ] } },
{ "type": "Feature", "properties": { "osm_id": 3642846285, "osm_type": "node", "name": "Rangchhati", "highway": null, "place": "village", "dynamic_risk": 0.03955257311463356, "risk_category": "LOW", "priority": "LOW" }, "geometry": { "type": "Point", "coordinates": [ 90.917436, 25.1342597 ] } },
{ "type": "Feature", "properties": { "osm_id": 3642846286, "osm_type": "node", "name": "Uttar Badaghat", "highway": null, "place": "village", "dynamic_risk": 0.033221051096916199, "risk_category": "LOW", "priority": "LOW" }, "geometry": { "type": "Point", "coordinates": [ 91.2788039, 25.1891113 ] } },
{ "type": "Feature", "properties": { "osm_id": 3642846287, "osm_type": "node", "name": "Uttar Badal", "highway": null, "place": "village", "dynamic_risk": 0.022000813856720924, "risk_category": "LOW", "priority": "LOW" }, "geometry": { "type": "Point", "coordinates": [ 91.2195485, 25.1696114 ] } },
{ "type": "Feature", "properties": { "osm_id": 3642846288, "osm_type": "node", "name": "Uttar Bangshikunda", "highway": null, "place": "village", "dynamic_risk": 0.0035624997690320015, "risk_category": "LOW", "priority": "LOW" }, "geometry": { "type": "Point", "coordinates": [ 91.0081146, 25.1637201 ] } },
{ "type": "Feature", "properties": { "osm_id": 3642846289, "osm_type": "node", "name": "Uttar Sreepur", "highway": null, "place": "village", "dynamic_risk": 0.0051982146687805653, "risk_category": "LOW", "priority": "LOW" }, "geometry": { "type": "Point", "coordinates": [ 91.1349301, 25.1499051 ] } },
{ "type": "Feature", "properties": { "osm_id": 3642855937, "osm_type": "node", "name": "Bakaljora", "highway": null, "place": "village", "dynamic_risk": 0.037045784294605255, "risk_category": "LOW", "priority": "LOW" }, "geometry": { "type": "Point", "coordinates": [ 90.720566, 25.0464327 ] } },
{ "type": "Feature", "properties": { "osm_id": 3642855938, "osm_type": "node", "name": "Bara Kharpan", "highway": null, "place": "village", "dynamic_risk": 0.00046250000013969839, "risk_category": "LOW", "priority": "LOW" }, "geometry": { "type": "Point", "coordinates": [ 90.921262, 25.020345 ] } },
{ "type": "Feature", "properties": { "osm_id": 3642855940, "osm_type": "node", "name": "Chamardani", "highway": null, "place": "village", "dynamic_risk": 0.0, "risk_category": "LOW", "priority": "LOW" }, "geometry": { "type": "Point", "coordinates": [ 91.0229961, 25.02581 ] } },
{ "type": "Feature", "properties": { "osm_id": 3642855943, "osm_type": "node", "name": "Ghagra", "highway": null, "place": "village", "dynamic_risk": 0.0022275000810623169, "risk_category": "LOW", "priority": "LOW" }, "geometry": { "type": "Point", "coordinates": [ 90.5820696, 25.0064837 ] } },
{ "type": "Feature", "properties": { "osm_id": 3642855945, "osm_type": "node", "name": "Kakairgara", "highway": null, "place": "village", "dynamic_risk": 0.0, "risk_category": "LOW", "priority": "LOW" }, "geometry": { "type": "Point", "coordinates": [ 90.6632766, 25.0368989 ] } },
{ "type": "Feature", "properties": { "osm_id": 3642855947, "osm_type": "node", "name": "Kallati", "highway": null, "place": "village", "dynamic_risk": 0.035271398723125458, "risk_category": "LOW", "priority": "LOW" }, "geometry": { "type": "Point", "coordinates": [ 90.8011173, 25.023509 ] } },
{ "type": "Feature", "properties": { "osm_id": 3642855953, "osm_type": "node", "name": "Nazirpur", "highway": null, "place": "village", "dynamic_risk": 0.0, "risk_category": "LOW", "priority": "LOW" }, "geometry": { "type": "Point", "coordinates": [ 90.8232318, 25.0770539 ] } },
{ "type": "Feature", "properties": { "osm_id": 3642855955, "osm_type": "node", "name": "Pogla", "highway": null, "place": "village", "dynamic_risk": 0.0, "risk_category": "LOW", "priority": "LOW" }, "geometry": { "type": "Point", "coordinates": [ 90.8774576, 25.003661 ] } },
{ "type": "Feature", "properties": { "osm_id": 3677642605, "osm_type": "node", "name": "Agia", "highway": null, "place": "village", "dynamic_risk": null, "risk_category": "NO DATA", "priority": "NO DATA" }, "geometry": { "type": "Point", "coordinates": [ 90.5627132, 26.0869153 ] } },
{ "type": "Feature", "properties": { "osm_id": 3677642608, "osm_type": "node", "name": "Solmari", "highway": null, "place": "village", "dynamic_risk": null, "risk_category": "NO DATA", "priority": "NO DATA" }, "geometry": { "type": "Point", "coordinates": [ 90.5806694, 26.1186962 ] } },
{ "type": "Feature", "properties": { "osm_id": 3702093694, "osm_type": "node", "name": "শিবগঞ্জ", "highway": null, "place": "village", "dynamic_risk": 0.0068141669034957886, "risk_category": "LOW", "priority": "LOW" }, "geometry": { "type": "Point", "coordinates": [ 90.6662296, 25.1210315 ] } },
{ "type": "Feature", "properties": { "osm_id": 3933644721, "osm_type": "node", "name": "Nongriat", "highway": null, "place": "hamlet", "dynamic_risk": 0.36433684825897217, "risk_category": "ELEVATED", "priority": "MODERATE" }, "geometry": { "type": "Point", "coordinates": [ 91.6713764, 25.2510232 ] } },
{ "type": "Feature", "properties": { "osm_id": 3977978763, "osm_type": "node", "name": "দাঁতভাঙ্গা", "highway": null, "place": "village", "dynamic_risk": null, "risk_category": "NO DATA", "priority": "NO DATA" }, "geometry": { "type": "Point", "coordinates": [ 89.8521852, 25.6547148 ] } },
{ "type": "Feature", "properties": { "osm_id": 3977978764, "osm_type": "node", "name": "ঘোগাদহ", "highway": null, "place": "village", "dynamic_risk": null, "risk_category": "NO DATA", "priority": "NO DATA" }, "geometry": { "type": "Point", "coordinates": [ 89.7247483, 25.8453817 ] } },
{ "type": "Feature", "properties": { "osm_id": 3977978767, "osm_type": "node", "name": "যাদুরচর", "highway": null, "place": "village", "dynamic_risk": 0.0055156252346932888, "risk_category": "LOW", "priority": "LOW" }, "geometry": { "type": "Point", "coordinates": [ 89.8125442, 25.5179652 ] } },
{ "type": "Feature", "properties": { "osm_id": 3977978782, "osm_type": "node", "name": "নয়ারহাট", "highway": null, "place": "village", "dynamic_risk": 0.016546875238418579, "risk_category": "LOW", "priority": "LOW" }, "geometry": { "type": "Point", "coordinates": [ 89.7521773, 25.6013486 ] } },
{ "type": "Feature", "properties": { "osm_id": 3977978786, "osm_type": "node", "name": "শৌলমারী", "highway": null, "place": "village", "dynamic_risk": 0.020937498658895493, "risk_category": "LOW", "priority": "LOW" }, "geometry": { "type": "Point", "coordinates": [ 89.8548007, 25.5930388 ] } },
{ "type": "Feature", "properties": { "osm_id": 3980086856, "osm_type": "node", "name": "বল্লভেরখাস", "highway": null, "place": "village", "dynamic_risk": null, "risk_category": "NO DATA", "priority": "NO DATA" }, "geometry": { "type": "Point", "coordinates": [ 89.7974191, 25.9564637 ] } },
{ "type": "Feature", "properties": { "osm_id": 3980088457, "osm_type": "node", "name": "বামনডাঙ্গা", "highway": null, "place": "village", "dynamic_risk": null, "risk_category": "NO DATA", "priority": "NO DATA" }, "geometry": { "type": "Point", "coordinates": [ 89.7366597, 25.9768183 ] } },
{ "type": "Feature", "properties": { "osm_id": 3980088461, "osm_type": "node", "name": "বেরুবাড়ী", "highway": null, "place": "village", "dynamic_risk": null, "risk_category": "NO DATA", "priority": "NO DATA" }, "geometry": { "type": "Point", "coordinates": [ 89.7314354, 25.9548459 ] } },
{ "type": "Feature", "properties": { "osm_id": 3980088465, "osm_type": "node", "name": "ভিতরবন্দ", "highway": null, "place": "village", "dynamic_risk": null, "risk_category": "NO DATA", "priority": "NO DATA" }, "geometry": { "type": "Point", "coordinates": [ 89.7096128, 25.8905757 ] } },
{ "type": "Feature", "properties": { "osm_id": 3980088476, "osm_type": "node", "name": "নারায়ণপুর", "highway": null, "place": "village", "dynamic_risk": null, "risk_category": "NO DATA", "priority": "NO DATA" }, "geometry": { "type": "Point", "coordinates": [ 89.8343378, 25.8856944 ] } },
{ "type": "Feature", "properties": { "osm_id": 3980088479, "osm_type": "node", "name": "পাইকেরছড়া", "highway": null, "place": "village", "dynamic_risk": null, "risk_category": "NO DATA", "priority": "NO DATA" }, "geometry": { "type": "Point", "coordinates": [ 89.7060618, 26.0980346 ] } },
{ "type": "Feature", "properties": { "osm_id": 3992043594, "osm_type": "node", "name": "এরেন্ডাবাড়ী", "highway": null, "place": "village", "dynamic_risk": 0.0081011904403567314, "risk_category": "LOW", "priority": "LOW" }, "geometry": { "type": "Point", "coordinates": [ 89.7277978, 25.3292268 ] } },
{ "type": "Feature", "properties": { "osm_id": 3992043601, "osm_type": "node", "name": "মোল্লারচর", "highway": null, "place": "village", "dynamic_risk": 0.010734375566244125, "risk_category": "LOW", "priority": "LOW" }, "geometry": { "type": "Point", "coordinates": [ 89.7302205, 25.338642 ] } },
{ "type": "Feature", "properties": { "osm_id": 4021621746, "osm_type": "node", "name": "Rangthong", "highway": null, "place": "village", "dynamic_risk": 0.17151206731796265, "risk_category": "LOW", "priority": "LOW" }, "geometry": { "type": "Point", "coordinates": [ 91.3844879, 25.3392061 ] } },
{ "type": "Feature", "properties": { "osm_id": 4022577378, "osm_type": "node", "name": "Mawlong", "highway": null, "place": "hamlet", "dynamic_risk": 0.44836172461509705, "risk_category": "ELEVATED", "priority": "MODERATE" }, "geometry": { "type": "Point", "coordinates": [ 91.6942083, 25.2126188 ] } },
{ "type": "Feature", "properties": { "osm_id": 4022666867, "osm_type": "node", "name": null, "highway": null, "place": "hamlet", "dynamic_risk": 0.21550263464450836, "risk_category": "MODERATE", "priority": "LOW" }, "geometry": { "type": "Point", "coordinates": [ 91.3661007, 25.2506771 ] } },
{ "type": "Feature", "properties": { "osm_id": 4022667266, "osm_type": "node", "name": "Mawpud", "highway": null, "place": "village", "dynamic_risk": 0.34090614318847656, "risk_category": "MODERATE", "priority": "LOW" }, "geometry": { "type": "Point", "coordinates": [ 91.3808567, 25.2691086 ] } },
{ "type": "Feature", "properties": { "osm_id": 4022779331, "osm_type": "node", "name": null, "highway": null, "place": "village", "dynamic_risk": 0.45359811186790466, "risk_category": "ELEVATED", "priority": "MODERATE" }, "geometry": { "type": "Point", "coordinates": [ 91.6025456, 25.4532273 ] } },
{ "type": "Feature", "properties": { "osm_id": 4123548023, "osm_type": "node", "name": "Rongmachokgiri", "highway": null, "place": "village", "dynamic_risk": null, "risk_category": "NO DATA", "priority": "NO DATA" }, "geometry": { "type": "Point", "coordinates": [ 90.0610231, 25.8093812 ] } },
{ "type": "Feature", "properties": { "osm_id": 4571353823, "osm_type": "node", "name": "Mawsmai", "highway": null, "place": "hamlet", "dynamic_risk": 0.15140752494335175, "risk_category": "LOW", "priority": "LOW" }, "geometry": { "type": "Point", "coordinates": [ 91.7313137, 25.2426195 ] } },
{ "type": "Feature", "properties": { "osm_id": 4571356292, "osm_type": "node", "name": "Nongsawlia", "highway": null, "place": "village", "dynamic_risk": 0.26351380348205566, "risk_category": "MODERATE", "priority": "LOW" }, "geometry": { "type": "Point", "coordinates": [ 91.7279234, 25.2788113 ] } },
{ "type": "Feature", "properties": { "osm_id": 4571405213, "osm_type": "node", "name": "Naypyingsynn", "highway": null, "place": "hamlet", "dynamic_risk": 0.18546038866043091, "risk_category": "LOW", "priority": "LOW" }, "geometry": { "type": "Point", "coordinates": [ 91.9285139, 25.2033843 ] } },
{ "type": "Feature", "properties": { "osm_id": 4571408897, "osm_type": "node", "name": "Riwai", "highway": null, "place": "hamlet", "dynamic_risk": 0.18851619958877563, "risk_category": "LOW", "priority": "LOW" }, "geometry": { "type": "Point", "coordinates": [ 91.9346626, 25.2047501 ] } },
{ "type": "Feature", "properties": { "osm_id": 4712024278, "osm_type": "node", "name": "Tapirkona", "highway": null, "place": "village", "dynamic_risk": 0.012203393504023552, "risk_category": "LOW", "priority": "LOW" }, "geometry": { "type": "Point", "coordinates": [ 91.0115596, 25.0395202 ] } },
{ "type": "Feature", "properties": { "osm_id": 4712024279, "osm_type": "node", "name": "Madhyanagar Bazar", "highway": null, "place": "village", "dynamic_risk": 0.03080323338508606, "risk_category": "LOW", "priority": "LOW" }, "geometry": { "type": "Point", "coordinates": [ 90.9934846, 25.0494051 ] } },
{ "type": "Feature", "properties": { "osm_id": 4806821432, "osm_type": "node", "name": null, "highway": null, "place": "village", "dynamic_risk": null, "risk_category": "NO DATA", "priority": "NO DATA" }, "geometry": { "type": "Point", "coordinates": [ 89.9922419, 25.9514144 ] } },
{ "type": "Feature", "properties": { "osm_id": 4806821433, "osm_type": "node", "name": null, "highway": null, "place": "village", "dynamic_risk": null, "risk_category": "NO DATA", "priority": "NO DATA" }, "geometry": { "type": "Point", "coordinates": [ 90.017592, 25.9923028 ] } },
{ "type": "Feature", "properties": { "osm_id": 4839292004, "osm_type": "node", "name": "Motorghat", "highway": null, "place": "hamlet", "dynamic_risk": 0.021483730524778366, "risk_category": "LOW", "priority": "LOW" }, "geometry": { "type": "Point", "coordinates": [ 91.9165308, 25.00633 ] } },
{ "type": "Feature", "properties": { "osm_id": 4905897536, "osm_type": "node", "name": "Nohwet", "highway": null, "place": "village", "dynamic_risk": 0.17245094478130341, "risk_category": "LOW", "priority": "LOW" }, "geometry": { "type": "Point", "coordinates": [ 91.8934679, 25.2087464 ] } },
{ "type": "Feature", "properties": { "osm_id": 5352503441, "osm_type": "node", "name": "Khasi Tribe", "highway": null, "place": "hamlet", "dynamic_risk": 0.56130212545394897, "risk_category": "HIGH", "priority": "HIGH" }, "geometry": { "type": "Point", "coordinates": [ 91.9298869, 25.7236252 ] } },
{ "type": "Feature", "properties": { "osm_id": 5352503442, "osm_type": "node", "name": "Sumer Village", "highway": null, "place": "village", "dynamic_risk": 0.07785719633102417, "risk_category": "LOW", "priority": "LOW" }, "geometry": { "type": "Point", "coordinates": [ 91.9130212, 25.6828584 ] } },
{ "type": "Feature", "properties": { "osm_id": 5352503443, "osm_type": "node", "name": "Sumer", "highway": null, "place": "hamlet", "dynamic_risk": 0.38904580473899841, "risk_category": "ELEVATED", "priority": "MODERATE" }, "geometry": { "type": "Point", "coordinates": [ 91.9076621, 25.6955143 ] } },
{ "type": "Feature", "properties": { "osm_id": 5352802717, "osm_type": "node", "name": "Mawmluh", "highway": null, "place": "village", "dynamic_risk": 0.091775819659233093, "risk_category": "LOW", "priority": "LOW" }, "geometry": { "type": "Point", "coordinates": [ 91.7053699, 25.2557109 ] } },
{ "type": "Feature", "properties": { "osm_id": 5352802732, "osm_type": "node", "name": "Wahlong", "highway": null, "place": "hamlet", "dynamic_risk": 0.26588729023933411, "risk_category": "MODERATE", "priority": "LOW" }, "geometry": { "type": "Point", "coordinates": [ 91.6975379, 25.2290469 ] } },
{ "type": "Feature", "properties": { "osm_id": 5352802733, "osm_type": "node", "name": "Ryngud", "highway": null, "place": "hamlet", "dynamic_risk": 0.28843119740486145, "risk_category": "MODERATE", "priority": "LOW" }, "geometry": { "type": "Point", "coordinates": [ 91.7693165, 25.2255166 ] } },
{ "type": "Feature", "properties": { "osm_id": 5352802961, "osm_type": "node", "name": "Sohbar Village", "highway": null, "place": "village", "dynamic_risk": 0.4914417564868927, "risk_category": "ELEVATED", "priority": "MODERATE" }, "geometry": { "type": "Point", "coordinates": [ 91.7510585, 25.2124328 ] } },
{ "type": "Feature", "properties": { "osm_id": 5352802962, "osm_type": "node", "name": "Laittyra", "highway": null, "place": "hamlet", "dynamic_risk": 0.15179580450057983, "risk_category": "LOW", "priority": "LOW" }, "geometry": { "type": "Point", "coordinates": [ 91.7374889, 25.2107924 ] } },
{ "type": "Feature", "properties": { "osm_id": 5352803475, "osm_type": "node", "name": "Jasir", "highway": null, "place": "hamlet", "dynamic_risk": 0.37134724855422974, "risk_category": "ELEVATED", "priority": "MODERATE" }, "geometry": { "type": "Point", "coordinates": [ 91.6364211, 25.1964566 ] } },
{ "type": "Feature", "properties": { "osm_id": 5352803496, "osm_type": "node", "name": "Sohsarat", "highway": null, "place": "hamlet", "dynamic_risk": 0.41358795762062073, "risk_category": "ELEVATED", "priority": "MODERATE" }, "geometry": { "type": "Point", "coordinates": [ 91.6420483, 25.2063002 ] } },
{ "type": "Feature", "properties": { "osm_id": 5352803497, "osm_type": "node", "name": "Nongwar", "highway": null, "place": "village", "dynamic_risk": 0.1135035827755928, "risk_category": "LOW", "priority": "LOW" }, "geometry": { "type": "Point", "coordinates": [ 91.6450202, 25.2178804 ] } },
{ "type": "Feature", "properties": { "osm_id": 5352807461, "osm_type": "node", "name": "Laitiam", "highway": null, "place": "hamlet", "dynamic_risk": 0.39451634883880615, "risk_category": "ELEVATED", "priority": "MODERATE" }, "geometry": { "type": "Point", "coordinates": [ 91.7508978, 25.2327884 ] } },
{ "type": "Feature", "properties": { "osm_id": 5353084046, "osm_type": "node", "name": "Village", "highway": null, "place": "hamlet", "dynamic_risk": 0.31843715906143188, "risk_category": "MODERATE", "priority": "LOW" }, "geometry": { "type": "Point", "coordinates": [ 91.6800982, 25.3289572 ] } },
{ "type": "Feature", "properties": { "osm_id": 5353084090, "osm_type": "node", "name": "Mawphu", "highway": null, "place": "hamlet", "dynamic_risk": 0.42357942461967468, "risk_category": "ELEVATED", "priority": "MODERATE" }, "geometry": { "type": "Point", "coordinates": [ 91.642853, 25.2985034 ] } },
{ "type": "Feature", "properties": { "osm_id": 5353533659, "osm_type": "node", "name": "Jymmang ne Mawshamok", "highway": null, "place": "hamlet", "dynamic_risk": 0.37644672393798828, "risk_category": "ELEVATED", "priority": "MODERATE" }, "geometry": { "type": "Point", "coordinates": [ 91.6845587, 25.2342077 ] } },
{ "type": "Feature", "properties": { "osm_id": 5353533660, "osm_type": "node", "name": "Tyrna", "highway": null, "place": "hamlet", "dynamic_risk": 0.27567192912101746, "risk_category": "MODERATE", "priority": "LOW" }, "geometry": { "type": "Point", "coordinates": [ 91.6807794, 25.2411248 ] } },
{ "type": "Feature", "properties": { "osm_id": 5353533661, "osm_type": "node", "name": "Umblai", "highway": null, "place": "hamlet", "dynamic_risk": 0.47613838315010071, "risk_category": "ELEVATED", "priority": "MODERATE" }, "geometry": { "type": "Point", "coordinates": [ 91.6338998, 25.2792476 ] } },
{ "type": "Feature", "properties": { "osm_id": 5353533785, "osm_type": "node", "name": "Mawsahew", "highway": null, "place": "hamlet", "dynamic_risk": 0.3817313015460968, "risk_category": "ELEVATED", "priority": "MODERATE" }, "geometry": { "type": "Point", "coordinates": [ 91.6465759, 25.260047 ] } },
{ "type": "Feature", "properties": { "osm_id": 5353533864, "osm_type": "node", "name": "Village", "highway": null, "place": "hamlet", "dynamic_risk": 0.25623264908790588, "risk_category": "MODERATE", "priority": "LOW" }, "geometry": { "type": "Point", "coordinates": [ 91.6294581, 25.2523984 ] } },
{ "type": "Feature", "properties": { "osm_id": 5353533865, "osm_type": "node", "name": "Tynrong", "highway": null, "place": "hamlet", "dynamic_risk": 0.10242338478565216, "risk_category": "LOW", "priority": "LOW" }, "geometry": { "type": "Point", "coordinates": [ 91.6333634, 25.2466416 ] } },
{ "type": "Feature", "properties": { "osm_id": 5353533984, "osm_type": "node", "name": "Pyndemdkhar", "highway": null, "place": "hamlet", "dynamic_risk": 0.44421395659446716, "risk_category": "ELEVATED", "priority": "MODERATE" }, "geometry": { "type": "Point", "coordinates": [ 91.6627523, 25.2521728 ] } },
{ "type": "Feature", "properties": { "osm_id": 5353534186, "osm_type": "node", "name": "Mynteng", "highway": null, "place": "hamlet", "dynamic_risk": 0.39782640337944031, "risk_category": "ELEVATED", "priority": "MODERATE" }, "geometry": { "type": "Point", "coordinates": [ 91.6625002, 25.242965 ] } },
{ "type": "Feature", "properties": { "osm_id": 5353534187, "osm_type": "node", "name": "Mawjyndem", "highway": null, "place": "hamlet", "dynamic_risk": 0.46001040935516357, "risk_category": "ELEVATED", "priority": "MODERATE" }, "geometry": { "type": "Point", "coordinates": [ 91.6538876, 25.2475489 ] } },
{ "type": "Feature", "properties": { "osm_id": 5353534188, "osm_type": "node", "name": "Mawlakhiat", "highway": null, "place": "hamlet", "dynamic_risk": 0.48007956147193909, "risk_category": "ELEVATED", "priority": "MODERATE" }, "geometry": { "type": "Point", "coordinates": [ 91.6611108, 25.2562482 ] } },
{ "type": "Feature", "properties": { "osm_id": 5353534647, "osm_type": "node", "name": "Phlangmawsyrpat", "highway": null, "place": "hamlet", "dynamic_risk": 0.30232378840446472, "risk_category": "MODERATE", "priority": "LOW" }, "geometry": { "type": "Point", "coordinates": [ 91.5949702, 25.2614102 ] } },
{ "type": "Feature", "properties": { "osm_id": 5353534648, "osm_type": "node", "name": "Phlangsynnei", "highway": null, "place": "hamlet", "dynamic_risk": 0.031609442085027695, "risk_category": "LOW", "priority": "LOW" }, "geometry": { "type": "Point", "coordinates": [ 91.6010696, 25.2569905 ] } },
{ "type": "Feature", "properties": { "osm_id": 5353534833, "osm_type": "node", "name": "Lyngkhom", "highway": null, "place": "hamlet", "dynamic_risk": 0.36210265755653381, "risk_category": "ELEVATED", "priority": "MODERATE" }, "geometry": { "type": "Point", "coordinates": [ 91.60748, 25.2514547 ] } },
{ "type": "Feature", "properties": { "osm_id": 5353534834, "osm_type": "node", "name": "Tyngnger", "highway": null, "place": "hamlet", "dynamic_risk": 0.29593855142593384, "risk_category": "MODERATE", "priority": "LOW" }, "geometry": { "type": "Point", "coordinates": [ 91.603269, 25.2430414 ] } },
{ "type": "Feature", "properties": { "osm_id": 5353534835, "osm_type": "node", "name": "Tyngnger", "highway": null, "place": "hamlet", "dynamic_risk": 0.25063207745552063, "risk_category": "MODERATE", "priority": "LOW" }, "geometry": { "type": "Point", "coordinates": [ 91.6102374, 25.235433 ] } },
{ "type": "Feature", "properties": { "osm_id": 5353534836, "osm_type": "node", "name": "Dewsaw", "highway": null, "place": "hamlet", "dynamic_risk": 0.25945550203323364, "risk_category": "MODERATE", "priority": "LOW" }, "geometry": { "type": "Point", "coordinates": [ 91.61484, 25.2285374 ] } },
{ "type": "Feature", "properties": { "osm_id": 5354919912, "osm_type": "node", "name": "Mawkasaiñ", "highway": null, "place": "village", "dynamic_risk": 0.39693731069564819, "risk_category": "ELEVATED", "priority": "MODERATE" }, "geometry": { "type": "Point", "coordinates": [ 91.5177494, 25.265073 ] } },
{ "type": "Feature", "properties": { "osm_id": 5354919914, "osm_type": "node", "name": "Lumdiengngan", "highway": null, "place": "village", "dynamic_risk": 0.11485777795314789, "risk_category": "LOW", "priority": "LOW" }, "geometry": { "type": "Point", "coordinates": [ 91.5259194, 25.2578687 ] } },
{ "type": "Feature", "properties": { "osm_id": 5354919981, "osm_type": "node", "name": "Nongrim", "highway": null, "place": "village", "dynamic_risk": 0.30297616124153137, "risk_category": "MODERATE", "priority": "LOW" }, "geometry": { "type": "Point", "coordinates": [ 91.5192568, 25.2370925 ] } },
{ "type": "Feature", "properties": { "osm_id": 5354920009, "osm_type": "node", "name": "Sohmynken", "highway": null, "place": "village", "dynamic_risk": 0.16140900552272797, "risk_category": "LOW", "priority": "LOW" }, "geometry": { "type": "Point", "coordinates": [ 91.5233928, 25.2425222 ] } },
{ "type": "Feature", "properties": { "osm_id": 5354920116, "osm_type": "node", "name": "Mawdon", "highway": null, "place": "hamlet", "dynamic_risk": 0.30896541476249695, "risk_category": "MODERATE", "priority": "LOW" }, "geometry": { "type": "Point", "coordinates": [ 91.5587014, 25.2148034 ] } },
{ "type": "Feature", "properties": { "osm_id": 5354920117, "osm_type": "node", "name": "Mawkhan", "highway": null, "place": "hamlet", "dynamic_risk": 0.19498942792415619, "risk_category": "LOW", "priority": "LOW" }, "geometry": { "type": "Point", "coordinates": [ 91.5638941, 25.2162303 ] } },
{ "type": "Feature", "properties": { "osm_id": 5354920167, "osm_type": "node", "name": "Thyllaw", "highway": null, "place": "village", "dynamic_risk": 0.23069919645786285, "risk_category": "MODERATE", "priority": "LOW" }, "geometry": { "type": "Point", "coordinates": [ 91.5239239, 25.2298428 ] } },
{ "type": "Feature", "properties": { "osm_id": 5355167393, "osm_type": "node", "name": "Langar", "highway": null, "place": "hamlet", "dynamic_risk": 0.34128034114837646, "risk_category": "MODERATE", "priority": "LOW" }, "geometry": { "type": "Point", "coordinates": [ 91.7678654, 25.2183317 ] } },
{ "type": "Feature", "properties": { "osm_id": 5355287501, "osm_type": "node", "name": "Village", "highway": null, "place": "village", "dynamic_risk": 0.1696934849023819, "risk_category": "LOW", "priority": "LOW" }, "geometry": { "type": "Point", "coordinates": [ 91.7475048, 25.3694493 ] } },
{ "type": "Feature", "properties": { "osm_id": 5355287589, "osm_type": "node", "name": "Village", "highway": null, "place": "hamlet", "dynamic_risk": 0.23362152278423309, "risk_category": "MODERATE", "priority": "LOW" }, "geometry": { "type": "Point", "coordinates": [ 91.7346919, 25.3860228 ] } },
{ "type": "Feature", "properties": { "osm_id": 5359722626, "osm_type": "node", "name": "Mawkawir", "highway": null, "place": "hamlet", "dynamic_risk": 0.25169175863265991, "risk_category": "MODERATE", "priority": "LOW" }, "geometry": { "type": "Point", "coordinates": [ 91.653142, 25.2581355 ] } },
{ "type": "Feature", "properties": { "osm_id": 5359722851, "osm_type": "node", "name": "Sohsarat", "highway": null, "place": "hamlet", "dynamic_risk": 0.3960302472114563, "risk_category": "ELEVATED", "priority": "MODERATE" }, "geometry": { "type": "Point", "coordinates": [ 91.6641444, 25.2174703 ] } },
{ "type": "Feature", "properties": { "osm_id": 5359722907, "osm_type": "node", "name": "Mawryngkhong", "highway": null, "place": "hamlet", "dynamic_risk": 0.57243996858596802, "risk_category": "HIGH", "priority": "HIGH" }, "geometry": { "type": "Point", "coordinates": [ 91.6316843, 25.2012766 ] } },
{ "type": "Feature", "properties": { "osm_id": 5371423637, "osm_type": "node", "name": "Mayphlong", "highway": null, "place": "village", "dynamic_risk": 0.2513711154460907, "risk_category": "MODERATE", "priority": "LOW" }, "geometry": { "type": "Point", "coordinates": [ 91.8683946, 25.2035967 ] } },
{ "type": "Feature", "properties": { "osm_id": 5371423638, "osm_type": "node", "name": "Mevi", "highway": null, "place": "hamlet", "dynamic_risk": 0.33843934535980225, "risk_category": "MODERATE", "priority": "LOW" }, "geometry": { "type": "Point", "coordinates": [ 91.8579876, 25.1947165 ] } },
{ "type": "Feature", "properties": { "osm_id": 5371423832, "osm_type": "node", "name": "Lynnyang", "highway": null, "place": "village", "dynamic_risk": 0.18943607807159424, "risk_category": "LOW", "priority": "LOW" }, "geometry": { "type": "Point", "coordinates": [ 91.8364978, 25.2020289 ] } },
{ "type": "Feature", "properties": { "osm_id": 5371424003, "osm_type": "node", "name": "Wongkalikai", "highway": null, "place": "village", "dynamic_risk": 0.1417372077703476, "risk_category": "LOW", "priority": "LOW" }, "geometry": { "type": "Point", "coordinates": [ 91.8366104, 25.2512412 ] } },
{ "type": "Feature", "properties": { "osm_id": 5371424423, "osm_type": "node", "name": "Mawkliaw", "highway": null, "place": "hamlet", "dynamic_risk": 0.13717716932296753, "risk_category": "LOW", "priority": "LOW" }, "geometry": { "type": "Point", "coordinates": [ 91.8159923, 25.2296341 ] } },
{ "type": "Feature", "properties": { "osm_id": 5371424424, "osm_type": "node", "name": "Kemrang", "highway": null, "place": "hamlet", "dynamic_risk": 0.16162410378456116, "risk_category": "LOW", "priority": "LOW" }, "geometry": { "type": "Point", "coordinates": [ 91.813066, 25.2319974 ] } },
{ "type": "Feature", "properties": { "osm_id": 5371424628, "osm_type": "node", "name": "Mawlatang", "highway": null, "place": "hamlet", "dynamic_risk": 0.10340271145105362, "risk_category": "LOW", "priority": "LOW" }, "geometry": { "type": "Point", "coordinates": [ 91.801971, 25.2415251 ] } },
{ "type": "Feature", "properties": { "osm_id": 5371424629, "osm_type": "node", "name": "Tyrngei", "highway": null, "place": "hamlet", "dynamic_risk": 0.27028355002403259, "risk_category": "MODERATE", "priority": "LOW" }, "geometry": { "type": "Point", "coordinates": [ 91.798456, 25.2365721 ] } },
{ "type": "Feature", "properties": { "osm_id": 5371425541, "osm_type": "node", "name": "Sohkhmi", "highway": null, "place": "village", "dynamic_risk": 0.33262869715690613, "risk_category": "MODERATE", "priority": "LOW" }, "geometry": { "type": "Point", "coordinates": [ 91.7774804, 25.236381 ] } },
{ "type": "Feature", "properties": { "osm_id": 5372576399, "osm_type": "node", "name": null, "highway": null, "place": "hamlet", "dynamic_risk": 0.15841966867446899, "risk_category": "LOW", "priority": "LOW" }, "geometry": { "type": "Point", "coordinates": [ 91.9236025, 25.1935879 ] } },
{ "type": "Feature", "properties": { "osm_id": 5372576400, "osm_type": "node", "name": "Sepplang", "highway": null, "place": "hamlet", "dynamic_risk": 0.21762356162071228, "risk_category": "MODERATE", "priority": "LOW" }, "geometry": { "type": "Point", "coordinates": [ 91.920113, 25.1997136 ] } },
{ "type": "Feature", "properties": { "osm_id": 5372576401, "osm_type": "node", "name": null, "highway": null, "place": "hamlet", "dynamic_risk": 0.08867190033197403, "risk_category": "LOW", "priority": "LOW" }, "geometry": { "type": "Point", "coordinates": [ 91.9035691, 25.2157668 ] } },
{ "type": "Feature", "properties": { "osm_id": 5372576484, "osm_type": "node", "name": null, "highway": null, "place": "hamlet", "dynamic_risk": 0.13059374690055847, "risk_category": "LOW", "priority": "LOW" }, "geometry": { "type": "Point", "coordinates": [ 91.9317377, 25.1982817 ] } },
{ "type": "Feature", "properties": { "osm_id": 5372576511, "osm_type": "node", "name": null, "highway": null, "place": "hamlet", "dynamic_risk": 0.0035475003533065319, "risk_category": "LOW", "priority": "LOW" }, "geometry": { "type": "Point", "coordinates": [ 91.9314212, 25.1815102 ] } },
{ "type": "Feature", "properties": { "osm_id": 5372576826, "osm_type": "node", "name": "Umkren", "highway": null, "place": "hamlet", "dynamic_risk": 0.030083037912845612, "risk_category": "LOW", "priority": "LOW" }, "geometry": { "type": "Point", "coordinates": [ 91.9942465, 25.1868842 ] } },
{ "type": "Feature", "properties": { "osm_id": 5379578776, "osm_type": "node", "name": "জাফলং", "highway": null, "place": "village", "dynamic_risk": 0.0013200001558288932, "risk_category": "LOW", "priority": "LOW" }, "geometry": { "type": "Point", "coordinates": [ 92.0202881, 25.1729658 ] } },
{ "type": "Feature", "properties": { "osm_id": 5379578777, "osm_type": "node", "name": "তামাবিল", "highway": null, "place": "village", "dynamic_risk": 0.034171368926763535, "risk_category": "LOW", "priority": "LOW" }, "geometry": { "type": "Point", "coordinates": [ 92.0327067, 25.1805539 ] } },
{ "type": "Feature", "properties": { "osm_id": 5379579507, "osm_type": "node", "name": "Lapalang", "highway": null, "place": "hamlet", "dynamic_risk": 0.10415097326040268, "risk_category": "LOW", "priority": "LOW" }, "geometry": { "type": "Point", "coordinates": [ 91.9623806, 25.1955307 ] } },
{ "type": "Feature", "properties": { "osm_id": 5379579508, "osm_type": "node", "name": "Nongtalang", "highway": null, "place": "village", "dynamic_risk": 0.18637531995773315, "risk_category": "LOW", "priority": "LOW" }, "geometry": { "type": "Point", "coordinates": [ 92.0665348, 25.2088483 ] } },
{ "type": "Feature", "properties": { "osm_id": 5379579509, "osm_type": "node", "name": "Lamin", "highway": null, "place": "hamlet", "dynamic_risk": 0.12676812708377838, "risk_category": "LOW", "priority": "LOW" }, "geometry": { "type": "Point", "coordinates": [ 92.0286888, 25.2147161 ] } },
{ "type": "Feature", "properties": { "osm_id": 5379579510, "osm_type": "node", "name": "Sohkha Myshon", "highway": null, "place": "hamlet", "dynamic_risk": 0.22445130348205566, "risk_category": "MODERATE", "priority": "LOW" }, "geometry": { "type": "Point", "coordinates": [ 92.0352763, 25.2118623 ] } },
{ "type": "Feature", "properties": { "osm_id": 5379579511, "osm_type": "node", "name": "Sohkha Shnong", "highway": null, "place": "hamlet", "dynamic_risk": 0.15565533936023712, "risk_category": "LOW", "priority": "LOW" }, "geometry": { "type": "Point", "coordinates": [ 92.0351851, 25.2150461 ] } },
{ "type": "Feature", "properties": { "osm_id": 5379579512, "osm_type": "node", "name": "Sohkha South", "highway": null, "place": "hamlet", "dynamic_risk": 0.18853603303432465, "risk_category": "LOW", "priority": "LOW" }, "geometry": { "type": "Point", "coordinates": [ 92.0414534, 25.2073388 ] } },
{ "type": "Feature", "properties": { "osm_id": 5380914170, "osm_type": "node", "name": "Rasong", "highway": null, "place": "hamlet", "dynamic_risk": 0.54189944267272949, "risk_category": "HIGH", "priority": "HIGH" }, "geometry": { "type": "Point", "coordinates": [ 91.9139063, 25.4408332 ] } },
{ "type": "Feature", "properties": { "osm_id": 5380915127, "osm_type": "node", "name": null, "highway": null, "place": "hamlet", "dynamic_risk": 0.58619475364685059, "risk_category": "HIGH", "priority": "HIGH" }, "geometry": { "type": "Point", "coordinates": [ 91.9019866, 25.430609 ] } },
{ "type": "Feature", "properties": { "osm_id": 5380915128, "osm_type": "node", "name": null, "highway": null, "place": "hamlet", "dynamic_risk": 0.62715959548950195, "risk_category": "HIGH", "priority": "HIGH" }, "geometry": { "type": "Point", "coordinates": [ 91.9045937, 25.4268325 ] } },
{ "type": "Feature", "properties": { "osm_id": 5381238695, "osm_type": "node", "name": "Jatah", "highway": null, "place": "hamlet", "dynamic_risk": 0.2365197092294693, "risk_category": "MODERATE", "priority": "LOW" }, "geometry": { "type": "Point", "coordinates": [ 92.0458281, 25.4089442 ] } },
{ "type": "Feature", "properties": { "osm_id": 5381238696, "osm_type": "node", "name": "Wahmawlein", "highway": null, "place": "hamlet", "dynamic_risk": 0.28053510189056396, "risk_category": "MODERATE", "priority": "LOW" }, "geometry": { "type": "Point", "coordinates": [ 91.9862214, 25.3796932 ] } },
{ "type": "Feature", "properties": { "osm_id": 5381238697, "osm_type": "node", "name": "Mawkynrew", "highway": null, "place": "village", "dynamic_risk": 0.1700073778629303, "risk_category": "LOW", "priority": "LOW" }, "geometry": { "type": "Point", "coordinates": [ 91.9996995, 25.4338524 ] } },
{ "type": "Feature", "properties": { "osm_id": 5381238698, "osm_type": "node", "name": "Jongksha", "highway": null, "place": "village", "dynamic_risk": 0.36130788922309875, "risk_category": "ELEVATED", "priority": "MODERATE" }, "geometry": { "type": "Point", "coordinates": [ 91.9679689, 25.4703212 ] } },
{ "type": "Feature", "properties": { "osm_id": 5381302708, "osm_type": "node", "name": "Syntung", "highway": null, "place": "village", "dynamic_risk": 0.18843674659729004, "risk_category": "LOW", "priority": "LOW" }, "geometry": { "type": "Point", "coordinates": [ 92.0535099, 25.3529414 ] } },
{ "type": "Feature", "properties": { "osm_id": 5383967460, "osm_type": "node", "name": null, "highway": null, "place": "hamlet", "dynamic_risk": 0.039747804403305054, "risk_category": "LOW", "priority": "LOW" }, "geometry": { "type": "Point", "coordinates": [ 92.1923303, 25.2514208 ] } },
{ "type": "Feature", "properties": { "osm_id": 5383968321, "osm_type": "node", "name": null, "highway": null, "place": "hamlet", "dynamic_risk": 0.050274651497602463, "risk_category": "LOW", "priority": "LOW" }, "geometry": { "type": "Point", "coordinates": [ 92.2391295, 25.257825 ] } },
{ "type": "Feature", "properties": { "osm_id": 5383968322, "osm_type": "node", "name": null, "highway": null, "place": "hamlet", "dynamic_risk": 0.056661557406187057, "risk_category": "LOW", "priority": "LOW" }, "geometry": { "type": "Point", "coordinates": [ 92.2233796, 25.256156 ] } },
{ "type": "Feature", "properties": { "osm_id": 5383968323, "osm_type": "node", "name": null, "highway": null, "place": "hamlet", "dynamic_risk": 0.053228504955768585, "risk_category": "LOW", "priority": "LOW" }, "geometry": { "type": "Point", "coordinates": [ 92.2300637, 25.262594 ] } },
{ "type": "Feature", "properties": { "osm_id": 5383968324, "osm_type": "node", "name": null, "highway": null, "place": "hamlet", "dynamic_risk": 0.038247603923082352, "risk_category": "LOW", "priority": "LOW" }, "geometry": { "type": "Point", "coordinates": [ 92.2285911, 25.2665915 ] } },
{ "type": "Feature", "properties": { "osm_id": 5383968325, "osm_type": "node", "name": null, "highway": null, "place": "hamlet", "dynamic_risk": 0.045779775828123093, "risk_category": "LOW", "priority": "LOW" }, "geometry": { "type": "Point", "coordinates": [ 92.2227681, 25.2668001 ] } },
{ "type": "Feature", "properties": { "osm_id": 5383968326, "osm_type": "node", "name": null, "highway": null, "place": "hamlet", "dynamic_risk": 0.1249319314956665, "risk_category": "LOW", "priority": "LOW" }, "geometry": { "type": "Point", "coordinates": [ 92.2133052, 25.2630355 ] } },
{ "type": "Feature", "properties": { "osm_id": 5383968521, "osm_type": "node", "name": "Lynnongsynn", "highway": null, "place": "village", "dynamic_risk": 0.12705992162227631, "risk_category": "LOW", "priority": "LOW" }, "geometry": { "type": "Point", "coordinates": [ 92.2073239, 25.2070573 ] } },
{ "type": "Feature", "properties": { "osm_id": 5383968522, "osm_type": "node", "name": null, "highway": null, "place": "village", "dynamic_risk": 0.17730236053466797, "risk_category": "LOW", "priority": "LOW" }, "geometry": { "type": "Point", "coordinates": [ 92.1473497, 25.2322746 ] } },
{ "type": "Feature", "properties": { "osm_id": 5383989465, "osm_type": "node", "name": "Bataw", "highway": null, "place": "hamlet", "dynamic_risk": 0.1036657840013504, "risk_category": "LOW", "priority": "LOW" }, "geometry": { "type": "Point", "coordinates": [ 92.224018, 25.2351054 ] } },
{ "type": "Feature", "properties": { "osm_id": 5384484158, "osm_type": "node", "name": "Sinai", "highway": null, "place": "hamlet", "dynamic_risk": 0.14575083553791046, "risk_category": "LOW", "priority": "LOW" }, "geometry": { "type": "Point", "coordinates": [ 91.5889192, 25.2237186 ] } },
{ "type": "Feature", "properties": { "osm_id": 5384484159, "osm_type": "node", "name": "Nonglait", "highway": null, "place": "hamlet", "dynamic_risk": 0.19249263405799866, "risk_category": "LOW", "priority": "LOW" }, "geometry": { "type": "Point", "coordinates": [ 91.5878275, 25.2156115 ] } },
{ "type": "Feature", "properties": { "osm_id": 5384484160, "osm_type": "node", "name": "Nongtrai", "highway": null, "place": "village", "dynamic_risk": 0.43940386176109314, "risk_category": "ELEVATED", "priority": "MODERATE" }, "geometry": { "type": "Point", "coordinates": [ 91.6040897, 25.2105616 ] } },
{ "type": "Feature", "properties": { "osm_id": 5384484161, "osm_type": "node", "name": null, "highway": null, "place": "hamlet", "dynamic_risk": 0.25257822871208191, "risk_category": "MODERATE", "priority": "LOW" }, "geometry": { "type": "Point", "coordinates": [ 91.8664098, 25.2230003 ] } },
{ "type": "Feature", "properties": { "osm_id": 5384484162, "osm_type": "node", "name": null, "highway": null, "place": "hamlet", "dynamic_risk": 0.3834075927734375, "risk_category": "ELEVATED", "priority": "MODERATE" }, "geometry": { "type": "Point", "coordinates": [ 91.8692207, 25.2171645 ] } },
{ "type": "Feature", "properties": { "osm_id": 5384484163, "osm_type": "node", "name": null, "highway": null, "place": "hamlet", "dynamic_risk": 0.12093192338943481, "risk_category": "LOW", "priority": "LOW" }, "geometry": { "type": "Point", "coordinates": [ 91.8598652, 25.2061109 ] } },
{ "type": "Feature", "properties": { "osm_id": 5411122666, "osm_type": "node", "name": "Thieddieng Nongrim", "highway": null, "place": "hamlet", "dynamic_risk": 0.074113667011260986, "risk_category": "LOW", "priority": "LOW" }, "geometry": { "type": "Point", "coordinates": [ 91.6261482, 25.2940074 ] } },
{ "type": "Feature", "properties": { "osm_id": 5411122667, "osm_type": "node", "name": "Phlangkynshi", "highway": null, "place": "hamlet", "dynamic_risk": 0.35609340667724609, "risk_category": "ELEVATED", "priority": "MODERATE" }, "geometry": { "type": "Point", "coordinates": [ 91.5203834, 25.3034017 ] } },
{ "type": "Feature", "properties": { "osm_id": 5411122668, "osm_type": "node", "name": "Phudphanblei", "highway": null, "place": "hamlet", "dynamic_risk": 0.078544557094573975, "risk_category": "LOW", "priority": "LOW" }, "geometry": { "type": "Point", "coordinates": [ 91.5675688, 25.2758424 ] } },
{ "type": "Feature", "properties": { "osm_id": 5411122669, "osm_type": "node", "name": "Village", "highway": null, "place": "hamlet", "dynamic_risk": 0.086934544146060944, "risk_category": "LOW", "priority": "LOW" }, "geometry": { "type": "Point", "coordinates": [ 91.5629125, 25.277967 ] } },
{ "type": "Feature", "properties": { "osm_id": 5411122878, "osm_type": "node", "name": "Jynpiat", "highway": null, "place": "hamlet", "dynamic_risk": 0.18533831834793091, "risk_category": "LOW", "priority": "LOW" }, "geometry": { "type": "Point", "coordinates": [ 91.5581891, 25.3039231 ] } },
{ "type": "Feature", "properties": { "osm_id": 5411122879, "osm_type": "node", "name": "Domskong", "highway": null, "place": "hamlet", "dynamic_risk": 0.23250032961368561, "risk_category": "MODERATE", "priority": "LOW" }, "geometry": { "type": "Point", "coordinates": [ 91.5589857, 25.301132 ] } },
{ "type": "Feature", "properties": { "osm_id": 5411122880, "osm_type": "node", "name": "Mawkaphan", "highway": null, "place": "hamlet", "dynamic_risk": 0.4806896448135376, "risk_category": "ELEVATED", "priority": "MODERATE" }, "geometry": { "type": "Point", "coordinates": [ 91.5676761, 25.3002445 ] } },
{ "type": "Feature", "properties": { "osm_id": 5460315675, "osm_type": "node", "name": null, "highway": null, "place": "hamlet", "dynamic_risk": 0.23416678607463837, "risk_category": "MODERATE", "priority": "LOW" }, "geometry": { "type": "Point", "coordinates": [ 91.9626957, 25.2128912 ] } },
{ "type": "Feature", "properties": { "osm_id": 5460476937, "osm_type": "node", "name": null, "highway": null, "place": "hamlet", "dynamic_risk": 0.071204707026481628, "risk_category": "LOW", "priority": "LOW" }, "geometry": { "type": "Point", "coordinates": [ 91.9033867, 25.1887337 ] } },
{ "type": "Feature", "properties": { "osm_id": 5460476999, "osm_type": "node", "name": null, "highway": null, "place": "hamlet", "dynamic_risk": 0.12571187317371368, "risk_category": "LOW", "priority": "LOW" }, "geometry": { "type": "Point", "coordinates": [ 92.0066035, 25.1895807 ] } },
{ "type": "Feature", "properties": { "osm_id": 5460477000, "osm_type": "node", "name": null, "highway": null, "place": "hamlet", "dynamic_risk": 0.28349176049232483, "risk_category": "MODERATE", "priority": "LOW" }, "geometry": { "type": "Point", "coordinates": [ 91.9984978, 25.199966 ] } },
{ "type": "Feature", "properties": { "osm_id": 5460477314, "osm_type": "node", "name": null, "highway": null, "place": "hamlet", "dynamic_risk": 0.0029660717118531466, "risk_category": "LOW", "priority": "LOW" }, "geometry": { "type": "Point", "coordinates": [ 91.9793415, 25.1710529 ] } },
{ "type": "Feature", "properties": { "osm_id": 5460477315, "osm_type": "node", "name": null, "highway": null, "place": "hamlet", "dynamic_risk": 0.06585056334733963, "risk_category": "LOW", "priority": "LOW" }, "geometry": { "type": "Point", "coordinates": [ 92.0088458, 25.1758715 ] } },
{ "type": "Feature", "properties": { "osm_id": 5460477316, "osm_type": "node", "name": null, "highway": null, "place": "hamlet", "dynamic_risk": 0.052157681435346603, "risk_category": "LOW", "priority": "LOW" }, "geometry": { "type": "Point", "coordinates": [ 92.0070514, 25.1773692 ] } },
{ "type": "Feature", "properties": { "osm_id": 5460477317, "osm_type": "node", "name": null, "highway": null, "place": "hamlet", "dynamic_risk": 0.015041845850646496, "risk_category": "LOW", "priority": "LOW" }, "geometry": { "type": "Point", "coordinates": [ 91.997551, 25.1750826 ] } },
{ "type": "Feature", "properties": { "osm_id": 5460477318, "osm_type": "node", "name": null, "highway": null, "place": "hamlet", "dynamic_risk": 0.015449108555912971, "risk_category": "LOW", "priority": "LOW" }, "geometry": { "type": "Point", "coordinates": [ 91.9903908, 25.1731358 ] } },
{ "type": "Feature", "properties": { "osm_id": 5460478384, "osm_type": "node", "name": null, "highway": null, "place": "hamlet", "dynamic_risk": 0.13105729222297668, "risk_category": "LOW", "priority": "LOW" }, "geometry": { "type": "Point", "coordinates": [ 91.9869536, 25.2008349 ] } },
{ "type": "Feature", "properties": { "osm_id": 5465366709, "osm_type": "node", "name": null, "highway": null, "place": "hamlet", "dynamic_risk": 0.30141684412956238, "risk_category": "MODERATE", "priority": "LOW" }, "geometry": { "type": "Point", "coordinates": [ 91.8844986, 25.1792019 ] } },
{ "type": "Feature", "properties": { "osm_id": 5465498650, "osm_type": "node", "name": "Thieddieng Nongthymmai", "highway": null, "place": "hamlet", "dynamic_risk": 0.34653890132904053, "risk_category": "MODERATE", "priority": "LOW" }, "geometry": { "type": "Point", "coordinates": [ 91.6240775, 25.2987362 ] } },
{ "type": "Feature", "properties": { "osm_id": 5465498829, "osm_type": "node", "name": "Kynshluid", "highway": null, "place": "hamlet", "dynamic_risk": 0.28039050102233887, "risk_category": "MODERATE", "priority": "LOW" }, "geometry": { "type": "Point", "coordinates": [ 91.6025636, 25.2815614 ] } },
{ "type": "Feature", "properties": { "osm_id": 5465498830, "osm_type": "node", "name": "Nongshluid", "highway": null, "place": "hamlet", "dynamic_risk": 0.4391251802444458, "risk_category": "ELEVATED", "priority": "MODERATE" }, "geometry": { "type": "Point", "coordinates": [ 91.6099396, 25.278178 ] } },
{ "type": "Feature", "properties": { "osm_id": 5465546929, "osm_type": "node", "name": null, "highway": null, "place": "hamlet", "dynamic_risk": 0.34812459349632263, "risk_category": "MODERATE", "priority": "LOW" }, "geometry": { "type": "Point", "coordinates": [ 91.7443532, 25.3424892 ] } },
{ "type": "Feature", "properties": { "osm_id": 5465546930, "osm_type": "node", "name": null, "highway": null, "place": "hamlet", "dynamic_risk": 0.19670884311199188, "risk_category": "LOW", "priority": "LOW" }, "geometry": { "type": "Point", "coordinates": [ 91.7180407, 25.3352991 ] } },
{ "type": "Feature", "properties": { "osm_id": 5465546931, "osm_type": "node", "name": "Laitryngew", "highway": null, "place": "village", "dynamic_risk": 0.1255229115486145, "risk_category": "LOW", "priority": "LOW" }, "geometry": { "type": "Point", "coordinates": [ 91.7337799, 25.3276577 ] } },
{ "type": "Feature", "properties": { "osm_id": 5465546955, "osm_type": "node", "name": null, "highway": null, "place": "hamlet", "dynamic_risk": 0.14359985291957855, "risk_category": "LOW", "priority": "LOW" }, "geometry": { "type": "Point", "coordinates": [ 91.6743314, 25.2955376 ] } },
{ "type": "Feature", "properties": { "osm_id": 5465546956, "osm_type": "node", "name": null, "highway": null, "place": "hamlet", "dynamic_risk": 0.084034636616706848, "risk_category": "LOW", "priority": "LOW" }, "geometry": { "type": "Point", "coordinates": [ 91.65429, 25.2660724 ] } },
{ "type": "Feature", "properties": { "osm_id": 5465546957, "osm_type": "node", "name": null, "highway": null, "place": "hamlet", "dynamic_risk": 0.10015736520290375, "risk_category": "LOW", "priority": "LOW" }, "geometry": { "type": "Point", "coordinates": [ 91.6605717, 25.2766355 ] } },
{ "type": "Feature", "properties": { "osm_id": 5465546958, "osm_type": "node", "name": null, "highway": null, "place": "hamlet", "dynamic_risk": 0.21668188273906708, "risk_category": "MODERATE", "priority": "LOW" }, "geometry": { "type": "Point", "coordinates": [ 91.6430381, 25.2818985 ] } },
{ "type": "Feature", "properties": { "osm_id": 5465546959, "osm_type": "node", "name": null, "highway": null, "place": "hamlet", "dynamic_risk": 0.26101759076118469, "risk_category": "MODERATE", "priority": "LOW" }, "geometry": { "type": "Point", "coordinates": [ 91.6418901, 25.2788232 ] } },
{ "type": "Feature", "properties": { "osm_id": 5644217821, "osm_type": "node", "name": "ফুলুয়ার চর", "highway": null, "place": "hamlet", "dynamic_risk": 0.010629463940858841, "risk_category": "LOW", "priority": "LOW" }, "geometry": { "type": "Point", "coordinates": [ 89.8065269, 25.5780112 ] } },
{ "type": "Feature", "properties": { "osm_id": 5789836397, "osm_type": "node", "name": "Mawlasnai", "highway": null, "place": "village", "dynamic_risk": 0.11640992015600204, "risk_category": "LOW", "priority": "LOW" }, "geometry": { "type": "Point", "coordinates": [ 92.1411752, 25.7306712 ] } },
{ "type": "Feature", "properties": { "osm_id": 5789836398, "osm_type": "node", "name": "Umparoi", "highway": null, "place": "village", "dynamic_risk": 0.13501407206058502, "risk_category": "LOW", "priority": "LOW" }, "geometry": { "type": "Point", "coordinates": [ 92.3266554, 25.9531442 ] } },
{ "type": "Feature", "properties": { "osm_id": 5789836399, "osm_type": "node", "name": "Rombai", "highway": null, "place": "village", "dynamic_risk": 0.2156335860490799, "risk_category": "MODERATE", "priority": "LOW" }, "geometry": { "type": "Point", "coordinates": [ 92.3332643, 25.9427637 ] } },
{ "type": "Feature", "properties": { "osm_id": 5789836400, "osm_type": "node", "name": "Ale Kunjil", "highway": null, "place": "village", "dynamic_risk": 0.112345851957798, "risk_category": "LOW", "priority": "LOW" }, "geometry": { "type": "Point", "coordinates": [ 92.3531985, 25.9552472 ] } },
{ "type": "Feature", "properties": { "osm_id": 5789836401, "osm_type": "node", "name": "Rapdang", "highway": null, "place": "village", "dynamic_risk": 0.22134755551815033, "risk_category": "MODERATE", "priority": "LOW" }, "geometry": { "type": "Point", "coordinates": [ 92.2150754, 25.9269018 ] } },
{ "type": "Feature", "properties": { "osm_id": 5789836402, "osm_type": "node", "name": "Mawlen", "highway": null, "place": "village", "dynamic_risk": 0.12540897727012634, "risk_category": "LOW", "priority": "LOW" }, "geometry": { "type": "Point", "coordinates": [ 92.2347736, 25.9265545 ] } },
{ "type": "Feature", "properties": { "osm_id": 5789836403, "osm_type": "node", "name": "Umswai", "highway": null, "place": "village", "dynamic_risk": 0.097240112721920013, "risk_category": "LOW", "priority": "LOW" }, "geometry": { "type": "Point", "coordinates": [ 92.2385287, 25.9406412 ] } },
{ "type": "Feature", "properties": { "osm_id": 5789836404, "osm_type": "node", "name": "Umswah", "highway": null, "place": "village", "dynamic_risk": 0.14851179718971252, "risk_category": "LOW", "priority": "LOW" }, "geometry": { "type": "Point", "coordinates": [ 92.2339797, 25.9472209 ] } },
{ "type": "Feature", "properties": { "osm_id": 5789836405, "osm_type": "node", "name": "Chikdamakha", "highway": null, "place": "village", "dynamic_risk": 0.077858574688434601, "risk_category": "LOW", "priority": "LOW" }, "geometry": { "type": "Point", "coordinates": [ 92.221663, 25.9428216 ] } },
{ "type": "Feature", "properties": { "osm_id": 5789836406, "osm_type": "node", "name": "Bormarlong", "highway": null, "place": "village", "dynamic_risk": 0.083943098783493042, "risk_category": "LOW", "priority": "LOW" }, "geometry": { "type": "Point", "coordinates": [ 92.2074151, 25.9517164 ] } },
{ "type": "Feature", "properties": { "osm_id": 5792796006, "osm_type": "node", "name": "Borodol Bug Bari Ultar Para", "highway": null, "place": "village", "dynamic_risk": 0.042347833514213562, "risk_category": "LOW", "priority": "LOW" }, "geometry": { "type": "Point", "coordinates": [ 91.1728495, 25.1616047 ] } },
{ "type": "Feature", "properties": { "osm_id": 5792796013, "osm_type": "node", "name": "Eiman Pur Para", "highway": null, "place": "village", "dynamic_risk": 0.018394859507679939, "risk_category": "LOW", "priority": "LOW" }, "geometry": { "type": "Point", "coordinates": [ 91.1859924, 25.1960246 ] } },
{ "type": "Feature", "properties": { "osm_id": 5943791353, "osm_type": "node", "name": "Kamalpur", "highway": null, "place": "village", "dynamic_risk": 0.0066056549549102783, "risk_category": "LOW", "priority": "LOW" }, "geometry": { "type": "Point", "coordinates": [ 89.8596239, 25.2778215 ] } },
{ "type": "Feature", "properties": { "osm_id": 5945043135, "osm_type": "node", "name": "Ampati", "highway": null, "place": "village", "dynamic_risk": 0.007883572019636631, "risk_category": "LOW", "priority": "LOW" }, "geometry": { "type": "Point", "coordinates": [ 89.9367062, 25.4704958 ] } },
{ "type": "Feature", "properties": { "osm_id": 5945043728, "osm_type": "node", "name": "Mahendraganj", "highway": null, "place": "village", "dynamic_risk": 0.01821056567132473, "risk_category": "LOW", "priority": "LOW" }, "geometry": { "type": "Point", "coordinates": [ 89.8512983, 25.3034309 ] } },
{ "type": "Feature", "properties": { "osm_id": 6124455152, "osm_type": "node", "name": "Srepur Village", "highway": null, "place": "village", "dynamic_risk": 0.044469859451055527, "risk_category": "LOW", "priority": "LOW" }, "geometry": { "type": "Point", "coordinates": [ 91.1338314, 25.1567249 ] } },
{ "type": "Feature", "properties": { "osm_id": 6124455153, "osm_type": "node", "name": "torong Village", "highway": null, "place": "village", "dynamic_risk": 0.039446644484996796, "risk_category": "LOW", "priority": "LOW" }, "geometry": { "type": "Point", "coordinates": [ 91.1315985, 25.1575188 ] } },
{ "type": "Feature", "properties": { "osm_id": 6124455154, "osm_type": "node", "name": "Noyabondo Village", "highway": null, "place": "village", "dynamic_risk": 0.036372240632772446, "risk_category": "LOW", "priority": "LOW" }, "geometry": { "type": "Point", "coordinates": [ 91.1343344, 25.1588213 ] } },
{ "type": "Feature", "properties": { "osm_id": 6124455161, "osm_type": "node", "name": "TaligoanVillage", "highway": null, "place": "village", "dynamic_risk": 0.050452493131160736, "risk_category": "LOW", "priority": "LOW" }, "geometry": { "type": "Point", "coordinates": [ 91.1413148, 25.1710432 ] } },
{ "type": "Feature", "properties": { "osm_id": 6191057894, "osm_type": "node", "name": null, "highway": null, "place": "hamlet", "dynamic_risk": 0.19512753188610077, "risk_category": "LOW", "priority": "LOW" }, "geometry": { "type": "Point", "coordinates": [ 91.9855749, 25.2089017 ] } },
{ "type": "Feature", "properties": { "osm_id": 6191057895, "osm_type": "node", "name": null, "highway": null, "place": "hamlet", "dynamic_risk": 0.10336083173751831, "risk_category": "LOW", "priority": "LOW" }, "geometry": { "type": "Point", "coordinates": [ 92.0091677, 25.228586 ] } },
{ "type": "Feature", "properties": { "osm_id": 6191057896, "osm_type": "node", "name": null, "highway": null, "place": "hamlet", "dynamic_risk": 0.41022145748138428, "risk_category": "ELEVATED", "priority": "MODERATE" }, "geometry": { "type": "Point", "coordinates": [ 92.010026, 25.2206563 ] } },
{ "type": "Feature", "properties": { "osm_id": 6191057897, "osm_type": "node", "name": null, "highway": null, "place": "hamlet", "dynamic_risk": 0.46320375800132751, "risk_category": "ELEVATED", "priority": "MODERATE" }, "geometry": { "type": "Point", "coordinates": [ 92.0211625, 25.2059993 ] } },
{ "type": "Feature", "properties": { "osm_id": 6191064769, "osm_type": "node", "name": "Shnongpdeng", "highway": null, "place": "hamlet", "dynamic_risk": 0.34874197840690613, "risk_category": "MODERATE", "priority": "LOW" }, "geometry": { "type": "Point", "coordinates": [ 92.0088404, 25.2075864 ] } },
{ "type": "Feature", "properties": { "osm_id": 6203746159, "osm_type": "node", "name": "Zingmaham", "highway": null, "place": "hamlet", "dynamic_risk": 0.10255654156208038, "risk_category": "LOW", "priority": "LOW" }, "geometry": { "type": "Point", "coordinates": [ 91.9002324, 25.2068923 ] } },
{ "type": "Feature", "properties": { "osm_id": 6248985957, "osm_type": "node", "name": "Baitha-Langso", "highway": null, "place": "village", "dynamic_risk": 0.05707593634724617, "risk_category": "LOW", "priority": "LOW" }, "geometry": { "type": "Point", "coordinates": [ 92.5946563, 25.9702661 ] } },
{ "type": "Feature", "properties": { "osm_id": 6250024029, "osm_type": "node", "name": "Ingsaw", "highway": null, "place": "village", "dynamic_risk": 0.12271648645401001, "risk_category": "LOW", "priority": "LOW" }, "geometry": { "type": "Point", "coordinates": [ 92.1392655, 25.824211 ] } },
{ "type": "Feature", "properties": { "osm_id": 6250025455, "osm_type": "node", "name": "Lektheh", "highway": null, "place": "hamlet", "dynamic_risk": 0.33442211151123047, "risk_category": "MODERATE", "priority": "LOW" }, "geometry": { "type": "Point", "coordinates": [ 92.3894674, 25.973642 ] } },
{ "type": "Feature", "properties": { "osm_id": 6253407673, "osm_type": "node", "name": "Umlatodh", "highway": null, "place": "hamlet", "dynamic_risk": 0.076703481376171112, "risk_category": "LOW", "priority": "LOW" }, "geometry": { "type": "Point", "coordinates": [ 92.2770881, 25.1973304 ] } },
{ "type": "Feature", "properties": { "osm_id": 6253407686, "osm_type": "node", "name": "Lakadong", "highway": null, "place": "hamlet", "dynamic_risk": 0.20706894993782043, "risk_category": "MODERATE", "priority": "LOW" }, "geometry": { "type": "Point", "coordinates": [ 92.2668743, 25.1868454 ] } },
{ "type": "Feature", "properties": { "osm_id": 6253407687, "osm_type": "node", "name": "Umlynsha", "highway": null, "place": "hamlet", "dynamic_risk": 0.083083681762218475, "risk_category": "LOW", "priority": "LOW" }, "geometry": { "type": "Point", "coordinates": [ 92.2648572, 25.2075816 ] } },
{ "type": "Feature", "properties": { "osm_id": 6253407688, "osm_type": "node", "name": "Posadwar", "highway": null, "place": "hamlet", "dynamic_risk": 0.21337614953517914, "risk_category": "MODERATE", "priority": "LOW" }, "geometry": { "type": "Point", "coordinates": [ 92.2099471, 25.148373 ] } },
{ "type": "Feature", "properties": { "osm_id": 6253407689, "osm_type": "node", "name": "Kharkhana", "highway": null, "place": "hamlet", "dynamic_risk": 0.3447631299495697, "risk_category": "MODERATE", "priority": "LOW" }, "geometry": { "type": "Point", "coordinates": [ 92.2098827, 25.1589585 ] } },
{ "type": "Feature", "properties": { "osm_id": 6253407690, "osm_type": "node", "name": "Borghat", "highway": null, "place": "hamlet", "dynamic_risk": 0.32887861132621765, "risk_category": "MODERATE", "priority": "LOW" }, "geometry": { "type": "Point", "coordinates": [ 92.2281432, 25.1609784 ] } },
{ "type": "Feature", "properties": { "osm_id": 6253407691, "osm_type": "node", "name": "Lama", "highway": null, "place": "hamlet", "dynamic_risk": 0.13649988174438477, "risk_category": "LOW", "priority": "LOW" }, "geometry": { "type": "Point", "coordinates": [ 92.2403312, 25.1688245 ] } },
{ "type": "Feature", "properties": { "osm_id": 6253408770, "osm_type": "node", "name": "Bataw", "highway": null, "place": "village", "dynamic_risk": 0.10488363355398178, "risk_category": "LOW", "priority": "LOW" }, "geometry": { "type": "Point", "coordinates": [ 92.2438931, 25.2304203 ] } },
{ "type": "Feature", "properties": { "osm_id": 6253841484, "osm_type": "node", "name": "Lummarjai", "highway": null, "place": "village", "dynamic_risk": 0.26647856831550598, "risk_category": "MODERATE", "priority": "LOW" }, "geometry": { "type": "Point", "coordinates": [ 92.2060847, 25.5340774 ] } },
{ "type": "Feature", "properties": { "osm_id": 6253841710, "osm_type": "node", "name": "Mupliang", "highway": null, "place": "village", "dynamic_risk": 0.27121886610984802, "risk_category": "MODERATE", "priority": "LOW" }, "geometry": { "type": "Point", "coordinates": [ 92.2051674, 25.5456553 ] } },
{ "type": "Feature", "properties": { "osm_id": 6253842329, "osm_type": "node", "name": "Nongbah", "highway": null, "place": "village", "dynamic_risk": 0.19306400418281555, "risk_category": "LOW", "priority": "LOW" }, "geometry": { "type": "Point", "coordinates": [ 92.2491932, 25.5213947 ] } },
{ "type": "Feature", "properties": { "osm_id": 6253845460, "osm_type": "node", "name": "Raliang", "highway": null, "place": "village", "dynamic_risk": 0.34347835183143616, "risk_category": "MODERATE", "priority": "LOW" }, "geometry": { "type": "Point", "coordinates": [ 92.3935443, 25.4989014 ] } },
{ "type": "Feature", "properties": { "osm_id": 6255618606, "osm_type": "node", "name": "Nongkrem", "highway": null, "place": "village", "dynamic_risk": 0.21381530165672302, "risk_category": "MODERATE", "priority": "LOW" }, "geometry": { "type": "Point", "coordinates": [ 91.8804216, 25.4970518 ] } },
{ "type": "Feature", "properties": { "osm_id": 6255618785, "osm_type": "node", "name": "Smit", "highway": null, "place": "village", "dynamic_risk": 0.20494177937507629, "risk_category": "MODERATE", "priority": "LOW" }, "geometry": { "type": "Point", "coordinates": [ 91.9037032, 25.5020874 ] } },
{ "type": "Feature", "properties": { "osm_id": 6255619980, "osm_type": "node", "name": "Lyngshing", "highway": null, "place": "hamlet", "dynamic_risk": 0.44063141942024231, "risk_category": "ELEVATED", "priority": "MODERATE" }, "geometry": { "type": "Point", "coordinates": [ 91.9902098, 25.3907625 ] } },
{ "type": "Feature", "properties": { "osm_id": 6255621436, "osm_type": "node", "name": "Nongjrong", "highway": null, "place": "village", "dynamic_risk": 0.34658312797546387, "risk_category": "MODERATE", "priority": "LOW" }, "geometry": { "type": "Point", "coordinates": [ 92.0902884, 25.4789125 ] } },
{ "type": "Feature", "properties": { "osm_id": 6255622148, "osm_type": "node", "name": "Mawsna", "highway": null, "place": "hamlet", "dynamic_risk": 0.25442460179328918, "risk_category": "MODERATE", "priority": "LOW" }, "geometry": { "type": "Point", "coordinates": [ 92.0820004, 25.4479443 ] } },
{ "type": "Feature", "properties": { "osm_id": 6255622177, "osm_type": "node", "name": "Thodong", "highway": null, "place": "village", "dynamic_risk": 0.25229543447494507, "risk_category": "MODERATE", "priority": "LOW" }, "geometry": { "type": "Point", "coordinates": [ 91.9575405, 25.5122885 ] } },
{ "type": "Feature", "properties": { "osm_id": 6255623311, "osm_type": "node", "name": "Khliehasem", "highway": null, "place": "hamlet", "dynamic_risk": 0.30773434042930603, "risk_category": "MODERATE", "priority": "LOW" }, "geometry": { "type": "Point", "coordinates": [ 92.033962, 25.3758546 ] } },
{ "type": "Feature", "properties": { "osm_id": 6255623378, "osm_type": "node", "name": "Mawsna", "highway": null, "place": "hamlet", "dynamic_risk": 0.23914185166358948, "risk_category": "MODERATE", "priority": "LOW" }, "geometry": { "type": "Point", "coordinates": [ 92.0203685, 25.3617495 ] } },
{ "type": "Feature", "properties": { "osm_id": 6255623671, "osm_type": "node", "name": "Nohron", "highway": null, "place": "hamlet", "dynamic_risk": 0.12991131842136383, "risk_category": "LOW", "priority": "LOW" }, "geometry": { "type": "Point", "coordinates": [ 92.0250463, 25.3397597 ] } },
{ "type": "Feature", "properties": { "osm_id": 6255623672, "osm_type": "node", "name": "Nongryngkoh", "highway": null, "place": "hamlet", "dynamic_risk": 0.40672090649604797, "risk_category": "ELEVATED", "priority": "MODERATE" }, "geometry": { "type": "Point", "coordinates": [ 92.0122897, 25.3230271 ] } },
{ "type": "Feature", "properties": { "osm_id": 6255624287, "osm_type": "node", "name": "Syangkhnai", "highway": null, "place": "village", "dynamic_risk": 0.2187575101852417, "risk_category": "MODERATE", "priority": "LOW" }, "geometry": { "type": "Point", "coordinates": [ 92.0857715, 25.3589186 ] } },
{ "type": "Feature", "properties": { "osm_id": 6255680069, "osm_type": "node", "name": "Thynroit", "highway": null, "place": "village", "dynamic_risk": 0.23806548118591309, "risk_category": "MODERATE", "priority": "LOW" }, "geometry": { "type": "Point", "coordinates": [ 91.9710695, 25.4945243 ] } },
{ "type": "Feature", "properties": { "osm_id": 6255680215, "osm_type": "node", "name": "Mawber", "highway": null, "place": "hamlet", "dynamic_risk": 0.17750363051891327, "risk_category": "LOW", "priority": "LOW" }, "geometry": { "type": "Point", "coordinates": [ 92.0054662, 25.5164181 ] } },
{ "type": "Feature", "properties": { "osm_id": 6255778045, "osm_type": "node", "name": "Laitlyngkot", "highway": null, "place": "village", "dynamic_risk": 0.25617173314094543, "risk_category": "MODERATE", "priority": "LOW" }, "geometry": { "type": "Point", "coordinates": [ 91.8398371, 25.4467599 ] } },
{ "type": "Feature", "properties": { "osm_id": 6255781605, "osm_type": "node", "name": "Umlympung", "highway": null, "place": "hamlet", "dynamic_risk": 0.56336057186126709, "risk_category": "HIGH", "priority": "HIGH" }, "geometry": { "type": "Point", "coordinates": [ 91.8170249, 25.4736144 ] } },
{ "type": "Feature", "properties": { "osm_id": 6720358434, "osm_type": "node", "name": "Liakatganj", "highway": null, "place": "village", "dynamic_risk": 0.016615893691778183, "risk_category": "LOW", "priority": "LOW" }, "geometry": { "type": "Point", "coordinates": [ 91.5374744, 25.1217936 ] } },
{ "type": "Feature", "properties": { "osm_id": 6986787663, "osm_type": "node", "name": "সাগর দীঘি বালুর  ঘাট", "highway": null, "place": "village", "dynamic_risk": 0.053090423345565796, "risk_category": "LOW", "priority": "LOW" }, "geometry": { "type": "Point", "coordinates": [ 90.7009245, 25.0859863 ] } },
{ "type": "Feature", "properties": { "osm_id": 7079174910, "osm_type": "node", "name": "Mornai", "highway": null, "place": "village", "dynamic_risk": null, "risk_category": "NO DATA", "priority": "NO DATA" }, "geometry": { "type": "Point", "coordinates": [ 90.7475753, 26.1043945 ] } },
{ "type": "Feature", "properties": { "osm_id": 7152463889, "osm_type": "node", "name": "Mendipathar", "highway": null, "place": "village", "dynamic_risk": null, "risk_category": "NO DATA", "priority": "NO DATA" }, "geometry": { "type": "Point", "coordinates": [ 90.6337738, 25.9210013 ] } },
{ "type": "Feature", "properties": { "osm_id": 7159046934, "osm_type": "node", "name": "Balijana", "highway": null, "place": "village", "dynamic_risk": null, "risk_category": "NO DATA", "priority": "NO DATA" }, "geometry": { "type": "Point", "coordinates": [ 90.541377, 26.0808185 ] } },
{ "type": "Feature", "properties": { "osm_id": 7159052459, "osm_type": "node", "name": "Rangjuli", "highway": null, "place": "village", "dynamic_risk": null, "risk_category": "NO DATA", "priority": "NO DATA" }, "geometry": { "type": "Point", "coordinates": [ 90.9367132, 25.9684624 ] } },
{ "type": "Feature", "properties": { "osm_id": 7159054303, "osm_type": "node", "name": "Matia", "highway": null, "place": "village", "dynamic_risk": null, "risk_category": "NO DATA", "priority": "NO DATA" }, "geometry": { "type": "Point", "coordinates": [ 90.8027744, 26.0856944 ] } },
{ "type": "Feature", "properties": { "osm_id": 7159263817, "osm_type": "node", "name": "Palasbari", "highway": null, "place": "village", "dynamic_risk": null, "risk_category": "NO DATA", "priority": "NO DATA" }, "geometry": { "type": "Point", "coordinates": [ 91.4521694, 26.1206485 ] } },
{ "type": "Feature", "properties": { "osm_id": 7159270019, "osm_type": "node", "name": "Goroimari", "highway": null, "place": "village", "dynamic_risk": null, "risk_category": "NO DATA", "priority": "NO DATA" }, "geometry": { "type": "Point", "coordinates": [ 91.2499308, 26.1043096 ] } },
{ "type": "Feature", "properties": { "osm_id": 7159270020, "osm_type": "node", "name": "Chamaria", "highway": null, "place": "village", "dynamic_risk": null, "risk_category": "NO DATA", "priority": "NO DATA" }, "geometry": { "type": "Point", "coordinates": [ 91.1616325, 26.0617177 ] } },
{ "type": "Feature", "properties": { "osm_id": 7159270021, "osm_type": "node", "name": "Nagarbera", "highway": null, "place": "village", "dynamic_risk": null, "risk_category": "NO DATA", "priority": "NO DATA" }, "geometry": { "type": "Point", "coordinates": [ 91.0013437, 26.1159474 ] } },
{ "type": "Feature", "properties": { "osm_id": 7162274352, "osm_type": "node", "name": "Jirang", "highway": null, "place": "village", "dynamic_risk": null, "risk_category": "NO DATA", "priority": "NO DATA" }, "geometry": { "type": "Point", "coordinates": [ 91.5788984, 25.9350067 ] } },
{ "type": "Feature", "properties": { "osm_id": 7162274353, "osm_type": "node", "name": "Mawphanlur", "highway": null, "place": "village", "dynamic_risk": 0.17824070155620575, "risk_category": "LOW", "priority": "LOW" }, "geometry": { "type": "Point", "coordinates": [ 91.4532208, 25.5461199 ] } },
{ "type": "Feature", "properties": { "osm_id": 7162274355, "osm_type": "node", "name": "Laitkroh", "highway": null, "place": "village", "dynamic_risk": 0.29560983180999756, "risk_category": "MODERATE", "priority": "LOW" }, "geometry": { "type": "Point", "coordinates": [ 91.7997407, 25.4498237 ] } },
{ "type": "Feature", "properties": { "osm_id": 7162321057, "osm_type": "node", "name": "Zikzak", "highway": null, "place": "village", "dynamic_risk": 0.020171875134110451, "risk_category": "LOW", "priority": "LOW" }, "geometry": { "type": "Point", "coordinates": [ 89.8601389, 25.4068025 ] } },
{ "type": "Feature", "properties": { "osm_id": 7162321058, "osm_type": "node", "name": "Dalu", "highway": null, "place": "village", "dynamic_risk": 0.04259151965379715, "risk_category": "LOW", "priority": "LOW" }, "geometry": { "type": "Point", "coordinates": [ 90.1203346, 25.3145847 ] } },
{ "type": "Feature", "properties": { "osm_id": 7162321059, "osm_type": "node", "name": "Gasuapara", "highway": null, "place": "hamlet", "dynamic_risk": 0.17407815158367157, "risk_category": "LOW", "priority": "LOW" }, "geometry": { "type": "Point", "coordinates": [ 90.3339136, 25.2289354 ] } },
{ "type": "Feature", "properties": { "osm_id": 7162321061, "osm_type": "node", "name": "Songsak", "highway": null, "place": "village", "dynamic_risk": 0.17813819646835327, "risk_category": "LOW", "priority": "LOW" }, "geometry": { "type": "Point", "coordinates": [ 90.6018877, 25.6504535 ] } },
{ "type": "Feature", "properties": { "osm_id": 7162321062, "osm_type": "node", "name": "Dambo Rongjeng", "highway": null, "place": "village", "dynamic_risk": 0.14706678688526154, "risk_category": "LOW", "priority": "LOW" }, "geometry": { "type": "Point", "coordinates": [ 90.7994056, 25.6508984 ] } },
{ "type": "Feature", "properties": { "osm_id": 7162321063, "osm_type": "node", "name": "Kharkutta", "highway": null, "place": "village", "dynamic_risk": null, "risk_category": "NO DATA", "priority": "NO DATA" }, "geometry": { "type": "Point", "coordinates": [ 90.8971238, 25.9237176 ] } },
{ "type": "Feature", "properties": { "osm_id": 7162349311, "osm_type": "node", "name": "Gambegre", "highway": null, "place": "village", "dynamic_risk": 0.24117596447467804, "risk_category": "MODERATE", "priority": "LOW" }, "geometry": { "type": "Point", "coordinates": [ 90.1391315, 25.4660205 ] } },
{ "type": "Feature", "properties": { "osm_id": 7698287402, "osm_type": "node", "name": "Nongnah", "highway": null, "place": "village", "dynamic_risk": 0.091560631990432739, "risk_category": "LOW", "priority": "LOW" }, "geometry": { "type": "Point", "coordinates": [ 91.3221685, 25.2680574 ] } },
{ "type": "Feature", "properties": { "osm_id": 7838378983, "osm_type": "node", "name": "Umkhoi", "highway": null, "place": "hamlet", "dynamic_risk": 0.50642311573028564, "risk_category": "HIGH", "priority": "HIGH" }, "geometry": { "type": "Point", "coordinates": [ 91.9570167, 25.4289227 ] } },
{ "type": "Feature", "properties": { "osm_id": 8325386818, "osm_type": "node", "name": "Shangpung", "highway": null, "place": "village", "dynamic_risk": 0.25396460294723511, "risk_category": "MODERATE", "priority": "LOW" }, "geometry": { "type": "Point", "coordinates": [ 92.3567229, 25.4798471 ] } },
{ "type": "Feature", "properties": { "osm_id": 8717754896, "osm_type": "node", "name": "Gobindanagar", "highway": null, "place": "village", "dynamic_risk": 0.10443449765443802, "risk_category": "LOW", "priority": "LOW" }, "geometry": { "type": "Point", "coordinates": [ 92.7228223, 25.4899292 ] } },
{ "type": "Feature", "properties": { "osm_id": 8717784813, "osm_type": "node", "name": "4 Kilo", "highway": null, "place": "village", "dynamic_risk": 0.16052857041358948, "risk_category": "LOW", "priority": "LOW" }, "geometry": { "type": "Point", "coordinates": [ 92.7276842, 25.4806995 ] } },
{ "type": "Feature", "properties": { "osm_id": 8717788304, "osm_type": "node", "name": "New Tumbung", "highway": null, "place": "village", "dynamic_risk": 0.10195129364728928, "risk_category": "LOW", "priority": "LOW" }, "geometry": { "type": "Point", "coordinates": [ 92.7144627, 25.49655 ] } },
{ "type": "Feature", "properties": { "osm_id": 8792007305, "osm_type": "node", "name": "Synnei", "highway": null, "place": "hamlet", "dynamic_risk": 0.45775541663169861, "risk_category": "ELEVATED", "priority": "MODERATE" }, "geometry": { "type": "Point", "coordinates": [ 91.6072322, 25.2649417 ] } },
{ "type": "Feature", "properties": { "osm_id": 8792575636, "osm_type": "node", "name": "Mawrapat", "highway": null, "place": "hamlet", "dynamic_risk": 0.061068888753652573, "risk_category": "LOW", "priority": "LOW" }, "geometry": { "type": "Point", "coordinates": [ 91.5293949, 25.2619514 ] } },
{ "type": "Feature", "properties": { "osm_id": 8792575637, "osm_type": "node", "name": "Phlangwanbroi", "highway": null, "place": "village", "dynamic_risk": 0.043704848736524582, "risk_category": "LOW", "priority": "LOW" }, "geometry": { "type": "Point", "coordinates": [ 91.4993347, 25.2533378 ] } },
{ "type": "Feature", "properties": { "osm_id": 8792575638, "osm_type": "node", "name": "Mawsawa", "highway": null, "place": "hamlet", "dynamic_risk": 0.073714993894100189, "risk_category": "LOW", "priority": "LOW" }, "geometry": { "type": "Point", "coordinates": [ 91.5073274, 25.2560346 ] } },
{ "type": "Feature", "properties": { "osm_id": 8792581484, "osm_type": "node", "name": "Laitumsaw", "highway": null, "place": "hamlet", "dynamic_risk": 0.02692202664911747, "risk_category": "LOW", "priority": "LOW" }, "geometry": { "type": "Point", "coordinates": [ 91.3623341, 25.2168358 ] } },
{ "type": "Feature", "properties": { "osm_id": 8792581485, "osm_type": "node", "name": "Umpung", "highway": null, "place": "hamlet", "dynamic_risk": 0.25393474102020264, "risk_category": "MODERATE", "priority": "LOW" }, "geometry": { "type": "Point", "coordinates": [ 91.3529559, 25.2198657 ] } },
{ "type": "Feature", "properties": { "osm_id": 8792581486, "osm_type": "node", "name": "Phodkylla", "highway": null, "place": "village", "dynamic_risk": 0.035672619938850403, "risk_category": "LOW", "priority": "LOW" }, "geometry": { "type": "Point", "coordinates": [ 91.3507801, 25.2111511 ] } },
{ "type": "Feature", "properties": { "osm_id": 8792581487, "osm_type": "node", "name": "Umsieh", "highway": null, "place": "village", "dynamic_risk": 0.007253571879118681, "risk_category": "LOW", "priority": "LOW" }, "geometry": { "type": "Point", "coordinates": [ 91.3375558, 25.2060222 ] } },
{ "type": "Feature", "properties": { "osm_id": 8792581488, "osm_type": "node", "name": "Phodkroh", "highway": null, "place": "village", "dynamic_risk": 0.10702329874038696, "risk_category": "LOW", "priority": "LOW" }, "geometry": { "type": "Point", "coordinates": [ 91.3045485, 25.2054659 ] } },
{ "type": "Feature", "properties": { "osm_id": 8792583777, "osm_type": "node", "name": "Tlongpleng", "highway": null, "place": "hamlet", "dynamic_risk": 0.42996224761009216, "risk_category": "ELEVATED", "priority": "MODERATE" }, "geometry": { "type": "Point", "coordinates": [ 91.4436961, 25.2438284 ] } },
{ "type": "Feature", "properties": { "osm_id": 8792583778, "osm_type": "node", "name": "Mawpen", "highway": null, "place": "village", "dynamic_risk": 0.18659274280071259, "risk_category": "LOW", "priority": "LOW" }, "geometry": { "type": "Point", "coordinates": [ 91.4376997, 25.231506 ] } },
{ "type": "Feature", "properties": { "osm_id": 8792619686, "osm_type": "node", "name": "Rangweng", "highway": null, "place": "hamlet", "dynamic_risk": 0.12066525220870972, "risk_category": "LOW", "priority": "LOW" }, "geometry": { "type": "Point", "coordinates": [ 91.4256187, 25.2334397 ] } },
{ "type": "Feature", "properties": { "osm_id": 8792619687, "osm_type": "node", "name": "Kynrang", "highway": null, "place": "hamlet", "dynamic_risk": 0.26420646905899048, "risk_category": "MODERATE", "priority": "LOW" }, "geometry": { "type": "Point", "coordinates": [ 91.4204279, 25.235089 ] } },
{ "type": "Feature", "properties": { "osm_id": 8792619688, "osm_type": "node", "name": "Nongthymmai", "highway": null, "place": "hamlet", "dynamic_risk": 0.25113692879676819, "risk_category": "MODERATE", "priority": "LOW" }, "geometry": { "type": "Point", "coordinates": [ 91.4089693, 25.2406114 ] } },
{ "type": "Feature", "properties": { "osm_id": 8792619689, "osm_type": "node", "name": "Pyndensohsaw", "highway": null, "place": "hamlet", "dynamic_risk": 0.12141755968332291, "risk_category": "LOW", "priority": "LOW" }, "geometry": { "type": "Point", "coordinates": [ 91.4063393, 25.2357199 ] } },
{ "type": "Feature", "properties": { "osm_id": 8792619690, "osm_type": "node", "name": "Jyllep", "highway": null, "place": "hamlet", "dynamic_risk": 0.31940978765487671, "risk_category": "MODERATE", "priority": "LOW" }, "geometry": { "type": "Point", "coordinates": [ 91.3992847, 25.2334522 ] } },
{ "type": "Feature", "properties": { "osm_id": 8792619691, "osm_type": "node", "name": "Mawpdai", "highway": null, "place": "hamlet", "dynamic_risk": 0.30122175812721252, "risk_category": "MODERATE", "priority": "LOW" }, "geometry": { "type": "Point", "coordinates": [ 91.3966754, 25.2262988 ] } },
{ "type": "Feature", "properties": { "osm_id": 8792619692, "osm_type": "node", "name": "Khliehriat", "highway": null, "place": "hamlet", "dynamic_risk": 0.13816158473491669, "risk_category": "LOW", "priority": "LOW" }, "geometry": { "type": "Point", "coordinates": [ 91.3922162, 25.2336021 ] } },
{ "type": "Feature", "properties": { "osm_id": 8792619693, "osm_type": "node", "name": "Pomblang", "highway": null, "place": "hamlet", "dynamic_risk": 0.20030149817466736, "risk_category": "MODERATE", "priority": "LOW" }, "geometry": { "type": "Point", "coordinates": [ 91.3720858, 25.232417 ] } },
{ "type": "Feature", "properties": { "osm_id": 8792655595, "osm_type": "node", "name": "Ladmawlongbah", "highway": null, "place": "hamlet", "dynamic_risk": 0.038732361048460007, "risk_category": "LOW", "priority": "LOW" }, "geometry": { "type": "Point", "coordinates": [ 91.2791262, 25.2027811 ] } },
{ "type": "Feature", "properties": { "osm_id": 8792658145, "osm_type": "node", "name": "Ranikor", "highway": null, "place": "village", "dynamic_risk": 0.047987852245569229, "risk_category": "LOW", "priority": "LOW" }, "geometry": { "type": "Point", "coordinates": [ 91.2405021, 25.2226272 ] } },
{ "type": "Feature", "properties": { "osm_id": 8794012568, "osm_type": "node", "name": "Kenmynsaw", "highway": null, "place": "village", "dynamic_risk": 0.4363425076007843, "risk_category": "ELEVATED", "priority": "MODERATE" }, "geometry": { "type": "Point", "coordinates": [ 91.5598284, 25.3104323 ] } },
{ "type": "Feature", "properties": { "osm_id": 8794012569, "osm_type": "node", "name": "Kenbah", "highway": null, "place": "village", "dynamic_risk": 0.46651998162269592, "risk_category": "ELEVATED", "priority": "MODERATE" }, "geometry": { "type": "Point", "coordinates": [ 91.5570706, 25.308445 ] } },
{ "type": "Feature", "properties": { "osm_id": 8898472255, "osm_type": "node", "name": "Umtyllun", "highway": null, "place": "hamlet", "dynamic_risk": 0.047083631157875061, "risk_category": "LOW", "priority": "LOW" }, "geometry": { "type": "Point", "coordinates": [ 91.5638443, 25.228576 ] } },
{ "type": "Feature", "properties": { "osm_id": 8898472256, "osm_type": "node", "name": "Mawtepïew", "highway": null, "place": "village", "dynamic_risk": 0.090230531990528107, "risk_category": "LOW", "priority": "LOW" }, "geometry": { "type": "Point", "coordinates": [ 91.5607602, 25.2277977 ] } },
{ "type": "Feature", "properties": { "osm_id": 8898472257, "osm_type": "node", "name": "Mawlongbna", "highway": null, "place": "village", "dynamic_risk": 0.16921043395996094, "risk_category": "LOW", "priority": "LOW" }, "geometry": { "type": "Point", "coordinates": [ 91.5617017, 25.2317028 ] } },
{ "type": "Feature", "properties": { "osm_id": 8898472258, "osm_type": "node", "name": "Lawbah", "highway": null, "place": "village", "dynamic_risk": 0.16925087571144104, "risk_category": "LOW", "priority": "LOW" }, "geometry": { "type": "Point", "coordinates": [ 91.5646672, 25.2329039 ] } },
{ "type": "Feature", "properties": { "osm_id": 8898674297, "osm_type": "node", "name": "Tyrsad", "highway": null, "place": "village", "dynamic_risk": 0.39647752046585083, "risk_category": "ELEVATED", "priority": "MODERATE" }, "geometry": { "type": "Point", "coordinates": [ 91.6642041, 25.410567 ] } },
{ "type": "Feature", "properties": { "osm_id": 8907279920, "osm_type": "node", "name": "Weiloi", "highway": null, "place": "village", "dynamic_risk": 0.21061192452907562, "risk_category": "MODERATE", "priority": "LOW" }, "geometry": { "type": "Point", "coordinates": [ 91.613267, 25.3624328 ] } },
{ "type": "Feature", "properties": { "osm_id": 8907279921, "osm_type": "node", "name": "Mawspong", "highway": null, "place": "hamlet", "dynamic_risk": 0.18910041451454163, "risk_category": "LOW", "priority": "LOW" }, "geometry": { "type": "Point", "coordinates": [ 91.6307834, 25.3667855 ] } },
{ "type": "Feature", "properties": { "osm_id": 8907279922, "osm_type": "node", "name": "Umlangmar", "highway": null, "place": "hamlet", "dynamic_risk": 0.25233697891235352, "risk_category": "MODERATE", "priority": "LOW" }, "geometry": { "type": "Point", "coordinates": [ 91.6464226, 25.376714 ] } },
{ "type": "Feature", "properties": { "osm_id": 8907279923, "osm_type": "node", "name": "Kyrphei", "highway": null, "place": "hamlet", "dynamic_risk": 0.32091993093490601, "risk_category": "MODERATE", "priority": "LOW" }, "geometry": { "type": "Point", "coordinates": [ 91.6546724, 25.3956559 ] } },
{ "type": "Feature", "properties": { "osm_id": 8907279924, "osm_type": "node", "name": "Rampna", "highway": null, "place": "hamlet", "dynamic_risk": 0.52067118883132935, "risk_category": "HIGH", "priority": "HIGH" }, "geometry": { "type": "Point", "coordinates": [ 91.6543836, 25.3998793 ] } },
{ "type": "Feature", "properties": { "osm_id": 9186667385, "osm_type": "node", "name": "Pongkung", "highway": null, "place": "village", "dynamic_risk": 0.25888055562973022, "risk_category": "MODERATE", "priority": "LOW" }, "geometry": { "type": "Point", "coordinates": [ 91.5832523, 25.3867942 ] } },
{ "type": "Feature", "properties": { "osm_id": 9234777448, "osm_type": "node", "name": "Pundurimakhâ", "highway": null, "place": "village", "dynamic_risk": 0.079169295728206635, "risk_category": "LOW", "priority": "LOW" }, "geometry": { "type": "Point", "coordinates": [ 92.2321381, 25.9485708 ] } },
{ "type": "Feature", "properties": { "osm_id": 9502336954, "osm_type": "node", "name": "Mawten", "highway": null, "place": "village", "dynamic_risk": 0.18051272630691528, "risk_category": "LOW", "priority": "LOW" }, "geometry": { "type": "Point", "coordinates": [ 91.4695477, 25.3614624 ] } },
{ "type": "Feature", "properties": { "osm_id": 9835676256, "osm_type": "node", "name": "Kusiura", "highway": null, "place": "village", "dynamic_risk": 0.011660000309348106, "risk_category": "LOW", "priority": "LOW" }, "geometry": { "type": "Point", "coordinates": [ 91.6057768, 25.1181605 ] } },
{ "type": "Feature", "properties": { "osm_id": 9838215050, "osm_type": "node", "name": "নাকুগাঁও", "highway": null, "place": "village", "dynamic_risk": 0.035105716437101364, "risk_category": "LOW", "priority": "LOW" }, "geometry": { "type": "Point", "coordinates": [ 90.2231717, 25.2001049 ] } },
{ "type": "Feature", "properties": { "osm_id": 9838232567, "osm_type": "node", "name": "গোবরাকুড়া", "highway": null, "place": "village", "dynamic_risk": 0.037057861685752869, "risk_category": "LOW", "priority": "LOW" }, "geometry": { "type": "Point", "coordinates": [ 90.3405652, 25.1800438 ] } },
{ "type": "Feature", "properties": { "osm_id": 9843505109, "osm_type": "node", "name": "Thabali", "highway": null, "place": "village", "dynamic_risk": 0.001610000035725534, "risk_category": "LOW", "priority": "LOW" }, "geometry": { "type": "Point", "coordinates": [ 91.5961504, 25.1654064 ] } },
{ "type": "Feature", "properties": { "osm_id": 9843505110, "osm_type": "node", "name": "Banshtala", "highway": null, "place": "village", "dynamic_risk": 0.030945757403969765, "risk_category": "LOW", "priority": "LOW" }, "geometry": { "type": "Point", "coordinates": [ 91.5760875, 25.1374758 ] } },
{ "type": "Feature", "properties": { "osm_id": 10023328692, "osm_type": "node", "name": null, "highway": null, "place": "village", "dynamic_risk": null, "risk_category": "NO DATA", "priority": "NO DATA" }, "geometry": { "type": "Point", "coordinates": [ 92.0897135, 26.073112 ] } },
{ "type": "Feature", "properties": { "osm_id": 10023328693, "osm_type": "node", "name": null, "highway": null, "place": "village", "dynamic_risk": null, "risk_category": "NO DATA", "priority": "NO DATA" }, "geometry": { "type": "Point", "coordinates": [ 92.0892065, 26.0042358 ] } },
{ "type": "Feature", "properties": { "osm_id": 10023328694, "osm_type": "node", "name": null, "highway": null, "place": "village", "dynamic_risk": null, "risk_category": "NO DATA", "priority": "NO DATA" }, "geometry": { "type": "Point", "coordinates": [ 92.0961897, 25.993775 ] } },
{ "type": "Feature", "properties": { "osm_id": 10023328695, "osm_type": "node", "name": null, "highway": null, "place": "village", "dynamic_risk": null, "risk_category": "NO DATA", "priority": "NO DATA" }, "geometry": { "type": "Point", "coordinates": [ 92.09776, 25.9670376 ] } },
{ "type": "Feature", "properties": { "osm_id": 10023328696, "osm_type": "node", "name": null, "highway": null, "place": "village", "dynamic_risk": null, "risk_category": "NO DATA", "priority": "NO DATA" }, "geometry": { "type": "Point", "coordinates": [ 92.0889848, 25.9240458 ] } },
{ "type": "Feature", "properties": { "osm_id": 10023328697, "osm_type": "node", "name": null, "highway": null, "place": "village", "dynamic_risk": 0.16380041837692261, "risk_category": "LOW", "priority": "LOW" }, "geometry": { "type": "Point", "coordinates": [ 92.1179705, 25.7544844 ] } },
{ "type": "Feature", "properties": { "osm_id": 10023395836, "osm_type": "node", "name": null, "highway": null, "place": "village", "dynamic_risk": 0.08402571827173233, "risk_category": "LOW", "priority": "LOW" }, "geometry": { "type": "Point", "coordinates": [ 92.4766679, 26.0884015 ] } },
{ "type": "Feature", "properties": { "osm_id": 10023395837, "osm_type": "node", "name": null, "highway": null, "place": "village", "dynamic_risk": 0.15806710720062256, "risk_category": "LOW", "priority": "LOW" }, "geometry": { "type": "Point", "coordinates": [ 92.4707349, 26.0858095 ] } },
{ "type": "Feature", "properties": { "osm_id": 10023395885, "osm_type": "node", "name": null, "highway": null, "place": "village", "dynamic_risk": 0.26766297221183777, "risk_category": "MODERATE", "priority": "LOW" }, "geometry": { "type": "Point", "coordinates": [ 92.3886436, 26.0646091 ] } },
{ "type": "Feature", "properties": { "osm_id": 10023395886, "osm_type": "node", "name": null, "highway": null, "place": "village", "dynamic_risk": 0.09512694925069809, "risk_category": "LOW", "priority": "LOW" }, "geometry": { "type": "Point", "coordinates": [ 92.3091215, 26.0107798 ] } },
{ "type": "Feature", "properties": { "osm_id": 10023395887, "osm_type": "node", "name": null, "highway": null, "place": "village", "dynamic_risk": 0.39032387733459473, "risk_category": "ELEVATED", "priority": "MODERATE" }, "geometry": { "type": "Point", "coordinates": [ 92.3231548, 26.0053994 ] } },
{ "type": "Feature", "properties": { "osm_id": 10044448578, "osm_type": "node", "name": null, "highway": null, "place": "village", "dynamic_risk": 0.018427144736051559, "risk_category": "LOW", "priority": "LOW" }, "geometry": { "type": "Point", "coordinates": [ 90.180156, 25.2253775 ] } },
{ "type": "Feature", "properties": { "osm_id": 10044448579, "osm_type": "node", "name": null, "highway": null, "place": "village", "dynamic_risk": 0.044945001602172852, "risk_category": "LOW", "priority": "LOW" }, "geometry": { "type": "Point", "coordinates": [ 90.1737036, 25.2305193 ] } },
{ "type": "Feature", "properties": { "osm_id": 10044448580, "osm_type": "node", "name": null, "highway": null, "place": "village", "dynamic_risk": 0.009068571962416172, "risk_category": "LOW", "priority": "LOW" }, "geometry": { "type": "Point", "coordinates": [ 90.1860406, 25.22963 ] } },
{ "type": "Feature", "properties": { "osm_id": 10056132175, "osm_type": "node", "name": null, "highway": null, "place": "village", "dynamic_risk": 0.015440000221133232, "risk_category": "LOW", "priority": "LOW" }, "geometry": { "type": "Point", "coordinates": [ 90.1452508, 25.2055218 ] } },
{ "type": "Feature", "properties": { "osm_id": 10570216797, "osm_type": "node", "name": "Meiong", "highway": null, "place": "hamlet", "dynamic_risk": 0.21766132116317749, "risk_category": "MODERATE", "priority": "LOW" }, "geometry": { "type": "Point", "coordinates": [ 91.8319426, 25.3002473 ] } },
{ "type": "Feature", "properties": { "osm_id": 10570230615, "osm_type": "node", "name": "Lyngshing", "highway": null, "place": "hamlet", "dynamic_risk": 0.60116451978683472, "risk_category": "HIGH", "priority": "HIGH" }, "geometry": { "type": "Point", "coordinates": [ 91.9894068, 25.3893306 ] } },
{ "type": "Feature", "properties": { "osm_id": 10570239687, "osm_type": "node", "name": "Umpdem", "highway": null, "place": "hamlet", "dynamic_risk": 0.3757762610912323, "risk_category": "ELEVATED", "priority": "MODERATE" }, "geometry": { "type": "Point", "coordinates": [ 91.9198721, 25.40372 ] } },
{ "type": "Feature", "properties": { "osm_id": 10570246159, "osm_type": "node", "name": "Shanghang", "highway": null, "place": "hamlet", "dynamic_risk": 0.20050005614757538, "risk_category": "MODERATE", "priority": "LOW" }, "geometry": { "type": "Point", "coordinates": [ 92.0919473, 25.4219623 ] } },
{ "type": "Feature", "properties": { "osm_id": 10570246901, "osm_type": "node", "name": "Mawlam", "highway": null, "place": "hamlet", "dynamic_risk": 0.064425922930240631, "risk_category": "LOW", "priority": "LOW" }, "geometry": { "type": "Point", "coordinates": [ 91.8315729, 25.2512614 ] } },
{ "type": "Feature", "properties": { "osm_id": 10570246902, "osm_type": "node", "name": "Khwad", "highway": null, "place": "hamlet", "dynamic_risk": 0.17128151655197144, "risk_category": "LOW", "priority": "LOW" }, "geometry": { "type": "Point", "coordinates": [ 91.9715994, 25.3888379 ] } },
{ "type": "Feature", "properties": { "osm_id": 10570248059, "osm_type": "node", "name": "Mawlyngngot", "highway": null, "place": "hamlet", "dynamic_risk": 0.48492324352264404, "risk_category": "ELEVATED", "priority": "MODERATE" }, "geometry": { "type": "Point", "coordinates": [ 91.9384518, 25.4065659 ] } },
{ "type": "Feature", "properties": { "osm_id": 10570248060, "osm_type": "node", "name": "Pynthorlangtein", "highway": null, "place": "hamlet", "dynamic_risk": 0.050855834037065506, "risk_category": "LOW", "priority": "LOW" }, "geometry": { "type": "Point", "coordinates": [ 92.1554941, 25.4175959 ] } },
{ "type": "Feature", "properties": { "osm_id": 10570248227, "osm_type": "node", "name": "Mawdatap", "highway": null, "place": "hamlet", "dynamic_risk": 0.14971150457859039, "risk_category": "LOW", "priority": "LOW" }, "geometry": { "type": "Point", "coordinates": [ 92.0846868, 25.3583507 ] } },
{ "type": "Feature", "properties": { "osm_id": 10570248754, "osm_type": "node", "name": "Laitsophie", "highway": null, "place": "village", "dynamic_risk": 0.30656656622886658, "risk_category": "MODERATE", "priority": "LOW" }, "geometry": { "type": "Point", "coordinates": [ 91.9098534, 25.3073054 ] } },
{ "type": "Feature", "properties": { "osm_id": 10570249434, "osm_type": "node", "name": "Sohmynting", "highway": null, "place": "village", "dynamic_risk": 0.22066958248615265, "risk_category": "MODERATE", "priority": "LOW" }, "geometry": { "type": "Point", "coordinates": [ 92.1399929, 25.4425522 ] } },
{ "type": "Feature", "properties": { "osm_id": 10570249800, "osm_type": "node", "name": "Kongthong", "highway": null, "place": "village", "dynamic_risk": 0.46608078479766846, "risk_category": "ELEVATED", "priority": "MODERATE" }, "geometry": { "type": "Point", "coordinates": [ 91.822014, 25.3289691 ] } },
{ "type": "Feature", "properties": { "osm_id": 10570249801, "osm_type": "node", "name": "Kliehtryshi", "highway": null, "place": "village", "dynamic_risk": 0.10633477568626404, "risk_category": "LOW", "priority": "LOW" }, "geometry": { "type": "Point", "coordinates": [ 92.1867949, 25.4832939 ] } },
{ "type": "Feature", "properties": { "osm_id": 10570251658, "osm_type": "node", "name": "Rangphlang", "highway": null, "place": "hamlet", "dynamic_risk": 0.59376072883605957, "risk_category": "HIGH", "priority": "HIGH" }, "geometry": { "type": "Point", "coordinates": [ 91.9038773, 25.4264385 ] } },
{ "type": "Feature", "properties": { "osm_id": 10570251660, "osm_type": "node", "name": "Wahkhen", "highway": null, "place": "hamlet", "dynamic_risk": 0.13227188587188721, "risk_category": "LOW", "priority": "LOW" }, "geometry": { "type": "Point", "coordinates": [ 91.850201, 25.3467351 ] } },
{ "type": "Feature", "properties": { "osm_id": 10570253258, "osm_type": "node", "name": "Sder", "highway": null, "place": "hamlet", "dynamic_risk": 0.33586683869361877, "risk_category": "MODERATE", "priority": "LOW" }, "geometry": { "type": "Point", "coordinates": [ 91.8275078, 25.2845223 ] } },
{ "type": "Feature", "properties": { "osm_id": 10570253259, "osm_type": "node", "name": "Mawmang", "highway": null, "place": "hamlet", "dynamic_risk": 0.22303144633769989, "risk_category": "MODERATE", "priority": "LOW" }, "geometry": { "type": "Point", "coordinates": [ 91.8247152, 25.3152114 ] } },
{ "type": "Feature", "properties": { "osm_id": 10570254229, "osm_type": "node", "name": "Jatah", "highway": null, "place": "hamlet", "dynamic_risk": 0.21695201098918915, "risk_category": "MODERATE", "priority": "LOW" }, "geometry": { "type": "Point", "coordinates": [ 92.0496538, 25.4091282 ] } },
{ "type": "Feature", "properties": { "osm_id": 10570254230, "osm_type": "node", "name": "Nongkwai", "highway": null, "place": "hamlet", "dynamic_risk": 0.14360235631465912, "risk_category": "LOW", "priority": "LOW" }, "geometry": { "type": "Point", "coordinates": [ 91.9765093, 25.3129615 ] } },
{ "type": "Feature", "properties": { "osm_id": 10570254316, "osm_type": "node", "name": "Ryngngi", "highway": null, "place": "hamlet", "dynamic_risk": 0.60677474737167358, "risk_category": "HIGH", "priority": "HIGH" }, "geometry": { "type": "Point", "coordinates": [ 91.9522444, 25.3815547 ] } },
{ "type": "Feature", "properties": { "osm_id": 10709921605, "osm_type": "node", "name": "Mawpun Kyrtiang", "highway": null, "place": "village", "dynamic_risk": 0.051801785826683044, "risk_category": "LOW", "priority": "LOW" }, "geometry": { "type": "Point", "coordinates": [ 91.7333449, 25.2645133 ] } },
{ "type": "Feature", "properties": { "osm_id": 10709921608, "osm_type": "node", "name": "Kutmadan", "highway": null, "place": "village", "dynamic_risk": 0.15208625793457031, "risk_category": "LOW", "priority": "LOW" }, "geometry": { "type": "Point", "coordinates": [ 91.7532706, 25.2522136 ] } },
{ "type": "Feature", "properties": { "osm_id": 10709921609, "osm_type": "node", "name": "Suktia", "highway": null, "place": "village", "dynamic_risk": 0.057569790631532669, "risk_category": "LOW", "priority": "LOW" }, "geometry": { "type": "Point", "coordinates": [ 91.7975728, 25.2244649 ] } },
{ "type": "Feature", "properties": { "osm_id": 10725655724, "osm_type": "node", "name": "Bholaganj", "highway": null, "place": "village", "dynamic_risk": 0.046644262969493866, "risk_category": "LOW", "priority": "LOW" }, "geometry": { "type": "Point", "coordinates": [ 91.7416046, 25.1600965 ] } },
{ "type": "Feature", "properties": { "osm_id": 10725655725, "osm_type": "node", "name": "Chaklabasti", "highway": null, "place": "village", "dynamic_risk": 0.0039964285679161549, "risk_category": "LOW", "priority": "LOW" }, "geometry": { "type": "Point", "coordinates": [ 91.7374267, 25.1528369 ] } },
{ "type": "Feature", "properties": { "osm_id": 10725655726, "osm_type": "node", "name": "Nayabasti", "highway": null, "place": "village", "dynamic_risk": 0.016650594770908356, "risk_category": "LOW", "priority": "LOW" }, "geometry": { "type": "Point", "coordinates": [ 91.7421247, 25.1554171 ] } },
{ "type": "Feature", "properties": { "osm_id": 10725655727, "osm_type": "node", "name": "Majai", "highway": null, "place": "village", "dynamic_risk": 0.016536906361579895, "risk_category": "LOW", "priority": "LOW" }, "geometry": { "type": "Point", "coordinates": [ 91.7429642, 25.1642072 ] } },
{ "type": "Feature", "properties": { "osm_id": 10725655745, "osm_type": "node", "name": "Lad Sohbar", "highway": null, "place": "hamlet", "dynamic_risk": 0.45840927958488464, "risk_category": "ELEVATED", "priority": "MODERATE" }, "geometry": { "type": "Point", "coordinates": [ 91.7432165, 25.2091981 ] } },
{ "type": "Feature", "properties": { "osm_id": 10725655747, "osm_type": "node", "name": "Lad Ryngud", "highway": null, "place": "village", "dynamic_risk": 0.42491012811660767, "risk_category": "ELEVATED", "priority": "MODERATE" }, "geometry": { "type": "Point", "coordinates": [ 91.7428889, 25.2219054 ] } },
{ "type": "Feature", "properties": { "osm_id": 10725655748, "osm_type": "node", "name": "Mawblang", "highway": null, "place": "hamlet", "dynamic_risk": 0.22498837113380432, "risk_category": "MODERATE", "priority": "LOW" }, "geometry": { "type": "Point", "coordinates": [ 91.7324227, 25.2368023 ] } },
{ "type": "Feature", "properties": { "osm_id": 10725655749, "osm_type": "node", "name": "Nongthymmai", "highway": null, "place": "village", "dynamic_risk": 0.10180086642503738, "risk_category": "LOW", "priority": "LOW" }, "geometry": { "type": "Point", "coordinates": [ 91.733151, 25.2492119 ] } },
{ "type": "Feature", "properties": { "osm_id": 10725662331, "osm_type": "node", "name": "Nohkalikai", "highway": null, "place": "village", "dynamic_risk": 0.27358546853065491, "risk_category": "MODERATE", "priority": "LOW" }, "geometry": { "type": "Point", "coordinates": [ 91.7155406, 25.2836679 ] } },
{ "type": "Feature", "properties": { "osm_id": 11162914661, "osm_type": "node", "name": "Dalimbari", "highway": null, "place": "village", "dynamic_risk": null, "risk_category": "NO DATA", "priority": "NO DATA" }, "geometry": { "type": "Point", "coordinates": [ 92.5037093, 26.1485227 ] } },
{ "type": "Feature", "properties": { "osm_id": 11763920596, "osm_type": "node", "name": "Emangre", "highway": null, "place": "village", "dynamic_risk": 0.054319940507411957, "risk_category": "LOW", "priority": "LOW" }, "geometry": { "type": "Point", "coordinates": [ 90.5712642, 25.3334542 ] } },
{ "type": "Feature", "properties": { "osm_id": 12036551525, "osm_type": "node", "name": "Deoli", "highway": null, "place": "hamlet", "dynamic_risk": null, "risk_category": "NO DATA", "priority": "NO DATA" }, "geometry": { "type": "Point", "coordinates": [ 90.5117655, 26.0674232 ] } },
{ "type": "Feature", "properties": { "osm_id": 12036551526, "osm_type": "node", "name": "Deoli", "highway": null, "place": "hamlet", "dynamic_risk": null, "risk_category": "NO DATA", "priority": "NO DATA" }, "geometry": { "type": "Point", "coordinates": [ 90.5136108, 26.0742848 ] } },
{ "type": "Feature", "properties": { "osm_id": 12036551527, "osm_type": "node", "name": "Baikunthapur", "highway": null, "place": "hamlet", "dynamic_risk": null, "risk_category": "NO DATA", "priority": "NO DATA" }, "geometry": { "type": "Point", "coordinates": [ 90.5207348, 26.0835937 ] } },
{ "type": "Feature", "properties": { "osm_id": 12149855615, "osm_type": "node", "name": "Tumpreng", "highway": null, "place": "hamlet", "dynamic_risk": 0.03767143189907074, "risk_category": "LOW", "priority": "LOW" }, "geometry": { "type": "Point", "coordinates": [ 92.7526974, 26.0050714 ] } },
{ "type": "Feature", "properties": { "osm_id": 12149855639, "osm_type": "node", "name": "Donka Molām", "highway": null, "place": "village", "dynamic_risk": 0.12498961389064789, "risk_category": "LOW", "priority": "LOW" }, "geometry": { "type": "Point", "coordinates": [ 92.7000832, 25.9335112 ] } },
{ "type": "Feature", "properties": { "osm_id": 12184848896, "osm_type": "node", "name": "Boro Langlai", "highway": null, "place": "hamlet", "dynamic_risk": 0.13213400542736053, "risk_category": "LOW", "priority": "LOW" }, "geometry": { "type": "Point", "coordinates": [ 92.7333855, 25.4725102 ] } },
{ "type": "Feature", "properties": { "osm_id": 12184848898, "osm_type": "node", "name": "Kurungthar", "highway": null, "place": "hamlet", "dynamic_risk": 0.066286921501159668, "risk_category": "LOW", "priority": "LOW" }, "geometry": { "type": "Point", "coordinates": [ 92.7666235, 25.4758228 ] } },
{ "type": "Feature", "properties": { "osm_id": 12184848899, "osm_type": "node", "name": "Thāosenpur", "highway": null, "place": "hamlet", "dynamic_risk": 0.12899301946163177, "risk_category": "LOW", "priority": "LOW" }, "geometry": { "type": "Point", "coordinates": [ 92.7873301, 25.4750867 ] } },
{ "type": "Feature", "properties": { "osm_id": 12184848900, "osm_type": "node", "name": "Khunti", "highway": null, "place": "hamlet", "dynamic_risk": 0.17489464581012726, "risk_category": "LOW", "priority": "LOW" }, "geometry": { "type": "Point", "coordinates": [ 92.7859998, 25.4956961 ] } },
{ "type": "Feature", "properties": { "osm_id": 12184851609, "osm_type": "node", "name": "Langchiru", "highway": null, "place": "hamlet", "dynamic_risk": 0.060538377612829208, "risk_category": "LOW", "priority": "LOW" }, "geometry": { "type": "Point", "coordinates": [ 92.7632761, 25.5035399 ] } },
{ "type": "Feature", "properties": { "osm_id": 12184851610, "osm_type": "node", "name": "Umrāngso", "highway": null, "place": "hamlet", "dynamic_risk": 0.042753461748361588, "risk_category": "LOW", "priority": "LOW" }, "geometry": { "type": "Point", "coordinates": [ 92.7522468, 25.5037529 ] } },
{ "type": "Feature", "properties": { "osm_id": 12184851611, "osm_type": "node", "name": "Umrāngso (16km)", "highway": null, "place": "hamlet", "dynamic_risk": 0.11608285456895828, "risk_category": "LOW", "priority": "LOW" }, "geometry": { "type": "Point", "coordinates": [ 92.7632975, 25.5136683 ] } },
{ "type": "Feature", "properties": { "osm_id": 12184851612, "osm_type": "node", "name": "Umrāngso", "highway": null, "place": "hamlet", "dynamic_risk": 0.14746607840061188, "risk_category": "LOW", "priority": "LOW" }, "geometry": { "type": "Point", "coordinates": [ 92.7814936, 25.5400214 ] } },
{ "type": "Feature", "properties": { "osm_id": 12184851613, "osm_type": "node", "name": "Umrāngshu", "highway": null, "place": "hamlet", "dynamic_risk": 0.057661231607198715, "risk_category": "LOW", "priority": "LOW" }, "geometry": { "type": "Point", "coordinates": [ 92.7691984, 25.5451907 ] } },
{ "type": "Feature", "properties": { "osm_id": 12184851614, "osm_type": "node", "name": "Umrāngshu", "highway": null, "place": "hamlet", "dynamic_risk": 0.078587889671325684, "risk_category": "LOW", "priority": "LOW" }, "geometry": { "type": "Point", "coordinates": [ 92.7689409, 25.5382208 ] } },
{ "type": "Feature", "properties": { "osm_id": 12186828455, "osm_type": "node", "name": "Bangphiri", "highway": null, "place": "hamlet", "dynamic_risk": 0.048964902758598328, "risk_category": "LOW", "priority": "LOW" }, "geometry": { "type": "Point", "coordinates": [ 92.7994323, 25.4403875 ] } },
{ "type": "Feature", "properties": { "osm_id": 12186828457, "osm_type": "node", "name": "New Sangbar", "highway": null, "place": "hamlet", "dynamic_risk": 0.094234518706798553, "risk_category": "LOW", "priority": "LOW" }, "geometry": { "type": "Point", "coordinates": [ 92.7925443, 25.4134965 ] } },
{ "type": "Feature", "properties": { "osm_id": 12187253911, "osm_type": "node", "name": "Khunti", "highway": null, "place": "hamlet", "dynamic_risk": 0.13334879279136658, "risk_category": "LOW", "priority": "LOW" }, "geometry": { "type": "Point", "coordinates": [ 92.7771377, 25.4125589 ] } },
{ "type": "Feature", "properties": { "osm_id": 12187253912, "osm_type": "node", "name": "Sangbār block", "highway": null, "place": "hamlet", "dynamic_risk": 0.091432057321071625, "risk_category": "LOW", "priority": "LOW" }, "geometry": { "type": "Point", "coordinates": [ 92.7955699, 25.403178 ] } },
{ "type": "Feature", "properties": { "osm_id": 12188790698, "osm_type": "node", "name": "Khorungma", "highway": null, "place": "hamlet", "dynamic_risk": 0.044303294271230698, "risk_category": "LOW", "priority": "LOW" }, "geometry": { "type": "Point", "coordinates": [ 92.7455306, 25.43128 ] } },
{ "type": "Feature", "properties": { "osm_id": 12188790699, "osm_type": "node", "name": "Khrongma", "highway": null, "place": "hamlet", "dynamic_risk": 0.35049116611480713, "risk_category": "ELEVATED", "priority": "MODERATE" }, "geometry": { "type": "Point", "coordinates": [ 92.7387071, 25.433959 ] } },
{ "type": "Feature", "properties": { "osm_id": 12188790700, "osm_type": "node", "name": "Merpung", "highway": null, "place": "hamlet", "dynamic_risk": 0.13519492745399475, "risk_category": "LOW", "priority": "LOW" }, "geometry": { "type": "Point", "coordinates": [ 92.7414, 25.4363279 ] } },
{ "type": "Feature", "properties": { "osm_id": 12188828671, "osm_type": "node", "name": "Chota Lobāng", "highway": null, "place": "hamlet", "dynamic_risk": 0.049383934587240219, "risk_category": "LOW", "priority": "LOW" }, "geometry": { "type": "Point", "coordinates": [ 92.6701712, 25.4380622 ] } },
{ "type": "Feature", "properties": { "osm_id": 12188828672, "osm_type": "node", "name": "Lobāng", "highway": null, "place": "hamlet", "dynamic_risk": 0.059569228440523148, "risk_category": "LOW", "priority": "LOW" }, "geometry": { "type": "Point", "coordinates": [ 92.6945686, 25.4447666 ] } },
{ "type": "Feature", "properties": { "osm_id": 12188885949, "osm_type": "node", "name": "Garampāni", "highway": null, "place": "hamlet", "dynamic_risk": 0.10323840379714966, "risk_category": "LOW", "priority": "LOW" }, "geometry": { "type": "Point", "coordinates": [ 92.634294, 25.5320638 ] } },
{ "type": "Feature", "properties": { "osm_id": 12188885950, "osm_type": "node", "name": "Neepco Colony", "highway": null, "place": "hamlet", "dynamic_risk": 0.14048022031784058, "risk_category": "LOW", "priority": "LOW" }, "geometry": { "type": "Point", "coordinates": [ 92.638489, 25.5292175 ] } },
{ "type": "Feature", "properties": { "osm_id": 12188885951, "osm_type": "node", "name": "Phonglangso", "highway": null, "place": "hamlet", "dynamic_risk": 0.12996266782283783, "risk_category": "LOW", "priority": "LOW" }, "geometry": { "type": "Point", "coordinates": [ 92.6513958, 25.505922 ] } },
{ "type": "Feature", "properties": { "osm_id": 12188885952, "osm_type": "node", "name": "Khandong", "highway": null, "place": "hamlet", "dynamic_risk": 0.052725151181221008, "risk_category": "LOW", "priority": "LOW" }, "geometry": { "type": "Point", "coordinates": [ 92.6684975, 25.5141718 ] } },
{ "type": "Feature", "properties": { "osm_id": 12188888738, "osm_type": "node", "name": "Tlanghoi", "highway": null, "place": "hamlet", "dynamic_risk": 0.065724007785320282, "risk_category": "LOW", "priority": "LOW" }, "geometry": { "type": "Point", "coordinates": [ 92.7403861, 25.4062356 ] } },
{ "type": "Feature", "properties": { "osm_id": 12195541209, "osm_type": "node", "name": "Latyrke", "highway": null, "place": "hamlet", "dynamic_risk": 0.07323252409696579, "risk_category": "LOW", "priority": "LOW" }, "geometry": { "type": "Point", "coordinates": [ 92.4591994, 25.3420092 ] } },
{ "type": "Feature", "properties": { "osm_id": 12195541210, "osm_type": "node", "name": "Shnongrim", "highway": null, "place": "hamlet", "dynamic_risk": 0.13945215940475464, "risk_category": "LOW", "priority": "LOW" }, "geometry": { "type": "Point", "coordinates": [ 92.5187015, 25.3504254 ] } },
{ "type": "Feature", "properties": { "osm_id": 12195541211, "osm_type": "node", "name": "Molasngi", "highway": null, "place": "hamlet", "dynamic_risk": 0.12572509050369263, "risk_category": "LOW", "priority": "LOW" }, "geometry": { "type": "Point", "coordinates": [ 92.5355029, 25.3663641 ] } },
{ "type": "Feature", "properties": { "osm_id": 12195541213, "osm_type": "node", "name": "Lāmarsiāng", "highway": null, "place": "hamlet", "dynamic_risk": 0.062582649290561676, "risk_category": "LOW", "priority": "LOW" }, "geometry": { "type": "Point", "coordinates": [ 92.4867082, 25.3601401 ] } },
{ "type": "Feature", "properties": { "osm_id": 12195541214, "osm_type": "node", "name": "Lāmarsiāng", "highway": null, "place": "hamlet", "dynamic_risk": 0.095437891781330109, "risk_category": "LOW", "priority": "LOW" }, "geometry": { "type": "Point", "coordinates": [ 92.4848521, 25.3573673 ] } },
{ "type": "Feature", "properties": { "osm_id": 12216958362, "osm_type": "node", "name": "Saidingbasti", "highway": null, "place": "hamlet", "dynamic_risk": 0.099387489259243011, "risk_category": "LOW", "priority": "LOW" }, "geometry": { "type": "Point", "coordinates": [ 92.7993035, 25.0969671 ] } },
{ "type": "Feature", "properties": { "osm_id": 12216958365, "osm_type": "node", "name": "Disāma", "highway": null, "place": "hamlet", "dynamic_risk": 0.030027281492948532, "risk_category": "LOW", "priority": "LOW" }, "geometry": { "type": "Point", "coordinates": [ 92.7485776, 25.0700413 ] } },
{ "type": "Feature", "properties": { "osm_id": 12216958366, "osm_type": "node", "name": "Disāma", "highway": null, "place": "hamlet", "dynamic_risk": 0.090656191110610962, "risk_category": "LOW", "priority": "LOW" }, "geometry": { "type": "Point", "coordinates": [ 92.7461958, 25.0733356 ] } },
{ "type": "Feature", "properties": { "osm_id": 12216958367, "osm_type": "node", "name": "New Nachangjāl", "highway": null, "place": "hamlet", "dynamic_risk": 0.030929068103432655, "risk_category": "LOW", "priority": "LOW" }, "geometry": { "type": "Point", "coordinates": [ 92.754634, 25.0818579 ] } },
{ "type": "Feature", "properties": { "osm_id": 12216958368, "osm_type": "node", "name": "New Zoār", "highway": null, "place": "hamlet", "dynamic_risk": 0.02915525808930397, "risk_category": "LOW", "priority": "LOW" }, "geometry": { "type": "Point", "coordinates": [ 92.7595854, 25.0811485 ] } },
{ "type": "Feature", "properties": { "osm_id": 12216958371, "osm_type": "node", "name": "Kayāng", "highway": null, "place": "hamlet", "dynamic_risk": 0.037693452090024948, "risk_category": "LOW", "priority": "LOW" }, "geometry": { "type": "Point", "coordinates": [ 92.7960312, 25.0910208 ] } },
{ "type": "Feature", "properties": { "osm_id": 12216958372, "osm_type": "node", "name": "Zoār", "highway": null, "place": "hamlet", "dynamic_risk": 0.029545679688453674, "risk_category": "LOW", "priority": "LOW" }, "geometry": { "type": "Point", "coordinates": [ 92.7748418, 25.0836264 ] } },
{ "type": "Feature", "properties": { "osm_id": 12216958373, "osm_type": "node", "name": "Sāisi", "highway": null, "place": "hamlet", "dynamic_risk": 0.033379960805177689, "risk_category": "LOW", "priority": "LOW" }, "geometry": { "type": "Point", "coordinates": [ 92.7820462, 25.0861625 ] } },
{ "type": "Feature", "properties": { "osm_id": 12216959852, "osm_type": "node", "name": "Kayāng", "highway": null, "place": "hamlet", "dynamic_risk": 0.1106211245059967, "risk_category": "LOW", "priority": "LOW" }, "geometry": { "type": "Point", "coordinates": [ 92.796396, 25.0843649 ] } },
{ "type": "Feature", "properties": { "osm_id": 12216959854, "osm_type": "node", "name": "Paschim Bāndarkhāl", "highway": null, "place": "hamlet", "dynamic_risk": 0.25306537747383118, "risk_category": "MODERATE", "priority": "LOW" }, "geometry": { "type": "Point", "coordinates": [ 92.7979141, 25.0595987 ] } },
{ "type": "Feature", "properties": { "osm_id": 12216959855, "osm_type": "node", "name": "Bāndarkhāl", "highway": null, "place": "hamlet", "dynamic_risk": 0.079688489437103271, "risk_category": "LOW", "priority": "LOW" }, "geometry": { "type": "Point", "coordinates": [ 92.7991533, 25.0557646 ] } },
{ "type": "Feature", "properties": { "osm_id": 12216959857, "osm_type": "node", "name": "Dālung Basti", "highway": null, "place": "hamlet", "dynamic_risk": 0.37069696187973022, "risk_category": "ELEVATED", "priority": "MODERATE" }, "geometry": { "type": "Point", "coordinates": [ 92.7812737, 25.0443051 ] } },
{ "type": "Feature", "properties": { "osm_id": 12216959858, "osm_type": "node", "name": "Durbintola", "highway": null, "place": "hamlet", "dynamic_risk": 0.46575644612312317, "risk_category": "ELEVATED", "priority": "MODERATE" }, "geometry": { "type": "Point", "coordinates": [ 92.7776957, 25.0297775 ] } },
{ "type": "Feature", "properties": { "osm_id": 12216959859, "osm_type": "node", "name": "Durgāchhara", "highway": null, "place": "hamlet", "dynamic_risk": 0.24643205106258392, "risk_category": "MODERATE", "priority": "LOW" }, "geometry": { "type": "Point", "coordinates": [ 92.7706468, 25.0246251 ] } },
{ "type": "Feature", "properties": { "osm_id": 12216959860, "osm_type": "node", "name": "Tibong", "highway": null, "place": "hamlet", "dynamic_risk": 0.19546085596084595, "risk_category": "LOW", "priority": "LOW" }, "geometry": { "type": "Point", "coordinates": [ 92.7537757, 25.0094827 ] } },
{ "type": "Feature", "properties": { "osm_id": 12216959861, "osm_type": "node", "name": "New Jātinga", "highway": null, "place": "hamlet", "dynamic_risk": 0.013376488350331783, "risk_category": "LOW", "priority": "LOW" }, "geometry": { "type": "Point", "coordinates": [ 92.741062, 25.002832 ] } },
{ "type": "Feature", "properties": { "osm_id": 12243694657, "osm_type": "node", "name": "Tolegre", "highway": null, "place": "village", "dynamic_risk": 0.10248372703790665, "risk_category": "LOW", "priority": "LOW" }, "geometry": { "type": "Point", "coordinates": [ 90.6035731, 25.3846287 ] } },
{ "type": "Feature", "properties": { "osm_id": 12279692850, "osm_type": "node", "name": "Miklipārā", "highway": null, "place": "hamlet", "dynamic_risk": 0.42598837614059448, "risk_category": "ELEVATED", "priority": "MODERATE" }, "geometry": { "type": "Point", "coordinates": [ 92.4271159, 25.0455124 ] } },
{ "type": "Feature", "properties": { "osm_id": 12279692856, "osm_type": "node", "name": "Craigpark", "highway": null, "place": "hamlet", "dynamic_risk": null, "risk_category": "NO DATA", "priority": "NO DATA" }, "geometry": { "type": "Point", "coordinates": [ 92.5333382, 25.0000019 ] } },
{ "type": "Feature", "properties": { "osm_id": 12375834698, "osm_type": "node", "name": "Tibong Cherra", "highway": null, "place": "village", "dynamic_risk": 0.24596244096755981, "risk_category": "MODERATE", "priority": "LOW" }, "geometry": { "type": "Point", "coordinates": [ 92.7442843, 25.005913 ] } },
{ "type": "Feature", "properties": { "osm_id": 12450410523, "osm_type": "node", "name": "Mawtangor", "highway": null, "place": "village", "dynamic_risk": 0.14201857149600983, "risk_category": "LOW", "priority": "LOW" }, "geometry": { "type": "Point", "coordinates": [ 91.5770961, 25.392168 ] } },
{ "type": "Feature", "properties": { "osm_id": 12450458134, "osm_type": "node", "name": "Mawsdei Village", "highway": null, "place": "village", "dynamic_risk": 0.59121561050415039, "risk_category": "HIGH", "priority": "HIGH" }, "geometry": { "type": "Point", "coordinates": [ 91.5434438, 25.4043572 ] } },
{ "type": "Feature", "properties": { "osm_id": 12462561138, "osm_type": "node", "name": "Umwai", "highway": null, "place": "hamlet", "dynamic_risk": 0.3810705840587616, "risk_category": "ELEVATED", "priority": "MODERATE" }, "geometry": { "type": "Point", "coordinates": [ 91.6975025, 25.2286259 ] } },
{ "type": "Feature", "properties": { "osm_id": 12462563220, "osm_type": "node", "name": "Pombut", "highway": null, "place": "village", "dynamic_risk": 0.40228506922721863, "risk_category": "ELEVATED", "priority": "MODERATE" }, "geometry": { "type": "Point", "coordinates": [ 91.8058757, 25.4903889 ] } },
{ "type": "Feature", "properties": { "osm_id": 12465317247, "osm_type": "node", "name": "Umsaw Myllium", "highway": null, "place": "village", "dynamic_risk": 0.30937650799751282, "risk_category": "MODERATE", "priority": "LOW" }, "geometry": { "type": "Point", "coordinates": [ 91.8565175, 25.5069936 ] } },
{ "type": "Feature", "properties": { "osm_id": 12875788253, "osm_type": "node", "name": "Jemānāi", "highway": null, "place": "hamlet", "dynamic_risk": null, "risk_category": "NO DATA", "priority": "NO DATA" }, "geometry": { "type": "Point", "coordinates": [ 92.0242202, 25.972581 ] } },
{ "type": "Feature", "properties": { "osm_id": 12875788254, "osm_type": "node", "name": "Bleshāh", "highway": null, "place": "hamlet", "dynamic_risk": null, "risk_category": "NO DATA", "priority": "NO DATA" }, "geometry": { "type": "Point", "coordinates": [ 92.0084596, 25.981165 ] } },
{ "type": "Feature", "properties": { "osm_id": 12875788255, "osm_type": "node", "name": "Bleshāh", "highway": null, "place": "hamlet", "dynamic_risk": null, "risk_category": "NO DATA", "priority": "NO DATA" }, "geometry": { "type": "Point", "coordinates": [ 92.0068073, 25.9803741 ] } },
{ "type": "Feature", "properties": { "osm_id": 12875788256, "osm_type": "node", "name": "Umden", "highway": null, "place": "village", "dynamic_risk": null, "risk_category": "NO DATA", "priority": "NO DATA" }, "geometry": { "type": "Point", "coordinates": [ 91.9904136, 25.9640253 ] } },
{ "type": "Feature", "properties": { "osm_id": 12875788257, "osm_type": "node", "name": "Nepāli Khunti", "highway": null, "place": "hamlet", "dynamic_risk": null, "risk_category": "NO DATA", "priority": "NO DATA" }, "geometry": { "type": "Point", "coordinates": [ 92.0346808, 25.9474524 ] } },
{ "type": "Feature", "properties": { "osm_id": 12875788258, "osm_type": "node", "name": "Māwlong", "highway": null, "place": "hamlet", "dynamic_risk": null, "risk_category": "NO DATA", "priority": "NO DATA" }, "geometry": { "type": "Point", "coordinates": [ 92.0373845, 25.9524496 ] } },
{ "type": "Feature", "properties": { "osm_id": 12875788259, "osm_type": "node", "name": "Umkon", "highway": null, "place": "hamlet", "dynamic_risk": null, "risk_category": "NO DATA", "priority": "NO DATA" }, "geometry": { "type": "Point", "coordinates": [ 92.0193386, 25.9614788 ] } },
{ "type": "Feature", "properties": { "osm_id": 12875788260, "osm_type": "node", "name": "Sohkhār", "highway": null, "place": "hamlet", "dynamic_risk": null, "risk_category": "NO DATA", "priority": "NO DATA" }, "geometry": { "type": "Point", "coordinates": [ 92.0098972, 25.9607843 ] } },
{ "type": "Feature", "properties": { "osm_id": 13237964698, "osm_type": "node", "name": "Doripara", "highway": null, "place": "village", "dynamic_risk": 0.010359374806284904, "risk_category": "LOW", "priority": "LOW" }, "geometry": { "type": "Point", "coordinates": [ 89.8831422, 25.1667038 ] } },
{ "type": "Feature", "properties": { "osm_id": 13365850282, "osm_type": "node", "name": "চর ভূরুঙ্গামারী", "highway": null, "place": "village", "dynamic_risk": null, "risk_category": "NO DATA", "priority": "NO DATA" }, "geometry": { "type": "Point", "coordinates": [ 89.7233971, 26.1412991 ] } },
{ "type": "Feature", "properties": { "osm_id": 13365850496, "osm_type": "node", "name": "বলদিয়া", "highway": null, "place": "village", "dynamic_risk": null, "risk_category": "NO DATA", "priority": "NO DATA" }, "geometry": { "type": "Point", "coordinates": [ 89.7820762, 26.0715423 ] } },
{ "type": "Feature", "properties": { "osm_id": 13365850526, "osm_type": "node", "name": "বঙ্গসোনাহাট", "highway": null, "place": "village", "dynamic_risk": null, "risk_category": "NO DATA", "priority": "NO DATA" }, "geometry": { "type": "Point", "coordinates": [ 89.7571514, 26.1020545 ] } },
{ "type": "Feature", "properties": { "osm_id": 13371520275, "osm_type": "node", "name": "সাহেবের আলগা", "highway": null, "place": "village", "dynamic_risk": null, "risk_category": "NO DATA", "priority": "NO DATA" }, "geometry": { "type": "Point", "coordinates": [ 89.8154493, 25.6934304 ] } },
{ "type": "Feature", "properties": { "osm_id": 13371520301, "osm_type": "node", "name": "বেগমগঞ্জ", "highway": null, "place": "village", "dynamic_risk": null, "risk_category": "NO DATA", "priority": "NO DATA" }, "geometry": { "type": "Point", "coordinates": [ 89.7137846, 25.7705046 ] } },
{ "type": "Feature", "properties": { "osm_id": 13372445147, "osm_type": "node", "name": "কোদালকাটি", "highway": null, "place": "village", "dynamic_risk": 0.0094687500968575478, "risk_category": "LOW", "priority": "LOW" }, "geometry": { "type": "Point", "coordinates": [ 89.7627587, 25.487012 ] } },
{ "type": "Feature", "properties": { "osm_id": 13372445148, "osm_type": "node", "name": "মোহনগঞ্জ", "highway": null, "place": "village", "dynamic_risk": 0.014061011373996735, "risk_category": "LOW", "priority": "LOW" }, "geometry": { "type": "Point", "coordinates": [ 89.7607979, 25.4051496 ] } },
{ "type": "Feature", "properties": { "osm_id": 13373182917, "osm_type": "node", "name": "চিলমারী ইউনিয়ন", "highway": null, "place": "village", "dynamic_risk": 0.02145238034427166, "risk_category": "LOW", "priority": "LOW" }, "geometry": { "type": "Point", "coordinates": [ 89.7048182, 25.5197996 ] } },
{ "type": "Feature", "properties": { "osm_id": 13373182918, "osm_type": "node", "name": "অষ্টমির চর", "highway": null, "place": "village", "dynamic_risk": 0.027874257415533066, "risk_category": "LOW", "priority": "LOW" }, "geometry": { "type": "Point", "coordinates": [ 89.7717676, 25.5208661 ] } },
{ "type": "Feature", "properties": { "osm_id": 13374994589, "osm_type": "node", "name": "চর শৌলমারী", "highway": null, "place": "village", "dynamic_risk": null, "risk_category": "NO DATA", "priority": "NO DATA" }, "geometry": { "type": "Point", "coordinates": [ 89.8030458, 25.6538377 ] } },
{ "type": "Feature", "properties": { "osm_id": 13375008137, "osm_type": "node", "name": "বন্দবেড়", "highway": null, "place": "village", "dynamic_risk": 0.004399553406983614, "risk_category": "LOW", "priority": "LOW" }, "geometry": { "type": "Point", "coordinates": [ 89.8179093, 25.5878856 ] } },
{ "type": "Feature", "properties": { "osm_id": 13377656514, "osm_type": "node", "name": "পাঁচগাছী", "highway": null, "place": "village", "dynamic_risk": null, "risk_category": "NO DATA", "priority": "NO DATA" }, "geometry": { "type": "Point", "coordinates": [ 89.7076895, 25.8207895 ] } },
{ "type": "Feature", "properties": { "osm_id": 13377656515, "osm_type": "node", "name": "যাত্রাপুর", "highway": null, "place": "village", "dynamic_risk": null, "risk_category": "NO DATA", "priority": "NO DATA" }, "geometry": { "type": "Point", "coordinates": [ 89.7338591, 25.8152264 ] } },
{ "type": "Feature", "properties": { "osm_id": 13379261064, "osm_type": "node", "name": "কেদার", "highway": null, "place": "village", "dynamic_risk": null, "risk_category": "NO DATA", "priority": "NO DATA" }, "geometry": { "type": "Point", "coordinates": [ 89.7869302, 26.0103447 ] } },
{ "type": "Feature", "properties": { "osm_id": 13379540798, "osm_type": "node", "name": "কচাকাটা", "highway": null, "place": "village", "dynamic_risk": null, "risk_category": "NO DATA", "priority": "NO DATA" }, "geometry": { "type": "Point", "coordinates": [ 89.8080654, 25.9985505 ] } },
{ "type": "Feature", "properties": { "osm_id": 13379542200, "osm_type": "node", "name": "নুনখাওয়া", "highway": null, "place": "village", "dynamic_risk": null, "risk_category": "NO DATA", "priority": "NO DATA" }, "geometry": { "type": "Point", "coordinates": [ 89.7449195, 25.8855341 ] } },
{ "type": "Feature", "properties": { "osm_id": 13379542240, "osm_type": "node", "name": "কালীগঞ্জ", "highway": null, "place": "village", "dynamic_risk": null, "risk_category": "NO DATA", "priority": "NO DATA" }, "geometry": { "type": "Point", "coordinates": [ 89.7492094, 25.9174875 ] } },
{ "type": "Feature", "properties": { "osm_id": 13550836663, "osm_type": "node", "name": "Sakwa", "highway": null, "place": "village", "dynamic_risk": 0.071243606507778168, "risk_category": "LOW", "priority": "LOW" }, "geometry": { "type": "Point", "coordinates": [ 92.4590237, 25.2030054 ] } },
{ "type": "Feature", "properties": { "osm_id": 13550983409, "osm_type": "node", "name": "Muallian", "highway": null, "place": "village", "dynamic_risk": 0.13606642186641693, "risk_category": "LOW", "priority": "LOW" }, "geometry": { "type": "Point", "coordinates": [ 92.4918365, 25.1983344 ] } },
{ "type": "Feature", "properties": { "osm_id": 13568394638, "osm_type": "node", "name": "Tlangmoi", "highway": null, "place": "village", "dynamic_risk": 0.02420465461909771, "risk_category": "LOW", "priority": "LOW" }, "geometry": { "type": "Point", "coordinates": [ 92.4888647, 25.2376214 ] } },
{ "type": "Feature", "properties": { "osm_id": 13568394643, "osm_type": "node", "name": "Tangnub", "highway": null, "place": "village", "dynamic_risk": 0.31456223130226135, "risk_category": "MODERATE", "priority": "LOW" }, "geometry": { "type": "Point", "coordinates": [ 92.4998403, 25.3030259 ] } },
{ "type": "Feature", "properties": { "osm_id": 13568394644, "osm_type": "node", "name": "Lelad", "highway": null, "place": "village", "dynamic_risk": 0.071711510419845581, "risk_category": "LOW", "priority": "LOW" }, "geometry": { "type": "Point", "coordinates": [ 92.4955702, 25.3100069 ] } },
{ "type": "Feature", "properties": { "osm_id": 13568394653, "osm_type": "node", "name": "Tongseng", "highway": null, "place": "village", "dynamic_risk": 0.080159887671470642, "risk_category": "LOW", "priority": "LOW" }, "geometry": { "type": "Point", "coordinates": [ 92.5014281, 25.32598 ] } },
{ "type": "Feature", "properties": { "osm_id": 13568394662, "osm_type": "node", "name": "Umlawang", "highway": null, "place": "village", "dynamic_risk": 0.070634670555591583, "risk_category": "LOW", "priority": "LOW" }, "geometry": { "type": "Point", "coordinates": [ 92.4488836, 25.3463483 ] } },
{ "type": "Feature", "properties": { "osm_id": 13572972983, "osm_type": "node", "name": "Thlang Moi", "highway": null, "place": "village", "dynamic_risk": 0.10371267795562744, "risk_category": "LOW", "priority": "LOW" }, "geometry": { "type": "Point", "coordinates": [ 92.4880983, 25.2365167 ] } },
{ "type": "Feature", "properties": { "osm_id": 610725568, "osm_type": "way", "name": "Balijuri Gram", "highway": null, "place": "village", "dynamic_risk": 0.030470209196209908, "risk_category": "LOW", "priority": "LOW" }, "geometry": { "type": "Point", "coordinates": [ 91.2506903, 25.1097174 ] } },
{ "type": "Feature", "properties": { "osm_id": 610725569, "osm_type": "way", "name": "Menjargaon Gram", "highway": null, "place": "village", "dynamic_risk": 0.030555367469787598, "risk_category": "LOW", "priority": "LOW" }, "geometry": { "type": "Point", "coordinates": [ 91.2550801, 25.1087701 ] } },
{ "type": "Feature", "properties": { "osm_id": 610725588, "osm_type": "way", "name": "Ramnogor Gram", "highway": null, "place": "village", "dynamic_risk": 0.020152786746621132, "risk_category": "LOW", "priority": "LOW" }, "geometry": { "type": "Point", "coordinates": [ 91.2626298, 25.0847196 ] } },
{ "type": "Feature", "properties": { "osm_id": 744684110, "osm_type": "way", "name": "Sohryngkham", "highway": null, "place": "village", "dynamic_risk": 0.51474374532699585, "risk_category": "HIGH", "priority": "HIGH" }, "geometry": { "type": "Point", "coordinates": [ 91.9569623, 25.5450451 ] } },
{ "type": "Feature", "properties": { "osm_id": 744688587, "osm_type": "way", "name": "Mawlyngngad", "highway": null, "place": "village", "dynamic_risk": 0.61089110374450684, "risk_category": "HIGH", "priority": "HIGH" }, "geometry": { "type": "Point", "coordinates": [ 91.9275803, 25.5283163 ] } },
{ "type": "Feature", "properties": { "osm_id": 744688588, "osm_type": "way", "name": "Umphyrnai", "highway": null, "place": "village", "dynamic_risk": 0.33322888612747192, "risk_category": "MODERATE", "priority": "LOW" }, "geometry": { "type": "Point", "coordinates": [ 91.9083123, 25.5280534 ] } },
{ "type": "Feature", "properties": { "osm_id": 882027620, "osm_type": "way", "name": "Mirza", "highway": null, "place": "village", "dynamic_risk": null, "risk_category": "NO DATA", "priority": "NO DATA" }, "geometry": { "type": "Point", "coordinates": [ 91.533455, 26.0925111 ] } },
{ "type": "Feature", "properties": { "osm_id": 882027621, "osm_type": "way", "name": "VIP Area", "highway": null, "place": "village", "dynamic_risk": null, "risk_category": "NO DATA", "priority": "NO DATA" }, "geometry": { "type": "Point", "coordinates": [ 91.5992438, 26.0987567 ] } },
{ "type": "Feature", "properties": { "osm_id": 1082600177, "osm_type": "way", "name": "Rasong", "highway": null, "place": "village", "dynamic_risk": 0.6065714955329895, "risk_category": "HIGH", "priority": "HIGH" }, "geometry": { "type": "Point", "coordinates": [ 91.9139479, 25.4409956 ] } },
{ "type": "Feature", "properties": { "osm_id": 1326216261, "osm_type": "way", "name": "Daribokgre", "highway": null, "place": "village", "dynamic_risk": 0.31289339065551758, "risk_category": "MODERATE", "priority": "LOW" }, "geometry": { "type": "Point", "coordinates": [ 90.323029, 25.4903047 ] } }
]
}
